captain_id,week_start,trips,earnings_aed,avg_distance_km,online_hours,earnings_per_hour_aed,acceptance_rate,weeks_tenure,is_first_week,churned
CPT00002,2026-01-20,3,126.0,7.176666666666667,4.4,28.64,0.741,3,0,0
CPT00002,2026-04-14,4,125.62,6.8725,6.7,18.75,0.895,15,0,0
CPT00004,2025-08-12,4,126.21,7.199999999999999,6.4,19.72,0.779,0,1,0
CPT00009,2025-12-09,2,74.3,13.74,5.3,14.02,0.957,1,0,0
CPT00010,2025-12-23,4,109.05,8.7525,4.9,22.26,0.827,4,0,0
CPT00010,2026-05-19,2,45.75,5.35,4.5,10.17,0.857,25,0,0
CPT00011,2026-05-26,4,203.82,11.3425,5.0,40.76,0.575,34,0,0
CPT00013,2026-02-10,6,290.62,11.263333333333334,5.3,54.83,0.724,18,0,1
CPT00014,2026-03-31,4,135.83,8.5775,4.7,28.9,0.977,22,0,0
CPT00015,2026-02-17,3,95.89,6.183333333333334,3.6,26.64,0.901,21,0,0
CPT00018,2025-12-16,1,27.74,9.2,5.8,4.78,0.924,12,0,1
CPT00018,2026-01-06,5,198.35,5.958,6.7,29.6,0.671,15,0,1
CPT00019,2026-06-02,3,97.74,5.41,6.7,14.59,0.813,22,0,0
CPT00020,2025-07-22,3,107.22,10.133333333333333,6.5,16.5,0.731,0,1,0
CPT00021,2025-07-15,5,177.21,7.343999999999999,7.3,24.28,0.784,0,1,0
CPT00022,2025-10-21,4,101.4,7.1825,5.7,17.79,0.858,0,1,0
CPT00024,2025-09-23,4,116.98,8.6675,4.3,27.2,0.91,0,1,0
CPT00024,2025-11-25,3,94.84,10.93,5.1,18.6,0.773,0,1,0
CPT00025,2025-10-21,7,274.21,7.090000000000001,8.7,31.52,0.773,10,0,1
CPT00029,2026-01-06,1,25.98,7.82,3.8,6.84,0.771,3,0,0
CPT00030,2026-03-31,4,137.93,6.6375,5.2,26.52,0.802,10,0,0
CPT00031,2025-09-09,2,67.9,6.96,3.8,17.87,0.919,0,1,0
CPT00032,2025-07-22,3,83.46000000000001,8.216666666666667,4.1,20.36,0.871,0,1,1
CPT00035,2025-10-07,1,33.94,8.14,2.9,11.7,0.847,9,0,0
CPT00038,2026-02-10,1,52.08,5.58,4.9,10.63,0.796,7,0,0
CPT00042,2026-03-31,1,39.13,3.54,4.6,8.51,0.872,29,0,0
CPT00045,2026-04-21,6,283.96000000000004,10.853333333333332,6.4,44.37,0.977,24,0,0
CPT00046,2026-05-05,4,103.13,7.8325,5.4,19.1,0.693,1,0,1
CPT00048,2025-10-14,1,52.46,18.5,4.7,11.16,0.959,0,1,0
CPT00053,2025-08-26,1,20.1,3.34,2.4,8.38,0.89,0,1,0
CPT00053,2026-02-10,3,71.46000000000001,4.046666666666667,5.0,14.29,0.74,9,0,0
CPT00054,2026-01-27,1,131.5,28.59,3.7,35.54,0.641,10,0,0
CPT00055,2025-07-22,1,36.04,8.59,2.7,13.35,0.95,0,1,0
CPT00055,2026-06-02,2,54.98,6.835,2.5,21.99,0.799,21,0,0
CPT00056,2026-02-24,3,97.74,6.753333333333334,5.5,17.77,0.82,24,0,0
CPT00057,2025-09-16,2,101.76,10.32,4.2,24.23,0.716,0,1,0
CPT00058,2025-09-23,1,45.39,17.42,2.4,18.91,0.941,0,1,0
CPT00061,2025-11-18,2,70.82,9.795,5.3,13.36,0.981,11,0,0
CPT00061,2025-12-09,3,111.18,8.216666666666667,4.1,27.12,0.857,14,0,0
CPT00062,2026-02-24,2,49.31,7.81,4.7,10.49,0.747,22,0,0
CPT00063,2025-07-22,2,54.59,3.97,4.7,11.61,0.786,0,1,0
CPT00063,2026-01-20,3,242.37,9.223333333333334,6.6,36.72,0.827,12,0,0
CPT00063,2026-05-05,4,148.79,11.345,3.8,39.16,0.881,27,0,0
CPT00065,2026-04-14,4,172.26999999999998,6.41,5.9,29.2,0.823,37,0,0
CPT00065,2026-06-16,4,199.1,16.4375,5.1,39.04,0.841,46,0,0
CPT00069,2025-11-18,1,44.03,11.42,1.9,23.17,0.805,0,1,0
CPT00069,2026-06-09,5,134.39,5.362,5.2,25.84,0.847,22,0,0
CPT00070,2025-09-16,3,153.48,7.153333333333333,5.1,30.09,0.839,1,0,0
CPT00070,2025-10-21,3,168.13,14.906666666666666,5.0,33.63,0.737,6,0,0
CPT00071,2026-01-20,2,65.86,7.21,4.3,15.32,0.759,10,0,0
CPT00074,2026-03-24,1,49.01,14.26,4.2,11.67,0.878,12,0,0
CPT00075,2025-09-09,1,57.8,18.25,2.4,24.08,0.735,0,1,0
CPT00075,2025-11-11,5,179.82999999999998,5.5,6.9,26.06,0.644,0,1,0
CPT00076,2026-06-30,2,61.38,6.62,3.7,16.59,0.907,38,0,0
CPT00078,2026-02-17,4,142.57,8.17,4.5,31.68,0.924,31,0,0
CPT00078,2026-05-12,3,101.18,9.353333333333332,1.7,59.52,0.751,43,0,0
CPT00079,2025-10-21,1,29.29,9.73,6.2,4.72,0.854,0,1,0
CPT00079,2025-11-11,1,49.13,13.7,3.0,16.38,0.819,0,1,0
CPT00079,2025-11-25,3,127.96,8.479999999999999,2.6,49.22,0.83,0,1,0
CPT00080,2026-03-17,1,41.1,6.16,0.9,45.67,0.87,7,0,0
CPT00081,2026-05-12,2,99.75,12.09,4.4,22.67,0.626,41,0,0
CPT00082,2026-01-27,3,182.02,9.356666666666667,4.4,41.37,0.63,17,0,0
CPT00083,2026-06-09,3,165.51,12.093333333333334,5.1,32.45,0.803,25,0,0
CPT00084,2026-04-28,2,84.99,11.39,4.8,17.71,0.857,12,0,0
CPT00085,2025-11-11,1,38.94,15.98,3.6,10.82,0.866,6,0,0
CPT00085,2026-02-17,5,185.67,9.742,6.4,29.01,0.97,20,0,0
CPT00086,2025-10-28,3,91.67,8.993333333333334,4.7,19.5,0.907,12,0,0
CPT00088,2025-11-11,4,127.41,10.2,6.4,19.91,0.883,9,0,0
CPT00089,2025-08-19,3,82.68,7.946666666666666,5.8,14.26,0.77,0,1,1
CPT00090,2026-02-03,3,110.57,8.62,6.4,17.28,0.751,23,0,0
CPT00090,2026-05-19,3,158.73,10.833333333333334,5.5,28.86,0.845,38,0,0
CPT00092,2026-02-03,1,52.86,10.38,1.6,33.04,0.774,8,0,0
CPT00096,2025-07-08,5,259.31,9.41,6.7,38.7,0.835,0,1,0
CPT00096,2026-01-27,5,193.46,8.120000000000001,6.4,30.23,0.822,10,0,0
CPT00098,2025-09-23,4,184.77,7.095,6.8,27.17,0.699,0,1,0
CPT00098,2026-02-03,1,16.19,2.72,3.1,5.22,0.931,10,0,0
CPT00100,2026-06-30,1,25.74,2.93,3.7,6.96,0.751,27,0,0
CPT00103,2025-10-07,4,109.72,6.86,6.4,17.14,0.79,0,1,0
CPT00104,2026-05-05,3,120.58,10.123333333333331,4.4,27.4,0.899,38,0,0
CPT00105,2026-03-31,2,106.77,18.6,5.2,20.53,0.79,8,0,1
CPT00106,2026-06-09,4,143.64,11.6975,4.4,32.65,0.751,26,0,0
CPT00108,2025-10-21,2,51.24,5.574999999999999,4.5,11.39,0.822,0,1,0
CPT00109,2026-01-06,1,41.61,11.11,3.5,11.89,0.793,12,0,0
CPT00110,2025-07-22,3,92.17,9.14,5.8,15.89,0.765,0,1,1
CPT00110,2026-05-12,2,63.45,8.555,4.2,15.11,0.774,17,0,1
CPT00110,2026-05-26,5,174.18,8.018,7.2,24.19,0.796,19,0,1
CPT00112,2025-12-23,2,71.24000000000001,5.26,2.3,30.97,0.694,18,0,0
CPT00114,2025-09-09,4,171.57,8.192499999999999,6.2,27.67,0.701,0,1,0
CPT00116,2025-08-12,4,143.46,7.6675,6.5,22.07,0.886,0,1,0
CPT00116,2026-03-03,1,88.12,14.25,4.0,22.03,0.793,8,0,0
CPT00119,2026-02-24,2,53.44,5.07,4.2,12.72,0.912,25,0,0
CPT00119,2026-03-17,2,119.47,16.41,2.4,49.78,0.835,28,0,0
CPT00120,2026-05-19,4,143.42,11.1375,5.7,25.16,0.73,16,0,1
CPT00122,2025-11-18,2,105.62,6.629999999999999,4.4,24.0,1.0,0,1,1
CPT00122,2025-12-30,1,19.32,4.93,3.8,5.08,0.923,0,1,1
CPT00122,2026-04-07,1,30.69,10.32,1.6,19.18,0.73,11,0,1
CPT00125,2025-07-08,2,52.69,2.235,4.0,13.17,0.737,0,1,0
CPT00127,2025-09-23,1,61.66,6.48,3.0,20.55,0.894,4,0,0
CPT00131,2025-12-23,3,109.34,11.160000000000002,5.0,21.87,0.793,0,1,0
CPT00131,2026-05-19,5,190.35,10.77,4.9,38.85,0.968,20,0,0
CPT00133,2025-09-09,4,145.42,7.6275,6.0,24.24,0.714,0,1,0
CPT00136,2025-10-28,3,133.67,10.67,5.7,23.45,0.887,0,1,0
CPT00137,2026-02-10,2,68.62,8.065,3.9,17.59,0.794,13,0,0
CPT00139,2026-05-12,2,67.87,10.355,3.7,18.34,0.755,32,0,0
CPT00139,2026-05-26,5,169.01,8.930000000000001,5.8,29.14,0.746,34,0,0
CPT00144,2025-12-16,3,85.78,4.14,5.1,16.82,0.828,4,0,0
CPT00145,2026-03-03,2,82.42,12.515,3.0,27.47,0.838,13,0,0
CPT00146,2025-12-30,4,101.65,6.105,6.4,15.88,0.761,3,0,0
CPT00147,2025-11-04,1,48.88,4.33,2.9,16.86,0.856,1,0,0
CPT00149,2025-10-07,2,53.57,3.26,4.9,10.93,0.825,5,0,0
CPT00149,2026-01-06,4,98.15,5.4975000000000005,3.4,28.87,0.962,18,0,0
CPT00151,2025-11-11,1,23.23,6.74,2.9,8.01,0.888,10,0,0
CPT00151,2026-03-03,3,135.29,10.013333333333334,5.4,25.05,0.856,26,0,0
CPT00152,2026-03-24,3,74.72,5.12,4.5,16.6,0.876,34,0,1
CPT00153,2025-12-23,2,105.77,12.165,5.8,18.24,0.853,6,0,0
CPT00153,2026-03-03,3,67.4,6.243333333333332,4.4,15.32,0.922,16,0,0
CPT00156,2025-07-08,2,70.97999999999999,3.995,3.0,23.66,0.727,0,1,0
CPT00156,2026-03-03,3,93.77,10.996666666666668,5.1,18.39,0.935,33,0,0
CPT00161,2026-01-13,2,52.77,6.345,4.7,11.23,0.846,11,0,0
CPT00162,2025-09-02,2,111.43,9.37,5.1,21.85,0.921,0,1,0
CPT00162,2026-02-10,4,175.92,8.5375,5.3,33.19,0.864,9,0,0
CPT00166,2025-07-22,2,35.0,3.215,4.1,8.54,0.758,0,1,1
CPT00167,2026-05-26,5,205.93,9.662,6.3,32.69,0.821,38,0,1
CPT00169,2025-09-16,1,49.87,6.63,5.0,9.97,0.866,3,0,0
CPT00169,2025-11-11,2,88.36,5.2250000000000005,4.2,21.04,0.817,11,0,0
CPT00171,2025-12-23,3,79.53999999999999,6.623333333333332,4.2,18.94,0.788,17,0,0
CPT00174,2025-12-16,3,115.91,4.53,3.6,32.2,0.751,18,0,1
CPT00174,2026-02-24,1,41.84,4.4,6.0,6.97,0.819,28,0,1
CPT00174,2026-04-28,2,112.93,7.76,5.2,21.72,0.921,37,0,1
CPT00180,2026-03-24,4,146.35,6.5525,5.8,25.23,0.699,10,0,0
CPT00182,2025-08-05,1,32.98,11.53,3.6,9.16,0.996,0,1,0
CPT00184,2025-10-28,2,52.34,6.005,6.0,8.72,0.973,0,1,0
CPT00185,2026-05-05,1,25.01,6.93,2.1,11.91,0.814,26,0,0
CPT00186,2025-11-11,2,47.16,4.125,4.6,10.25,0.722,9,0,0
CPT00186,2025-11-18,1,24.89,7.78,5.1,4.88,0.755,10,0,0
CPT00187,2026-02-10,3,133.04,7.793333333333333,4.5,29.56,0.718,27,0,1
CPT00188,2025-12-16,1,34.08,5.59,4.4,7.75,0.72,0,1,0
CPT00188,2026-03-24,2,61.22,5.385,4.9,12.49,0.906,2,0,0
CPT00190,2025-10-21,4,196.29,11.8175,7.1,27.65,0.701,0,1,0
CPT00191,2026-06-16,4,95.99,4.2675,3.6,26.66,0.926,28,0,0
CPT00193,2025-12-02,5,148.14,6.928,5.1,29.05,0.827,0,1,0
CPT00193,2025-12-23,1,26.56,4.82,4.8,5.53,0.871,0,1,0
CPT00196,2025-12-23,1,34.28,7.99,5.0,6.86,0.857,22,0,0
CPT00197,2025-10-07,4,169.37,8.842500000000001,5.0,33.87,0.794,0,1,0
CPT00197,2025-11-11,3,89.09,4.346666666666667,4.9,18.18,0.807,0,1,0
CPT00200,2025-10-21,2,49.82,7.475,4.2,11.86,0.9,5,0,0
CPT00200,2026-06-16,3,69.66,5.386666666666667,4.7,14.82,0.881,39,0,0
CPT00201,2025-09-30,2,75.25999999999999,11.555,3.6,20.91,0.956,0,1,1
CPT00203,2026-06-16,4,180.95,9.46,4.7,38.5,0.889,46,0,0
CPT00205,2026-02-17,6,289.8,6.963333333333334,7.3,39.7,0.827,16,0,0
CPT00205,2026-05-12,4,143.42000000000002,8.58,6.7,21.41,0.735,28,0,0
CPT00205,2026-05-26,2,54.87,7.895,3.4,16.14,0.756,30,0,0
CPT00209,2025-07-15,3,104.77,4.833333333333333,4.9,21.38,0.883,0,1,0
CPT00210,2026-03-31,1,24.01,7.3,3.4,7.06,0.777,23,0,1
CPT00211,2025-08-12,3,62.64,3.486666666666667,5.3,11.82,0.83,3,0,1
CPT00212,2026-05-05,3,84.71000000000001,5.796666666666667,4.1,20.66,0.95,27,0,1
CPT00213,2026-02-10,3,80.26,5.016666666666667,4.1,19.58,0.939,2,0,0
CPT00216,2025-11-18,3,117.04,4.343333333333333,5.0,23.41,0.845,0,1,0
CPT00216,2025-11-25,3,155.61,17.099999999999998,4.3,36.19,0.813,0,1,0
CPT00216,2026-03-31,3,116.4,7.156666666666666,3.6,32.33,0.795,18,0,0
CPT00217,2026-06-23,6,223.15,6.141666666666667,6.4,34.87,0.71,29,0,0
CPT00219,2025-09-16,3,86.72999999999999,8.87,3.1,27.98,0.72,0,1,0
CPT00223,2025-10-28,2,30.64,1.64,2.2,13.93,0.671,7,0,0
CPT00224,2026-06-02,3,76.54,8.040000000000001,4.9,15.62,0.919,27,0,0
CPT00225,2025-09-02,1,37.48,3.51,4.3,8.72,0.705,0,1,0
CPT00226,2025-07-08,1,33.42,11.94,4.5,7.43,0.889,0,1,1
CPT00227,2026-03-17,6,230.66,11.235,8.1,28.48,0.706,16,0,0
CPT00228,2026-02-10,1,43.71,17.68,2.6,16.81,0.87,19,0,1
CPT00229,2025-12-16,2,93.59,11.97,3.2,29.25,0.871,4,0,0
CPT00231,2025-10-07,1,24.72,6.9,1.3,19.02,0.967,11,0,0
CPT00232,2025-08-19,3,122.56,7.13,4.7,26.08,0.841,0,1,0
CPT00232,2025-09-16,3,121.88,9.303333333333333,4.5,27.08,0.849,0,1,0
CPT00233,2025-07-22,1,23.49,6.5,3.6,6.52,0.751,0,1,0
CPT00233,2026-04-21,1,21.92,3.02,1.6,13.7,0.905,30,0,0
CPT00234,2025-09-02,4,184.65,10.1225,4.9,37.68,1.0,4,0,0
CPT00235,2025-12-02,3,125.48,9.796666666666669,4.9,25.61,0.853,0,1,0
CPT00235,2026-03-31,2,92.22,7.75,4.0,23.06,0.877,7,0,0
CPT00236,2026-05-19,3,187.67,20.133333333333336,6.2,30.27,0.87,26,0,0
CPT00237,2026-05-26,3,150.85000000000002,10.976666666666668,3.7,40.77,0.873,36,0,0
CPT00239,2026-02-17,1,21.87,2.62,5.2,4.21,0.769,0,1,0
CPT00239,2026-04-14,2,108.53,12.555,2.2,49.33,0.912,0,1,0
CPT00239,2026-06-23,3,150.17000000000002,17.243333333333332,4.6,32.65,0.925,10,0,0
CPT00241,2026-02-17,1,35.69,10.83,3.5,10.2,0.795,6,0,0
CPT00242,2025-08-12,7,236.86,8.01,8.9,26.61,0.799,0,1,0
CPT00242,2026-05-19,1,22.3,6.11,3.0,7.43,0.868,40,0,0
CPT00244,2026-05-19,3,91.16,3.106666666666667,4.7,19.4,0.92,9,0,0
CPT00245,2026-04-14,2,60.07000000000001,10.13,3.8,15.81,0.69,17,0,0
CPT00246,2025-12-16,5,176.2,7.002000000000001,8.0,22.02,0.641,12,0,0
CPT00247,2025-09-30,4,150.58,10.4275,4.0,37.65,0.616,0,1,0
CPT00248,2026-04-14,3,123.64,8.216666666666667,6.9,17.92,0.842,6,0,0
CPT00249,2026-01-20,5,201.43,7.372,6.3,31.97,1.0,25,0,0
CPT00249,2026-04-07,1,23.76,5.73,2.3,10.33,0.788,36,0,0
CPT00252,2026-03-31,3,72.72,4.386666666666667,5.6,12.99,0.901,25,0,0
CPT00253,2026-06-23,2,45.14,3.66,5.2,8.68,0.916,46,0,0
CPT00255,2026-04-28,2,74.28999999999999,14.49,3.5,21.23,0.66,25,0,0
CPT00256,2026-06-23,5,176.97,7.688,6.5,27.23,0.751,40,0,0
CPT00258,2025-09-30,3,116.08,10.513333333333334,4.8,24.18,0.783,0,1,0
CPT00260,2025-07-15,2,48.89,5.615,4.6,10.63,0.879,0,1,0
CPT00262,2026-01-20,1,55.17,10.35,2.3,23.99,1.0,0,1,0
CPT00263,2025-09-09,3,136.45,10.253333333333332,5.7,23.94,0.848,0,1,0
CPT00265,2026-02-10,1,20.46,1.54,2.7,7.58,0.741,13,0,0
CPT00266,2026-05-19,1,47.56,8.4,3.8,12.52,0.783,25,0,0
CPT00267,2025-07-15,3,80.62,7.076666666666667,7.1,11.35,0.891,0,1,0
CPT00268,2025-09-09,2,62.870000000000005,3.325,4.8,13.1,0.764,0,1,1
CPT00269,2025-08-12,1,33.76,10.06,2.9,11.64,1.0,0,1,1
CPT00269,2026-04-14,4,157.61,7.3375,7.0,22.52,0.824,10,0,1
CPT00270,2025-09-09,1,29.79,6.08,2.1,14.19,0.977,0,1,0
CPT00271,2025-08-19,5,192.21,8.662,5.2,36.96,0.601,0,1,1
CPT00274,2026-04-21,2,109.17,13.285,2.5,43.67,0.821,20,0,0
CPT00275,2026-03-31,4,153.51,10.9775,5.9,26.02,0.861,33,0,1
CPT00276,2026-06-09,1,25.95,8.37,2.7,9.61,0.882,26,0,0
CPT00277,2026-03-03,1,36.73,13.52,5.4,6.8,0.82,20,0,0
CPT00278,2025-12-09,2,78.63,11.01,4.3,18.29,0.888,20,0,0
CPT00279,2025-12-23,1,34.4,6.36,2.4,14.33,0.757,17,0,1
CPT00281,2025-10-14,1,65.25,14.8,3.2,20.39,0.847,0,1,1
CPT00282,2025-12-23,3,132.1,8.656666666666666,5.5,24.02,0.793,0,1,0
CPT00283,2025-09-09,1,53.57,7.51,2.9,18.47,0.814,0,1,0
CPT00284,2025-10-07,2,66.59,10.335,3.2,20.81,0.797,0,1,0
CPT00287,2025-09-09,2,48.7,6.32,5.2,9.37,0.971,0,1,0
CPT00288,2025-08-26,2,62.56,5.51,3.7,16.91,0.708,0,1,0
CPT00288,2026-01-13,3,158.66,8.276666666666666,4.8,33.05,0.967,0,1,0
CPT00289,2026-06-09,3,68.87,6.396666666666667,4.8,14.35,0.87,24,0,0
CPT00293,2025-12-23,1,19.92,4.93,4.2,4.74,0.947,2,0,0
CPT00296,2025-07-01,2,68.3,5.965,3.1,22.03,0.814,0,1,0
CPT00296,2025-08-12,1,47.18,6.43,5.0,9.44,0.747,0,1,0
CPT00296,2026-05-26,1,30.66,10.3,2.4,12.78,0.806,15,0,0
CPT00297,2025-07-01,3,94.79,5.493333333333333,3.6,26.33,0.722,0,1,0
CPT00297,2026-03-31,4,179.9,7.445,5.7,31.56,0.862,36,0,0
CPT00298,2025-09-23,1,94.75,11.85,5.1,18.58,0.813,0,1,0
CPT00301,2025-11-25,3,132.01,9.723333333333333,5.7,23.16,0.84,0,1,0
CPT00303,2025-09-02,3,115.77,4.426666666666666,4.4,26.31,0.809,0,1,0
CPT00305,2025-11-25,2,56.92,5.77,4.4,12.94,0.798,14,0,0
CPT00305,2026-04-28,4,106.16,6.484999999999999,6.6,16.08,0.739,36,0,0
CPT00306,2026-02-24,2,76.19,11.6,4.8,15.87,0.94,15,0,0
CPT00311,2025-09-02,8,275.63,4.32375,5.8,47.52,0.854,2,0,0
CPT00312,2026-02-10,3,158.99,10.136666666666668,2.8,56.78,0.647,8,0,0
CPT00313,2026-03-03,2,60.22,4.52,3.7,16.28,0.824,30,0,0
CPT00315,2025-09-30,2,116.08,19.27,5.4,21.5,0.884,0,1,0
CPT00317,2025-07-01,3,105.1,7.836666666666667,5.2,20.21,0.848,0,1,0
CPT00317,2025-12-16,3,91.39,6.5200000000000005,5.2,17.58,0.835,0,1,0
CPT00319,2026-01-06,5,161.93,8.858,4.8,33.74,0.98,12,0,0
CPT00323,2025-08-12,3,108.44,10.503333333333332,5.3,20.46,0.854,0,1,1
CPT00323,2026-04-28,4,161.39,10.1425,7.4,21.81,0.84,31,0,1
CPT00324,2025-08-05,1,39.26,7.21,4.9,8.01,0.867,0,1,0
CPT00324,2025-09-09,1,28.92,7.3,3.3,8.76,0.938,0,1,0
CPT00326,2026-01-13,2,47.86,5.145,5.6,8.55,1.0,11,0,0
CPT00330,2025-07-29,4,133.20000000000002,7.4925,4.8,27.75,0.808,0,1,0
CPT00330,2026-02-10,3,119.33,7.59,2.7,44.2,0.816,27,0,0
CPT00331,2025-09-02,3,123.0,6.986666666666667,3.8,32.37,0.739,1,0,0
CPT00331,2026-02-17,4,144.20999999999998,7.8225,5.8,24.86,1.0,25,0,0
CPT00332,2025-07-15,2,83.81,6.385,4.2,19.95,0.887,0,1,1
CPT00333,2025-10-21,9,342.06,7.821111111111112,9.2,37.18,0.63,0,1,1
CPT00335,2026-01-27,3,123.02,9.103333333333332,3.7,33.25,0.62,12,0,0
CPT00335,2026-03-03,2,51.91,6.54,3.3,15.73,0.635,17,0,0
CPT00336,2025-09-02,1,17.27,3.58,4.6,3.75,0.773,0,1,0
CPT00336,2026-02-03,3,96.82,4.953333333333333,5.1,18.98,0.841,0,1,0
CPT00336,2026-03-31,2,46.6,1.325,2.9,16.07,0.806,0,1,0
CPT00337,2025-10-07,1,37.95,12.05,3.2,11.86,0.77,1,0,0
CPT00337,2025-12-02,3,108.27,8.333333333333334,5.6,19.33,0.772,9,0,0
CPT00345,2025-09-02,1,40.99,6.23,3.8,10.79,0.872,0,1,0
CPT00345,2026-01-20,1,26.57,1.65,2.8,9.49,0.911,0,1,0
CPT00347,2025-12-16,2,40.12,2.76,2.4,16.72,0.79,19,0,0
CPT00347,2026-02-03,5,150.9,4.482,6.6,22.86,0.764,26,0,0
CPT00349,2025-08-12,3,88.64,5.196666666666666,5.5,16.12,0.696,0,1,0
CPT00349,2025-12-02,3,96.8,10.116666666666664,4.0,24.2,0.757,0,1,0
CPT00349,2026-04-07,2,101.7,11.825,4.6,22.11,0.848,8,0,0
CPT00350,2025-09-09,3,155.74,6.753333333333334,5.5,28.32,0.812,0,1,0
CPT00359,2025-08-26,2,91.13,8.36,5.5,16.57,0.871,0,1,1
CPT00359,2026-03-17,5,215.31,7.022,4.9,43.94,0.901,7,0,1
CPT00362,2025-12-09,3,89.50999999999999,6.046666666666667,6.2,14.44,0.847,15,0,0
CPT00363,2026-05-26,3,121.06,6.346666666666667,5.8,20.87,0.814,32,0,0
CPT00365,2025-10-28,1,21.73,5.57,4.4,4.94,0.849,12,0,0
CPT00366,2026-03-24,7,227.18,7.795714285714285,6.8,33.41,0.871,18,0,1
CPT00367,2026-06-16,1,42.99,6.77,4.4,9.77,0.873,35,0,0
CPT00368,2026-06-23,1,28.61,3.55,2.7,10.6,1.0,28,0,0
CPT00371,2025-09-16,2,75.85,9.47,4.2,18.06,0.835,0,1,0
CPT00373,2026-03-10,3,85.66,7.863333333333333,4.7,18.23,0.914,6,0,0
CPT00374,2026-02-10,1,37.7,13.46,3.5,10.77,0.73,13,0,0
CPT00374,2026-06-30,1,19.62,2.82,2.2,8.92,0.915,33,0,0
CPT00376,2026-01-13,1,12.23,0.8,3.3,3.71,0.764,16,0,0
CPT00376,2026-04-21,2,74.71,6.175,4.3,17.37,0.827,30,0,0
CPT00379,2026-04-21,2,51.8,6.905,3.7,14.0,0.816,39,0,0
CPT00380,2025-08-05,2,56.57,7.324999999999999,4.9,11.54,0.718,0,1,0
CPT00381,2026-05-26,3,100.47,6.536666666666666,3.8,26.44,0.908,40,0,0
CPT00383,2026-03-10,1,30.91,1.63,3.2,9.66,0.768,10,0,0
CPT00384,2025-12-30,1,43.07,11.73,3.8,11.33,0.715,0,1,0
CPT00386,2026-03-24,6,214.05,7.0,7.6,28.16,0.848,18,0,0
CPT00388,2025-12-02,2,100.35,11.75,5.2,19.3,0.77,3,0,0
CPT00390,2026-01-20,2,69.03,4.46,4.8,14.38,0.757,0,1,0
CPT00390,2026-04-14,3,144.87,10.386666666666668,4.2,34.49,0.756,12,0,0
CPT00392,2025-11-11,4,105.99,7.430000000000001,5.7,18.59,0.673,1,0,0
CPT00392,2026-06-02,6,275.36,10.556666666666668,8.2,33.58,0.917,30,0,0
CPT00394,2025-07-15,6,260.39,8.908333333333333,6.2,42.0,0.89,0,1,0
CPT00394,2026-06-30,1,37.56,9.55,5.5,6.83,0.833,23,0,0
CPT00396,2025-11-25,1,51.02,12.79,3.8,13.43,0.836,0,1,1
CPT00396,2026-01-06,3,95.41,6.859999999999999,6.2,15.39,0.997,0,1,1
CPT00400,2026-01-27,3,87.63,8.166666666666666,4.5,19.47,0.814,17,0,0
CPT00401,2025-11-04,3,177.08,11.546666666666669,4.7,37.68,0.657,0,1,0
CPT00404,2026-05-05,2,44.12,4.945,4.3,10.26,0.77,37,0,0
CPT00406,2026-01-27,2,97.21,6.960000000000001,3.0,32.4,0.912,0,1,0
CPT00406,2026-02-24,2,81.97999999999999,9.66,4.2,19.52,0.711,1,0,0
CPT00408,2026-01-27,1,23.57,4.85,4.6,5.12,0.787,27,0,0
CPT00408,2026-04-28,1,14.88,2.02,3.7,4.02,0.732,40,0,0
CPT00411,2025-07-08,2,79.92,11.96,5.1,15.67,0.885,0,1,0
CPT00416,2025-10-21,6,259.43,8.878333333333332,6.1,42.53,0.863,0,1,0
CPT00417,2026-03-24,1,21.06,5.67,3.9,5.4,0.909,20,0,0
CPT00419,2026-01-27,1,22.8,5.06,4.1,5.56,0.657,2,0,0
CPT00420,2025-11-25,1,65.64,10.83,4.0,16.41,0.865,0,1,1
CPT00422,2025-08-19,2,51.72,5.91,3.7,13.98,0.74,0,1,0
CPT00422,2026-04-14,3,109.2,7.22,4.1,26.63,0.986,28,0,0
CPT00424,2025-09-09,2,71.34,8.165000000000001,3.6,19.82,0.862,0,1,0
CPT00426,2026-04-21,4,124.53,9.3775,3.5,35.58,0.705,6,0,0
CPT00428,2025-11-25,3,91.41,7.323333333333333,4.5,20.31,0.869,9,0,0
CPT00429,2025-09-09,4,112.12,5.1075,5.8,19.33,0.79,0,1,1
CPT00429,2025-11-25,2,83.5,3.895,2.7,30.93,0.958,0,1,1
CPT00429,2026-06-09,3,102.98,6.666666666666667,6.4,16.09,0.823,18,0,1
CPT00431,2026-06-30,1,61.34,8.99,2.7,22.72,0.724,40,0,0
CPT00433,2025-09-02,4,119.77,6.385,6.4,18.71,0.932,0,1,0
CPT00433,2025-09-30,5,180.76,5.2780000000000005,6.1,29.63,0.922,2,0,0
CPT00434,2025-08-26,1,25.08,5.26,3.1,8.09,0.913,0,1,0
CPT00435,2026-01-06,3,147.91,9.27,4.8,30.81,0.958,14,0,0
CPT00435,2026-06-16,2,66.50999999999999,6.64,3.4,19.56,0.797,37,0,0
CPT00437,2025-12-23,2,79.64999999999999,6.625,3.9,20.42,0.848,17,0,0
CPT00439,2025-08-26,2,62.19,6.984999999999999,5.8,10.72,0.886,0,1,0
CPT00439,2026-04-14,3,153.93,13.706666666666663,4.7,32.75,0.788,10,0,0
CPT00440,2026-06-02,2,61.6,10.625,2.6,23.69,0.807,12,0,0
CPT00442,2025-12-23,1,27.2,5.63,3.0,9.07,0.87,0,1,0
CPT00442,2026-02-10,2,65.85000000000001,6.24,2.6,25.33,0.718,4,0,0
CPT00448,2026-03-10,4,105.35,7.085,3.4,30.99,0.879,6,0,0
CPT00450,2026-02-24,3,75.09,3.4166666666666665,4.9,15.32,0.808,28,0,0
CPT00451,2025-07-01,2,78.65,14.2,4.1,19.18,0.702,0,1,0
CPT00454,2025-08-26,1,24.78,3.64,3.2,7.74,0.747,0,1,0
CPT00454,2026-05-26,4,179.48000000000002,8.295,6.8,26.39,0.742,29,0,0
CPT00456,2026-02-03,3,213.1,13.88,5.1,41.78,0.779,16,0,0
CPT00457,2025-11-18,2,84.35,9.935,2.2,38.34,0.727,0,1,0
CPT00460,2025-09-23,6,178.84,6.22,6.4,27.94,0.781,0,1,0
CPT00461,2025-07-01,2,104.05,9.08,3.2,32.52,0.784,0,1,0
CPT00462,2025-07-15,2,68.29,5.1850000000000005,6.8,10.04,0.891,0,1,0
CPT00462,2025-08-12,1,26.42,4.76,4.3,6.14,0.806,0,1,0
CPT00464,2026-06-16,3,126.88,7.356666666666666,4.7,27.0,0.749,16,0,0
CPT00465,2025-07-22,1,23.34,3.54,5.1,4.58,0.791,0,1,0
CPT00465,2025-10-28,1,46.13,6.31,2.5,18.45,0.769,12,0,0
CPT00465,2026-02-10,1,31.22,10.93,5.1,6.12,0.914,27,0,0
CPT00469,2026-01-13,1,66.12,20.53,4.8,13.78,0.862,0,1,0
CPT00472,2025-08-19,1,17.37,3.08,6.7,2.59,0.801,0,1,0
CPT00473,2025-07-22,2,71.64,10.84,5.7,12.57,0.786,0,1,0
CPT00473,2025-10-21,2,43.52,5.785,4.1,10.61,0.853,6,0,0
CPT00473,2026-06-16,4,139.26999999999998,5.4175,4.6,30.28,0.772,40,0,0
CPT00474,2026-01-13,1,30.72,11.35,5.3,5.8,0.906,0,1,1
CPT00480,2025-10-14,4,198.74,9.665,6.1,32.58,0.941,2,0,0
CPT00485,2025-09-16,3,104.9,7.010000000000001,5.9,17.78,0.911,0,1,0
CPT00485,2026-01-06,2,83.78999999999999,6.46,5.5,15.23,0.988,8,0,0
CPT00486,2025-09-16,1,65.82,13.32,3.3,19.95,0.87,4,0,0
CPT00486,2025-12-23,4,211.31,8.1975,3.5,60.37,0.822,18,0,0
CPT00489,2025-10-28,2,43.98,2.72,3.5,12.57,0.898,0,1,1
CPT00489,2026-02-17,1,25.83,4.17,3.6,7.17,0.658,10,0,1
CPT00490,2025-10-28,2,61.45,8.925,5.7,10.78,0.807,0,1,0
CPT00490,2026-05-19,4,140.54,10.1925,6.5,21.62,0.787,13,0,0
CPT00491,2025-12-16,1,27.45,9.35,1.0,27.45,0.561,7,0,0
CPT00491,2026-03-10,4,116.25,6.38,6.7,17.35,0.783,19,0,0
CPT00491,2026-05-05,1,25.89,7.64,2.5,10.36,0.779,27,0,0
CPT00499,2025-07-15,2,92.04,7.46,4.6,20.01,0.792,0,1,0
CPT00500,2025-09-23,2,61.94,8.26,4.7,13.18,0.767,0,1,0
CPT00500,2025-12-30,2,57.19,9.51,3.9,14.66,1.0,0,1,0
CPT00500,2026-02-17,3,101.03,6.456666666666667,5.9,17.12,0.849,0,1,0
CPT00501,2025-12-16,2,52.790000000000006,8.254999999999999,3.3,16.0,0.898,0,1,0
CPT00502,2025-07-15,4,98.36,5.335,5.0,19.67,0.887,0,1,0
CPT00502,2026-06-02,2,80.97999999999999,8.215,3.9,20.76,0.844,20,0,0
CPT00505,2026-02-10,6,270.76,7.511666666666667,6.3,42.98,0.936,30,0,0
CPT00506,2026-04-21,3,136.04000000000002,7.886666666666667,4.9,27.76,0.787,39,0,0
CPT00510,2026-01-27,2,126.31,11.46,5.6,22.56,0.861,0,1,0
CPT00510,2026-04-07,3,130.1,7.056666666666668,5.6,23.23,0.75,10,0,0
CPT00510,2026-05-12,4,93.04,6.0,5.3,17.55,0.822,15,0,0
CPT00511,2025-12-23,3,119.64,12.233333333333334,4.6,26.01,0.672,3,0,0
CPT00511,2026-02-17,3,118.43,7.363333333333333,4.3,27.54,0.807,11,0,0
CPT00511,2026-05-05,1,26.97,4.88,3.4,7.93,0.786,22,0,0
CPT00513,2026-03-03,3,113.53,8.843333333333334,3.7,30.68,0.827,7,0,0
CPT00514,2025-08-05,2,88.18,12.52,3.4,25.94,0.888,0,1,1
CPT00514,2026-02-03,2,61.02,7.42,5.0,12.2,0.816,18,0,1
CPT00517,2025-11-11,1,29.29,9.73,5.1,5.74,0.797,0,1,0
CPT00519,2026-02-10,2,68.46,7.61,6.2,11.04,0.715,2,0,0
CPT00520,2025-10-14,1,48.03,10.02,4.6,10.44,0.68,0,1,0
CPT00520,2026-01-06,3,151.12,10.616666666666667,5.4,27.99,0.808,9,0,0
CPT00522,2025-12-23,6,265.68,9.19,7.6,34.96,0.901,8,0,0
CPT00522,2026-04-21,1,30.59,10.59,4.7,6.51,0.993,25,0,0
CPT00524,2025-07-01,2,110.87,5.76,4.3,25.78,0.883,0,1,1
CPT00524,2026-03-10,4,139.03,7.69,6.0,23.17,0.837,20,0,1
CPT00524,2026-06-23,1,46.3,3.32,2.3,20.13,0.702,35,0,1
CPT00526,2026-05-05,4,91.25,4.3375,5.5,16.59,0.78,28,0,0
CPT00527,2026-01-20,3,97.73,5.846666666666667,4.6,21.25,0.754,15,0,0
CPT00530,2025-07-01,5,135.32,4.814,7.7,17.57,0.836,0,1,1
CPT00530,2026-03-03,4,216.75,9.3425,5.2,41.68,0.775,4,0,1
CPT00530,2026-06-23,2,81.65,8.66,3.6,22.68,0.866,20,0,1
CPT00533,2025-07-29,2,78.69,6.73,3.5,22.48,0.768,0,1,0
CPT00539,2026-03-31,1,18.75,4.5,3.8,4.93,1.0,24,0,0
CPT00541,2026-03-17,1,25.12,7.77,3.7,6.79,0.918,21,0,0
CPT00544,2025-08-19,1,53.7,22.51,3.4,15.79,0.709,0,1,0
CPT00544,2025-12-16,2,76.08,10.535,4.7,16.19,0.976,6,0,0
CPT00546,2026-06-02,3,177.86,11.873333333333331,7.8,22.8,0.741,37,0,0
CPT00547,2025-07-01,2,91.97,9.85,5.0,18.39,0.841,0,1,0
CPT00549,2026-06-30,1,39.56,9.44,5.7,6.94,0.825,33,0,0
CPT00550,2025-09-23,1,30.14,10.68,5.3,5.69,0.841,0,1,0
CPT00550,2025-10-07,2,74.0,11.635,3.4,21.76,0.965,0,1,0
CPT00550,2025-12-16,2,37.37,2.93,3.5,10.68,0.821,0,1,0
CPT00550,2026-01-06,2,70.54,5.04,5.6,12.6,0.94,1,0,0
CPT00551,2026-04-07,1,43.29,7.15,4.9,8.83,0.923,7,0,0
CPT00552,2025-11-11,1,51.24,21.21,4.1,12.5,0.849,0,1,1
CPT00554,2025-10-21,5,162.07,6.88,4.6,35.23,0.721,0,1,0
CPT00556,2025-08-12,1,21.14,5.96,2.5,8.46,0.748,0,1,0
CPT00556,2025-10-07,2,58.39,5.705,3.5,16.68,0.8,0,1,0
CPT00557,2026-02-24,5,167.03,7.016,5.7,29.3,0.879,22,0,0
CPT00559,2025-10-07,2,110.44,12.18,4.2,26.3,0.793,0,1,0
CPT00559,2026-05-12,2,37.04,2.96,2.5,14.82,0.709,19,0,0
CPT00563,2025-08-05,3,82.12,4.2,5.5,14.93,0.995,0,1,1
CPT00564,2026-04-21,2,54.96,6.545,4.9,11.22,1.0,32,0,0
CPT00566,2025-10-21,4,121.03,7.1475,6.9,17.54,0.792,0,1,0
CPT00568,2025-10-14,1,16.44,2.94,3.5,4.7,0.788,4,0,0
CPT00568,2026-04-21,2,55.2,6.71,4.1,13.46,0.89,31,0,0
CPT00569,2025-09-30,2,64.32000000000001,8.52,3.2,20.1,1.0,0,1,0
CPT00571,2026-03-31,3,153.45,13.133333333333333,4.3,35.69,0.923,28,0,0
CPT00572,2026-05-26,1,45.07,11.67,4.7,9.59,0.952,17,0,0
CPT00573,2026-02-03,1,25.33,8.17,3.8,6.67,0.819,10,0,0
CPT00573,2026-02-10,4,172.8,10.5425,4.5,38.4,0.911,11,0,0
CPT00573,2026-02-17,2,54.22,6.3950000000000005,4.4,12.32,0.901,12,0,0
CPT00574,2026-03-31,2,66.35,6.47,4.1,16.18,0.926,20,0,0
CPT00576,2025-09-30,2,65.8,10.74,3.7,17.78,0.757,0,1,0
CPT00577,2026-05-12,3,125.32,10.32,5.7,21.99,0.885,38,0,0
CPT00579,2025-09-30,2,79.98,9.28,2.4,33.33,0.978,0,1,1
CPT00580,2025-12-16,5,157.72,8.27,4.0,39.43,0.772,13,0,0
CPT00584,2025-09-23,4,112.55,7.140000000000001,8.6,13.09,0.737,0,1,0
CPT00584,2026-04-21,4,165.85,9.9,6.0,27.64,0.905,29,0,0
CPT00585,2025-07-01,3,75.8,6.626666666666668,5.3,14.3,0.817,0,1,0
CPT00585,2026-02-17,3,93.54999999999998,10.136666666666668,5.1,18.34,0.788,27,0,0
CPT00590,2026-02-17,3,104.36,7.043333333333333,5.8,17.99,0.652,0,1,0
CPT00590,2026-04-07,3,61.69,3.9333333333333336,5.1,12.1,0.793,7,0,0
CPT00591,2025-11-04,1,44.57,12.56,4.5,9.9,0.791,13,0,1
CPT00591,2025-11-18,2,62.8,4.225,5.3,11.85,0.742,15,0,1
CPT00591,2026-04-21,1,46.78,8.15,3.4,13.76,0.828,37,0,1
CPT00592,2025-09-02,4,233.53,9.555,5.9,39.58,0.865,0,1,0
CPT00592,2026-02-10,5,128.3,7.412000000000001,4.1,31.29,0.891,4,0,0
CPT00594,2025-09-16,2,42.02,5.27,3.9,10.77,0.86,2,0,0
CPT00594,2025-09-30,5,243.73,11.172,7.7,31.65,0.813,4,0,0
CPT00595,2025-12-16,3,102.77,3.963333333333333,4.9,20.97,0.79,2,0,1
CPT00595,2026-05-26,4,112.37,6.455,6.5,17.29,0.772,25,0,1
CPT00597,2025-10-21,2,63.23,3.615,5.6,11.29,0.711,0,1,0
CPT00598,2025-08-19,3,98.51,5.843333333333334,4.1,24.03,0.943,2,0,1
CPT00599,2026-03-31,1,23.58,3.54,5.6,4.21,0.882,19,0,0
CPT00601,2026-06-09,3,73.83,5.293333333333333,5.0,14.77,0.886,36,0,0
CPT00602,2025-12-30,5,202.88,7.76,5.9,34.39,0.983,0,1,0
CPT00602,2026-06-16,1,22.89,6.55,3.3,6.94,0.823,22,0,0
CPT00604,2025-12-02,1,43.08,16.66,3.8,11.34,0.762,0,1,0
CPT00604,2026-03-17,1,15.16,2.25,4.9,3.09,0.875,15,0,0
CPT00605,2026-06-02,2,43.74,5.035,2.1,20.83,0.804,29,0,0
CPT00606,2025-11-04,2,67.09,11.79,5.0,13.42,0.623,12,0,0
CPT00607,2025-08-05,1,31.51,11.26,4.9,6.43,0.723,0,1,1
CPT00610,2025-11-25,2,45.52,4.445,3.7,12.3,0.849,11,0,1
CPT00611,2026-04-07,4,206.93,12.21,4.7,44.03,0.783,31,0,0
CPT00612,2025-07-01,1,22.81,3.31,3.5,6.52,0.687,0,1,0
CPT00612,2026-05-12,7,261.01,5.971428571428571,7.2,36.25,0.774,23,0,0
CPT00612,2026-06-02,4,142.05,8.54,3.8,37.38,0.752,26,0,0
CPT00616,2025-07-29,1,36.97,14.04,5.1,7.25,0.904,0,1,1
CPT00616,2025-10-07,1,72.12,23.79,3.3,21.85,0.813,0,1,1
CPT00617,2026-05-12,2,104.95,14.665,3.2,32.8,0.868,18,0,0
CPT00620,2025-07-22,3,186.42,8.863333333333332,5.6,33.29,0.886,0,1,0
CPT00621,2026-05-05,5,228.33,9.706,7.5,30.44,0.902,26,0,0
CPT00622,2025-11-04,4,128.26,4.855,7.2,17.81,0.71,0,1,0
CPT00624,2026-06-09,4,172.86,9.6775,5.6,30.87,0.87,23,0,0
CPT00627,2025-11-11,3,73.52,7.166666666666667,4.2,17.5,0.978,17,0,1
CPT00628,2025-11-18,2,45.75,4.255,5.3,8.63,0.783,0,1,0
CPT00628,2025-12-09,4,193.12,12.9325,6.7,28.82,0.79,0,1,0
CPT00628,2026-03-10,3,84.62,5.983333333333334,7.3,11.59,0.776,1,0,0
CPT00630,2025-08-12,2,85.02000000000001,3.465,4.1,20.74,0.836,0,1,0
CPT00631,2025-10-21,2,79.91,6.375,3.6,22.2,0.809,0,1,0
CPT00632,2026-02-24,1,22.84,6.78,2.5,9.14,0.902,21,0,0
CPT00632,2026-03-31,3,112.85,5.603333333333333,4.9,23.03,0.833,26,0,0
CPT00633,2026-01-06,3,133.2,7.686666666666666,8.1,16.44,0.879,14,0,0
CPT00639,2025-09-02,4,125.16,5.5025,4.9,25.54,0.859,0,1,0
CPT00639,2025-09-23,2,40.27,4.895,3.3,12.2,0.71,3,0,0
CPT00639,2026-03-17,3,92.9,9.316666666666666,6.2,14.98,0.881,28,0,0
CPT00640,2025-11-11,1,67.2,14.58,5.8,11.59,0.837,0,1,0
CPT00640,2026-02-03,1,47.77,6.18,3.2,14.93,0.895,0,1,0
CPT00641,2026-01-20,2,56.790000000000006,6.710000000000001,3.7,15.35,0.68,0,1,0
CPT00642,2025-07-15,3,101.95,9.633333333333333,6.3,16.18,0.615,0,1,1
CPT00642,2026-06-16,4,83.58,5.29,5.6,14.92,0.957,41,0,1
CPT00644,2026-06-30,1,43.46,13.0,3.8,11.44,0.727,42,0,0
CPT00645,2025-07-08,1,98.32,16.12,2.8,35.11,0.915,0,1,0
CPT00645,2025-08-19,2,56.84,3.685,4.0,14.21,0.867,0,1,0
CPT00645,2026-04-14,3,85.49000000000001,5.363333333333333,5.1,16.76,0.851,6,0,0
CPT00646,2026-01-20,1,35.86,9.08,3.7,9.69,0.768,0,1,0
CPT00647,2025-07-01,3,96.85,7.973333333333334,3.1,31.24,0.796,0,1,0
CPT00647,2026-02-03,2,99.8,11.955,4.9,20.37,0.938,19,0,0
CPT00647,2026-02-24,2,67.00999999999999,4.48,5.4,12.41,0.722,22,0,0
CPT00647,2026-05-12,2,95.18,15.52,3.9,24.41,0.788,33,0,0
CPT00648,2025-10-14,4,107.64,5.0075,6.5,16.56,0.831,5,0,1
CPT00648,2026-06-02,2,78.02,5.835,4.1,19.03,0.671,38,0,1
CPT00649,2026-05-12,3,104.5,8.213333333333333,3.1,33.71,0.773,41,0,0
CPT00650,2026-05-19,5,213.54,11.966,7.4,28.86,0.804,39,0,0
CPT00651,2025-09-30,2,56.8,4.795,3.8,14.95,0.867,0,1,0
CPT00651,2026-05-05,1,70.33,11.93,4.1,17.15,0.857,31,0,0
CPT00652,2025-12-16,2,35.91,2.725,4.5,7.98,0.798,15,0,0
CPT00655,2026-03-24,4,191.73,8.92,6.1,31.43,0.745,0,1,0
CPT00655,2026-04-28,1,37.59,14.58,1.7,22.11,0.914,2,0,0
CPT00656,2025-12-16,2,65.05,6.71,3.3,19.71,0.854,5,0,0
CPT00658,2026-01-27,3,95.03,7.396666666666666,3.1,30.65,0.975,28,0,0
CPT00659,2026-05-05,2,72.97,7.255,4.8,15.2,0.87,38,0,0
CPT00660,2026-03-24,3,102.13,7.02,6.4,15.96,0.932,31,0,0
CPT00663,2026-04-14,2,63.28,7.465,3.9,16.23,0.731,20,0,1
CPT00664,2026-05-12,2,61.67,7.82,5.3,11.64,0.936,13,0,0
CPT00664,2026-06-02,2,71.53999999999999,7.984999999999999,5.2,13.76,0.889,16,0,0
CPT00666,2026-03-31,3,61.73,4.65,5.4,11.43,0.963,17,0,0
CPT00668,2025-09-09,2,51.260000000000005,5.515,4.8,10.68,0.757,0,1,0
CPT00670,2025-12-02,4,218.22,10.245,6.0,36.37,0.888,0,1,0
CPT00673,2026-04-28,4,123.85,8.105,6.2,19.98,0.883,26,0,0
CPT00674,2025-12-02,2,79.55,9.555,2.1,37.88,0.842,20,0,0
CPT00675,2025-12-16,2,152.73000000000002,7.825,2.8,54.55,0.78,16,0,0
CPT00675,2026-04-21,3,111.85,8.25,5.6,19.97,0.883,34,0,0
CPT00677,2025-11-04,4,159.99,6.329999999999999,6.2,25.8,0.798,13,0,0
CPT00677,2026-06-23,4,153.0,6.5125,7.5,20.4,0.794,46,0,0
CPT00679,2025-10-07,1,17.87,3.43,3.0,5.96,0.779,7,0,0
CPT00681,2025-07-01,2,80.35,14.86,5.3,15.16,0.857,0,1,0
CPT00681,2025-08-05,3,135.34,10.963333333333331,4.5,30.08,0.889,0,1,0
CPT00683,2026-03-31,4,200.65,10.0275,4.3,46.66,0.829,23,0,0
CPT00683,2026-04-07,4,127.07,7.890000000000001,6.1,20.83,0.769,24,0,0
CPT00684,2026-04-21,7,248.47,8.098571428571429,5.4,46.01,0.785,28,0,0
CPT00690,2025-09-02,3,81.23,7.66,7.6,10.69,0.902,0,1,0
CPT00690,2025-10-28,1,63.96,13.33,4.0,15.99,0.686,0,1,0
CPT00690,2026-05-05,5,257.8,8.419999999999998,6.1,42.26,0.806,27,0,0
CPT00692,2026-05-19,1,30.84,2.29,5.1,6.05,0.629,3,0,0
CPT00693,2026-06-09,8,277.8,7.75375,8.5,32.68,0.778,15,0,0
CPT00693,2026-06-23,2,127.04,12.875,2.6,48.86,0.775,17,0,0
CPT00694,2026-01-13,1,44.81,18.52,3.6,12.45,1.0,0,1,1
CPT00695,2026-06-02,4,146.17000000000002,10.02,6.2,23.58,0.818,31,0,0
CPT00696,2025-07-15,3,112.07,4.38,4.1,27.33,0.788,0,1,1
CPT00696,2026-06-09,4,136.05,6.395,4.9,27.77,0.764,29,0,1
CPT00697,2025-11-18,3,118.87,6.3,3.5,33.96,0.885,12,0,0
CPT00698,2026-05-19,1,44.92,7.11,4.8,9.36,0.761,22,0,0
CPT00699,2025-11-04,2,79.87,5.13,5.0,15.97,0.794,14,0,0
CPT00699,2026-02-10,1,34.08,10.5,4.3,7.93,1.0,28,0,0
CPT00700,2026-03-24,4,114.92,7.297499999999999,6.2,18.54,0.851,34,0,1
CPT00705,2025-12-09,2,71.85,6.895,4.6,15.62,0.905,10,0,0
CPT00708,2025-11-04,2,74.37,12.785,4.5,16.53,0.661,2,0,0
CPT00709,2026-06-02,2,79.06,15.42,4.5,17.57,0.782,25,0,0
CPT00711,2025-12-30,2,72.45,5.825,4.5,16.1,0.9,13,0,0
CPT00712,2025-07-22,3,125.0,8.533333333333333,2.5,50.0,0.967,0,1,1
CPT00712,2025-12-16,1,18.06,3.53,4.1,4.4,0.647,2,0,1
CPT00712,2026-03-24,2,52.58,6.66,6.8,7.73,0.947,16,0,1
CPT00713,2026-03-17,2,41.2,4.359999999999999,6.4,6.44,0.952,21,0,0
CPT00716,2026-04-07,3,96.46,7.14,5.5,17.54,0.966,32,0,0
CPT00717,2025-09-02,5,161.39,6.348,4.8,33.62,0.698,0,1,0
CPT00721,2026-03-03,1,32.7,1.86,1.9,17.21,0.903,3,0,1
CPT00722,2026-03-10,1,43.4,16.83,4.5,9.64,0.866,14,0,0
CPT00722,2026-04-14,6,263.79,8.551666666666668,5.9,44.71,0.956,19,0,0
CPT00724,2025-08-05,2,56.33,6.550000000000001,4.3,13.1,0.93,0,1,0
CPT00725,2026-04-28,5,186.44,6.909999999999999,4.9,38.05,0.889,30,0,0
CPT00725,2026-06-23,4,212.53,8.605,4.8,44.28,0.959,38,0,0
CPT00727,2025-07-15,6,218.91,8.838333333333333,6.3,34.75,0.77,0,1,0
CPT00727,2026-05-19,4,196.47,8.1175,4.5,43.66,0.61,16,0,0
CPT00728,2025-08-19,1,25.42,7.66,1.9,13.38,0.855,0,1,1
CPT00728,2026-04-07,2,38.82,2.6,4.8,8.09,1.0,5,0,1
CPT00731,2025-11-04,3,63.64,3.986666666666667,4.5,14.14,0.663,0,1,0
CPT00732,2025-07-08,4,153.36,9.335,4.6,33.34,0.836,0,1,0
CPT00733,2026-06-23,2,38.05,3.585,4.0,9.51,0.908,40,0,0
CPT00735,2026-03-31,5,178.78,7.252,4.6,38.87,0.935,4,0,0
CPT00737,2026-05-05,2,79.28999999999999,6.475,3.9,20.33,0.907,38,0,0
CPT00740,2026-01-20,1,46.23,9.27,3.8,12.17,0.91,4,0,0
CPT00743,2026-06-30,1,30.62,1.37,4.2,7.29,1.0,16,0,1
CPT00744,2026-02-24,5,179.46,8.306000000000001,7.5,23.93,0.924,9,0,0
CPT00744,2026-05-12,3,78.35,7.226666666666667,5.0,15.67,0.769,20,0,0
CPT00744,2026-06-23,3,99.85,6.916666666666667,6.3,15.85,0.854,26,0,0
CPT00746,2025-10-21,1,29.03,9.59,2.6,11.17,0.749,0,1,0
CPT00747,2025-07-15,2,54.86,8.879999999999999,0.6,91.43,0.772,0,1,0
CPT00747,2026-05-26,4,185.99,8.6125,3.9,47.69,0.844,23,0,0
CPT00748,2026-03-31,2,56.55,8.715,4.4,12.85,0.739,36,0,0
CPT00748,2026-06-16,6,191.3,6.781666666666666,8.6,22.24,0.764,47,0,0
CPT00749,2025-07-08,4,100.99,6.33,5.5,18.36,0.864,0,1,0
CPT00750,2025-11-18,2,81.67,13.87,3.5,23.33,0.768,1,0,0
CPT00750,2026-06-30,1,35.55,5.41,2.3,15.46,0.769,33,0,0
CPT00751,2026-05-26,2,81.96000000000001,13.185,3.8,21.57,0.753,32,0,0
CPT00752,2025-08-19,4,101.43,6.94,5.9,17.19,0.644,0,1,1
CPT00756,2025-12-30,2,31.47,2.605,5.0,6.29,0.805,0,1,0
CPT00760,2025-07-01,5,159.81,7.362,4.8,33.29,0.877,0,1,0
CPT00760,2026-04-21,4,91.04,5.23,5.1,17.85,0.8,18,0,0
CPT00761,2025-12-23,2,52.57,3.38,4.9,10.73,0.916,0,1,0
CPT00761,2026-02-03,2,47.89,2.595,1.9,25.21,0.806,2,0,0
CPT00762,2026-04-07,3,113.76,5.836666666666666,7.0,16.25,0.8,18,0,0
CPT00763,2025-07-08,2,71.92,13.27,3.9,18.44,0.811,0,1,0
CPT00764,2025-07-08,1,82.5,15.65,3.3,25.0,0.873,0,1,0
CPT00764,2026-04-14,4,161.93,8.282499999999999,2.9,55.84,0.758,23,0,0
CPT00768,2025-12-30,3,79.42,4.026666666666666,5.5,14.44,0.67,3,0,0
CPT00768,2026-03-17,5,191.43,9.762,7.5,25.52,0.961,14,0,0
CPT00771,2026-03-24,5,154.55,9.428,8.5,18.18,0.813,35,0,1
CPT00772,2025-10-07,1,26.34,4.84,2.1,12.54,0.885,6,0,1
CPT00772,2025-10-21,4,154.95,7.1025,4.6,33.68,0.773,8,0,1
CPT00772,2025-12-09,6,188.51,8.608333333333333,7.8,24.17,0.729,15,0,1
CPT00775,2026-02-10,2,78.91,7.295,4.8,16.44,0.89,15,0,0
CPT00775,2026-04-21,2,70.37,3.305,3.8,18.52,0.838,25,0,0
CPT00781,2025-07-22,3,138.84,6.65,3.9,35.6,0.829,0,1,0
CPT00781,2025-11-25,1,66.07,23.09,4.0,16.52,0.819,3,0,0
CPT00782,2026-03-17,2,81.99,10.420000000000002,4.1,20.0,0.793,24,0,0
CPT00783,2026-04-28,1,22.26,6.99,2.2,10.12,0.844,20,0,0
CPT00784,2026-04-07,2,68.32,9.93,2.4,28.47,0.694,33,0,0
CPT00789,2025-10-21,5,147.55,6.556,6.6,22.36,0.879,0,1,0
CPT00790,2026-03-24,3,124.25,10.5,6.2,20.04,0.799,37,0,1
CPT00790,2026-04-28,1,19.92,4.93,3.7,5.38,0.843,42,0,1
CPT00794,2025-07-22,3,113.77,12.016666666666666,5.3,21.47,0.942,0,1,0
CPT00794,2025-08-26,4,107.05,3.5,5.6,19.12,0.697,3,0,0
CPT00794,2025-09-02,4,140.95999999999998,8.775,2.8,50.34,0.867,4,0,0
CPT00795,2025-08-12,3,145.82,8.593333333333334,4.8,30.38,0.722,0,1,1
CPT00796,2025-07-08,3,83.28,8.436666666666667,4.5,18.51,0.774,0,1,0
CPT00796,2026-02-10,2,76.28,9.739999999999998,2.1,36.32,0.801,16,0,0
CPT00797,2025-07-15,2,75.19,6.89,3.5,21.48,0.842,0,1,0
CPT00797,2025-09-30,5,197.16,8.244,5.8,33.99,0.658,0,1,0
CPT00797,2026-02-17,4,175.45,10.2875,3.2,54.83,0.742,19,0,0
CPT00798,2025-07-08,1,19.08,4.58,3.2,5.96,0.673,0,1,0
CPT00798,2025-10-14,1,66.11,11.61,5.3,12.47,0.835,8,0,0
CPT00799,2025-07-22,3,85.27,4.556666666666667,6.0,14.21,0.942,0,1,0
CPT00801,2025-07-15,2,90.82,8.945,5.2,17.47,0.872,0,1,0
CPT00801,2026-02-24,2,109.8,16.465,3.1,35.42,0.699,18,0,0
CPT00801,2026-04-14,2,76.74,12.475,5.4,14.21,0.706,25,0,0
CPT00804,2026-05-26,2,60.36,6.305,3.7,16.31,0.904,19,0,0
CPT00807,2025-12-16,6,249.63,7.15,6.8,36.71,0.823,6,0,0
CPT00811,2025-09-16,3,151.41,5.203333333333333,5.7,26.56,0.889,0,1,0
CPT00814,2026-05-05,4,164.71,9.225,5.8,28.4,0.854,34,0,0
CPT00814,2026-06-09,2,45.79,4.84,5.0,9.16,0.843,39,0,0
CPT00814,2026-06-16,3,132.99,9.926666666666668,4.8,27.71,0.885,40,0,0
CPT00815,2026-04-07,4,111.08,5.475,4.0,27.77,0.83,26,0,1
CPT00817,2025-08-12,3,97.98,10.566666666666668,3.7,26.48,0.867,0,1,0
CPT00817,2026-04-14,5,136.41,7.112,4.8,28.42,0.928,10,0,0
CPT00818,2026-02-03,2,64.98,8.44,3.9,16.66,0.863,19,0,1
CPT00819,2025-09-09,1,42.51,15.73,3.6,11.81,0.81,0,1,0
CPT00820,2026-02-10,1,26.9,8.17,3.5,7.69,1.0,20,0,1
CPT00821,2025-08-05,3,87.46000000000001,8.143333333333333,3.5,24.99,0.893,0,1,1
CPT00824,2025-09-09,1,58.67,9.36,1.8,32.59,0.899,0,1,0
CPT00826,2025-09-02,3,168.69,8.78,5.1,33.08,0.936,0,1,1
CPT00826,2026-02-24,1,43.75,4.93,4.1,10.67,0.849,8,0,1
CPT00826,2026-06-23,4,130.56,6.525,5.6,23.31,0.866,25,0,1
CPT00827,2025-09-02,2,72.81,5.835,4.9,14.86,0.673,0,1,0
CPT00828,2026-05-19,5,180.31,7.970000000000001,5.7,31.63,0.742,38,0,1
CPT00830,2026-03-31,4,76.66,3.4675,4.4,17.42,0.821,10,0,0
CPT00831,2025-08-19,2,98.24,6.55,3.6,27.29,0.645,0,1,0
CPT00831,2026-02-03,1,17.11,3.49,4.3,3.98,0.826,22,0,0
CPT00834,2025-12-02,2,48.1,4.285,7.1,6.77,0.782,7,0,0
CPT00835,2025-07-29,2,64.51,9.295,4.8,13.44,0.765,0,1,0
CPT00837,2026-05-12,2,102.5,7.765,4.6,22.28,0.826,39,0,0
CPT00838,2025-08-19,1,21.95,6.16,3.9,5.63,0.843,0,1,0
CPT00838,2025-12-30,3,80.02,7.333333333333333,5.6,14.29,0.847,0,1,0
CPT00839,2025-11-11,2,52.69,6.74,3.1,17.0,0.968,2,0,0
CPT00840,2025-08-12,3,86.66,5.386666666666666,5.2,16.67,0.888,0,1,0
CPT00842,2026-06-09,3,114.71,6.063333333333333,5.4,21.24,0.791,16,0,0
CPT00843,2025-11-18,6,249.07,8.296666666666667,7.0,35.58,0.81,5,0,0
CPT00843,2026-03-17,2,94.07,6.745,4.4,21.38,0.842,22,0,0
CPT00843,2026-04-28,1,20.33,2.23,2.4,8.47,0.713,28,0,0
CPT00843,2026-05-12,2,46.33,4.425,3.7,12.52,0.742,30,0,0
CPT00845,2025-08-19,1,19.28,4.37,4.3,4.48,0.734,0,1,0
CPT00845,2025-10-28,4,164.85,5.7125,4.8,34.34,0.818,0,1,0
CPT00847,2026-03-17,2,85.00999999999999,17.7,1.4,60.72,0.888,21,0,0
CPT00848,2026-03-03,2,53.53,6.225,4.8,11.15,0.947,0,1,1
CPT00849,2025-09-16,2,119.0,14.46,5.3,22.45,0.852,0,1,0
CPT00849,2025-11-18,1,55.25,13.5,3.6,15.35,0.828,0,1,0
CPT00849,2026-05-19,2,53.29,8.52,6.9,7.72,0.831,16,0,0
CPT00853,2025-07-01,7,225.09,8.15857142857143,8.7,25.87,0.745,0,1,0
CPT00854,2025-07-22,3,145.82999999999998,12.163333333333334,4.8,30.38,0.788,0,1,0
CPT00854,2025-11-25,3,104.1,7.863333333333333,4.6,22.63,0.826,0,1,0
CPT00854,2026-06-30,1,20.06,2.66,3.7,5.42,0.758,22,0,0
CPT00857,2025-11-25,3,110.08,7.686666666666667,5.3,20.77,0.819,9,0,0
CPT00858,2025-09-16,1,22.37,4.57,5.0,4.47,0.857,0,1,0
CPT00859,2025-09-09,1,46.69,19.04,4.3,10.86,0.954,3,0,0
CPT00862,2025-09-09,4,143.34,9.37,6.1,23.5,0.977,1,0,0
CPT00863,2025-09-23,2,80.78999999999999,5.865,4.7,17.19,0.839,0,1,0
CPT00863,2026-04-21,5,188.36,9.248,5.1,36.93,0.795,20,0,0
CPT00864,2026-06-16,2,72.6,8.86,4.3,16.88,0.858,30,0,0
CPT00868,2025-07-22,3,121.74,7.276666666666666,6.9,17.64,0.99,0,1,0
CPT00869,2025-07-22,3,102.06,6.686666666666667,5.1,20.01,0.714,0,1,0
CPT00869,2025-08-05,3,104.75,8.62,4.5,23.28,0.92,0,1,0
CPT00870,2026-03-31,6,264.84000000000003,8.861666666666666,7.8,33.95,0.77,17,0,0
CPT00871,2025-07-15,3,72.83,5.57,5.6,13.01,0.741,0,1,0
CPT00871,2026-03-24,3,105.17,5.883333333333333,4.7,22.38,0.741,31,0,0
CPT00871,2026-06-23,3,143.88,10.726666666666668,5.9,24.39,0.828,44,0,0
CPT00874,2026-03-03,1,71.07,26.61,5.4,13.16,0.962,25,0,0
CPT00874,2026-05-26,4,193.1,8.8125,3.9,49.51,0.842,37,0,0
CPT00875,2025-10-07,2,80.34,10.08,5.1,15.75,0.795,8,0,0
CPT00875,2026-06-23,2,58.47,4.715,2.1,27.84,1.0,45,0,0
CPT00877,2025-10-14,1,50.9,10.46,4.1,12.41,0.816,0,1,0
CPT00877,2026-01-27,2,53.61,5.055,3.0,17.87,0.797,4,0,0
CPT00878,2025-10-21,3,154.57999999999998,17.733333333333334,6.5,23.78,0.766,0,1,0
CPT00879,2025-10-14,2,127.79,11.77,7.5,17.04,0.809,8,0,1
CPT00879,2025-12-23,2,96.38,14.71,4.7,20.51,0.881,18,0,1
CPT00879,2026-06-09,3,115.32,5.353333333333334,3.1,37.2,0.856,42,0,1
CPT00880,2026-02-17,1,43.7,16.99,2.5,17.48,0.936,31,0,0
CPT00881,2025-12-16,3,63.07,4.916666666666667,4.6,13.71,0.793,0,1,1
CPT00883,2025-09-02,1,58.59,14.01,4.7,12.47,0.76,0,1,0
CPT00883,2026-05-19,2,103.26,18.51,2.6,39.72,0.832,28,0,0
CPT00885,2026-06-09,1,46.54,4.32,1.3,35.8,0.77,37,0,0
CPT00886,2026-05-05,4,106.01,5.145,5.3,20.0,0.861,29,0,0
CPT00889,2025-11-04,3,90.64,7.633333333333333,5.5,16.48,0.981,0,1,0
CPT00891,2025-12-16,2,68.50999999999999,6.35,5.7,12.02,0.807,13,0,0
CPT00893,2025-12-16,2,80.56,9.85,5.1,15.8,0.705,1,0,0
CPT00894,2025-08-19,2,125.65,9.035,4.6,27.32,0.814,1,0,0
CPT00894,2026-05-05,2,168.41,10.19,5.5,30.62,0.739,38,0,0
CPT00896,2026-06-16,1,55.64,25.06,5.4,10.3,1.0,36,0,0
CPT00898,2026-05-05,5,164.07,9.874,7.6,21.59,0.71,18,0,0
CPT00899,2026-01-06,2,40.94,5.01,4.6,8.9,0.708,12,0,0
CPT00900,2025-07-29,3,83.37,5.4,5.1,16.35,0.729,0,1,0
CPT00901,2025-07-08,4,217.21,8.967500000000001,6.2,35.03,0.774,0,1,0
CPT00901,2026-01-27,2,51.42,7.85,4.0,12.86,0.704,15,0,0
CPT00903,2026-06-30,1,36.46,13.76,3.6,10.13,0.795,35,0,0
CPT00906,2026-03-31,4,124.89,6.577500000000001,5.5,22.71,1.0,3,0,0
CPT00908,2025-12-16,2,58.49,4.975,3.7,15.81,0.719,0,1,0
CPT00909,2025-09-02,2,60.81,8.61,6.0,10.14,0.905,0,1,0
CPT00910,2025-08-19,3,105.9,11.796666666666669,8.0,13.24,0.851,0,1,1
CPT00912,2026-04-14,6,254.09,7.85,6.5,39.09,0.929,32,0,1
CPT00913,2025-08-19,5,213.64,9.48,7.0,30.52,0.763,0,1,0
CPT00913,2026-06-23,3,142.35,12.913333333333334,4.9,29.05,0.919,36,0,0
CPT00914,2025-09-23,1,14.39,1.91,4.6,3.13,0.778,0,1,1
CPT00915,2026-03-10,3,92.45,5.82,4.9,18.87,0.802,29,0,0
CPT00916,2025-11-18,3,102.28,6.330000000000001,3.9,26.23,0.918,11,0,0
CPT00916,2026-04-28,1,31.63,10.98,2.3,13.75,0.82,34,0,0
CPT00918,2025-10-28,2,61.63,6.315,3.4,18.13,0.839,0,1,0
CPT00920,2026-06-16,4,172.42000000000002,14.385,5.4,31.93,0.827,27,0,1
CPT00921,2026-02-24,5,154.42,6.3,8.8,17.55,0.787,20,0,0
CPT00921,2026-04-28,4,217.72,12.2725,6.0,36.29,0.761,29,0,0
CPT00922,2025-09-09,1,21.59,5.61,3.6,6.0,0.821,0,1,0
CPT00923,2025-07-01,3,72.8,4.173333333333333,6.3,11.56,0.773,0,1,1
CPT00923,2026-06-16,1,33.25,3.96,3.0,11.08,0.74,26,0,1
CPT00926,2026-06-23,5,163.22,9.142,5.0,32.64,0.771,14,0,1
CPT00927,2025-07-15,2,42.38,3.82,5.7,7.44,0.912,0,1,1
CPT00927,2026-06-16,6,178.92,6.73,4.7,38.07,0.906,46,0,1
CPT00928,2025-09-23,1,18.86,4.05,3.1,6.08,0.903,0,1,0
CPT00931,2026-04-21,2,43.72,4.97,5.2,8.41,0.832,36,0,0
CPT00932,2025-11-18,2,82.23,10.39,4.2,19.58,1.0,0,1,0
CPT00932,2026-01-20,4,134.29,9.4625,6.1,22.01,0.978,5,0,0
CPT00933,2025-09-30,2,54.52,8.585,5.1,10.69,0.832,0,1,0
CPT00934,2025-12-16,4,178.61,8.844999999999999,4.3,41.54,0.683,0,1,0
CPT00936,2026-06-16,2,52.67,5.605,2.1,25.08,0.971,43,0,0
CPT00938,2025-12-30,3,87.67,6.976666666666667,5.0,17.53,0.834,0,1,0
CPT00938,2026-02-03,3,79.66,6.55,3.4,23.43,0.779,5,0,0
CPT00938,2026-03-03,1,30.28,1.45,3.2,9.46,0.88,9,0,0
CPT00939,2025-10-07,2,80.38,9.475,4.8,16.75,0.775,2,0,0
CPT00941,2025-09-23,4,138.51999999999998,5.0925,5.7,24.3,0.781,0,1,0
CPT00941,2026-01-06,2,86.24000000000001,12.38,4.7,18.35,0.953,0,1,0
CPT00942,2025-10-21,3,85.15,6.946666666666666,2.4,35.48,0.95,3,0,0
CPT00943,2026-05-05,4,116.71,6.734999999999999,5.9,19.78,0.779,27,0,0
CPT00944,2025-12-30,2,129.52,21.05,5.5,23.55,0.746,0,1,0
CPT00946,2026-06-23,3,135.1,9.076666666666666,6.6,20.47,0.815,30,0,1
CPT00948,2026-02-24,5,137.71,6.122,6.2,22.21,0.85,15,0,0
CPT00949,2026-02-10,3,113.6,7.97,6.3,18.03,0.751,10,0,0
CPT00953,2026-03-10,4,164.36,7.755000000000001,5.1,32.23,0.777,29,0,0
CPT00954,2026-01-20,4,245.44,11.54,4.9,50.09,0.717,0,1,0
CPT00957,2026-05-12,4,103.36,5.62,4.5,22.97,0.724,29,0,1
CPT00957,2026-06-02,8,294.57,7.52,9.7,30.37,0.781,32,0,1
CPT00958,2026-06-23,3,70.36,5.326666666666667,5.6,12.56,0.802,32,0,0
CPT00960,2026-05-05,4,156.38,10.2,5.3,29.51,0.879,5,0,0
CPT00960,2026-05-26,3,116.22,4.55,5.4,21.52,0.816,8,0,0
CPT00964,2025-09-09,2,88.67,5.265,4.6,19.28,0.91,8,0,0
CPT00964,2026-03-31,2,81.71000000000001,12.23,1.4,58.36,0.894,37,0,0
CPT00965,2026-03-31,1,103.37,17.53,3.5,29.53,0.931,12,0,0
CPT00968,2025-09-02,1,42.58,4.0,3.1,13.74,0.796,1,0,0
CPT00969,2025-12-23,2,54.15,7.885,4.8,11.28,0.764,0,1,0
CPT00970,2025-10-14,2,72.42,10.36,4.3,16.84,0.939,0,1,1
CPT00973,2026-05-12,2,177.68,14.08,3.9,45.56,0.65,27,0,0
CPT00973,2026-06-23,3,85.03,7.593333333333334,6.4,13.29,0.897,33,0,0
CPT00975,2025-12-16,3,100.97,5.583333333333333,4.9,20.61,0.937,8,0,0
CPT00976,2025-07-29,4,156.91,7.9775,5.3,29.61,0.993,0,1,1
CPT00977,2026-06-23,2,65.18,4.734999999999999,5.3,12.3,0.853,17,0,0
CPT00980,2026-01-27,1,20.08,3.92,2.9,6.92,0.729,9,0,0
CPT00982,2025-10-14,2,108.2,18.08,4.1,26.39,0.929,0,1,1
CPT00982,2025-10-28,1,15.48,2.42,2.8,5.53,0.729,0,1,1
CPT00983,2025-09-09,4,138.10000000000002,9.68,2.4,57.54,0.771,0,1,0
CPT00984,2026-06-23,5,238.56,9.842,5.5,43.37,0.852,13,0,0
CPT00986,2025-11-04,4,116.09,6.255,6.6,17.59,0.751,0,1,0
CPT00987,2025-09-16,4,181.39,8.785,5.3,34.22,0.803,0,1,0
CPT00989,2026-02-03,1,24.19,7.26,3.5,6.91,0.822,20,0,0
CPT00992,2025-12-16,3,92.22,7.386666666666667,5.5,16.77,0.775,5,0,0
CPT00995,2025-08-12,2,114.33,13.575,3.9,29.32,0.851,0,1,1
CPT00995,2026-01-27,2,46.94,6.705,4.5,10.43,0.89,15,0,1
CPT01000,2026-01-06,2,136.54,14.875,4.4,31.03,0.841,13,0,0
CPT01000,2026-04-14,2,77.96000000000001,5.65,3.9,19.99,0.924,27,0,0
CPT01002,2025-10-28,1,37.47,7.9,3.4,11.02,0.835,8,0,0
CPT01002,2026-03-03,1,52.75,11.22,2.8,18.84,0.889,26,0,0
CPT01009,2025-12-09,3,122.92,10.206666666666669,5.6,21.95,0.869,17,0,0
CPT01010,2026-04-14,6,251.25,10.625,5.6,44.87,0.83,14,0,0
CPT01010,2026-06-09,3,99.58,5.793333333333333,5.3,18.79,0.953,22,0,0
CPT01011,2026-04-21,2,75.51,5.01,4.6,16.42,0.843,3,0,0
CPT01012,2026-01-20,3,112.87,9.193333333333332,5.9,19.13,0.78,14,0,0
CPT01012,2026-01-27,5,204.26,8.382000000000001,7.4,27.6,0.718,15,0,0
CPT01014,2025-08-26,2,65.78999999999999,11.595,6.7,9.82,0.859,0,1,0
CPT01017,2025-09-16,2,44.1,6.1,4.3,10.26,0.843,0,1,1
CPT01018,2025-07-08,3,101.71,4.113333333333333,6.2,16.4,0.774,0,1,0
CPT01021,2025-11-25,3,76.35,5.233333333333333,3.5,21.81,0.886,0,1,1
CPT01023,2025-11-18,2,73.54,5.9350000000000005,5.9,12.46,0.727,0,1,0
CPT01024,2025-07-01,4,142.45,6.1625,4.5,31.66,0.963,0,1,1
CPT01027,2026-01-13,2,83.44,10.84,3.5,23.84,0.819,0,1,0
CPT01028,2026-02-24,3,107.87,7.8,5.6,19.26,0.844,0,1,0
CPT01029,2025-12-02,1,34.16,11.98,4.6,7.43,0.88,1,0,0
CPT01029,2025-12-16,1,47.92,14.0,3.6,13.31,0.895,3,0,0
CPT01030,2026-04-28,2,51.77,5.19,5.0,10.35,0.937,37,0,0
CPT01031,2025-08-19,1,32.18,6.83,4.6,7.0,0.867,0,1,0
CPT01031,2026-02-10,3,168.38,13.69,3.7,45.51,0.676,11,0,0
CPT01033,2026-05-26,3,68.09,3.31,3.2,21.28,0.886,32,0,0
CPT01036,2025-07-08,2,116.58,11.165,3.7,31.51,0.823,0,1,1
CPT01036,2026-03-03,1,21.73,4.93,2.7,8.05,0.786,3,0,1
CPT01037,2025-08-26,3,108.26,10.54,4.2,25.78,0.741,2,0,0
CPT01039,2025-10-14,2,71.7,9.455,2.7,26.56,0.718,0,1,0
CPT01039,2026-03-24,2,49.92,3.45,4.8,10.4,0.731,19,0,0
CPT01040,2026-01-20,2,63.13,8.155,3.8,16.61,0.873,23,0,0
CPT01041,2026-01-06,1,19.36,4.52,3.5,5.53,0.832,16,0,0
CPT01042,2025-12-02,5,129.73999999999998,5.37,7.3,17.77,0.798,0,1,0
CPT01042,2026-03-17,5,211.64,9.532,6.3,33.59,0.82,0,1,0
CPT01042,2026-03-24,1,46.46,7.89,4.3,10.8,0.913,0,1,0
CPT01043,2025-10-07,1,71.13,11.21,3.2,22.23,0.924,0,1,0
CPT01046,2025-09-02,3,98.48,10.163333333333332,5.8,16.98,0.782,0,1,1
CPT01047,2025-12-30,4,110.76,5.205,6.2,17.86,0.79,17,0,0
CPT01048,2026-01-06,5,158.94,5.914,7.7,20.64,0.837,0,1,0
CPT01050,2026-02-17,5,280.99,13.842,5.6,50.18,0.739,13,0,0
CPT01051,2025-07-08,2,48.29,4.165,4.2,11.5,0.803,0,1,0
CPT01052,2025-09-16,3,65.61,5.623333333333332,3.3,19.88,0.796,0,1,0
CPT01053,2025-07-29,1,16.3,1.92,3.9,4.18,0.6,0,1,0
CPT01053,2025-11-25,2,61.99,8.07,3.9,15.89,0.788,7,0,0
CPT01054,2025-10-07,1,55.11,10.86,3.7,14.89,0.839,11,0,1
CPT01056,2026-06-16,7,242.11,8.028571428571428,5.9,41.04,0.882,37,0,0
CPT01057,2025-07-15,6,304.49,12.536666666666669,7.0,43.5,0.858,0,1,1
CPT01057,2025-11-11,1,25.76,6.16,4.2,6.13,0.965,0,1,1
CPT01057,2026-01-27,6,214.74,7.5,4.9,43.82,0.77,3,0,1
CPT01058,2025-07-15,1,34.37,12.63,2.4,14.32,0.69,0,1,1
CPT01059,2025-10-07,2,112.34,14.58,4.7,23.9,0.86,0,1,0
CPT01060,2026-03-03,6,191.78,8.48,6.9,27.79,0.902,2,0,1
CPT01060,2026-04-28,1,81.49,14.45,3.1,26.29,0.803,10,0,1
CPT01062,2026-06-09,2,61.41,8.5,4.2,14.62,0.867,28,0,0
CPT01063,2026-06-30,1,18.6,2.95,4.5,4.13,0.911,49,0,1
CPT01064,2026-03-31,5,187.92,9.908,8.2,22.92,0.715,24,0,1
CPT01064,2026-05-05,1,30.15,1.07,3.5,8.61,0.777,29,0,1
CPT01065,2026-01-27,1,24.54,4.84,3.8,6.46,0.508,17,0,0
CPT01072,2025-09-23,3,95.53,6.006666666666667,6.2,15.41,0.939,3,0,1
CPT01072,2026-06-02,3,127.54,4.733333333333333,7.1,17.96,0.797,39,0,1
CPT01073,2025-10-07,1,35.54,12.89,2.7,13.16,0.721,0,1,0
CPT01073,2026-02-24,2,113.47,11.21,3.4,33.37,0.75,3,0,0
CPT01073,2026-06-02,3,80.86,5.583333333333333,4.6,17.58,0.736,17,0,0
CPT01074,2026-03-31,1,44.18,13.47,2.5,17.67,0.787,24,0,0
CPT01076,2025-12-02,3,61.56,3.5933333333333337,5.4,11.4,0.82,0,1,0
CPT01076,2026-03-10,3,126.27,11.136666666666663,4.0,31.57,0.697,11,0,0
CPT01082,2025-07-15,2,48.38,4.2,2.3,21.03,0.805,0,1,0
CPT01083,2025-07-22,3,147.39,13.21,4.9,30.08,0.907,0,1,0
CPT01083,2025-09-16,1,28.99,9.27,3.3,8.78,0.9,7,0,0
CPT01085,2026-02-24,2,75.29,6.494999999999999,4.0,18.82,0.905,9,0,0
CPT01086,2025-10-28,4,134.19,4.395,4.3,31.21,0.834,0,1,0
CPT01086,2026-02-24,3,177.25,10.506666666666668,5.3,33.44,0.664,6,0,0
CPT01088,2026-04-21,2,58.73,10.420000000000002,4.8,12.24,0.761,35,0,1
CPT01089,2025-08-19,3,106.24,6.7700000000000005,6.1,17.42,0.818,0,1,0
CPT01089,2026-03-17,2,57.510000000000005,5.640000000000001,4.4,13.07,0.921,8,0,0
CPT01090,2025-08-05,6,174.17000000000002,6.183333333333334,5.4,32.25,0.872,0,1,0
CPT01091,2025-10-21,2,106.37,11.22,2.5,42.55,0.868,11,0,0
CPT01091,2026-06-02,4,149.07,6.9125,4.4,33.88,0.781,43,0,0
CPT01093,2025-09-16,3,142.35,12.736666666666666,3.6,39.54,0.796,0,1,0
CPT01093,2025-12-16,5,207.48,7.634,5.5,37.72,0.766,1,0,0
CPT01093,2026-02-17,2,35.18,2.73,4.2,8.38,0.767,10,0,0
CPT01093,2026-05-05,3,156.17,12.24,4.8,32.54,0.787,21,0,0
CPT01097,2025-09-23,1,42.06,4.46,3.7,11.37,0.956,0,1,0
CPT01098,2025-07-22,2,93.41,9.995,5.6,16.68,0.807,0,1,0
CPT01098,2025-12-23,3,81.09,7.316666666666666,4.9,16.55,0.795,2,0,0
CPT01099,2025-09-16,2,48.25,7.36,5.7,8.46,0.916,0,1,1
CPT01099,2026-02-03,1,26.39,7.77,3.3,8.0,0.822,3,0,1
CPT01099,2026-06-16,3,80.0,3.5033333333333334,4.7,17.02,0.747,22,0,1
CPT01101,2025-07-15,2,55.81999999999999,4.22,5.5,10.15,1.0,0,1,0
CPT01105,2026-05-05,3,147.07,10.46,4.5,32.68,0.947,19,0,0
CPT01106,2025-10-21,3,64.42,3.633333333333333,4.2,15.34,0.669,0,1,0
CPT01107,2025-12-23,3,80.97,5.943333333333334,5.5,14.72,0.72,19,0,0
CPT01107,2026-02-03,1,38.43,9.28,2.9,13.25,0.82,25,0,0
CPT01110,2025-08-12,3,73.12,6.8133333333333335,3.9,18.75,0.87,0,1,0
CPT01113,2025-12-30,1,29.8,10.0,1.5,19.87,0.905,20,0,0
CPT01113,2026-03-24,1,41.88,7.69,4.9,8.55,0.804,32,0,0
CPT01115,2025-10-07,1,44.02,16.5,4.2,10.48,0.687,0,1,0
CPT01117,2026-02-03,1,23.35,0.99,2.1,11.12,0.828,7,0,0
CPT01119,2026-02-03,4,189.6,9.2125,6.7,28.3,0.771,26,0,0
CPT01119,2026-06-23,3,146.95,6.140000000000001,6.4,22.96,0.966,46,0,0
CPT01122,2025-07-15,1,40.78,11.41,2.4,16.99,0.942,0,1,0
CPT01123,2026-01-13,2,73.33,10.08,4.7,15.6,0.74,22,0,0
CPT01126,2025-10-28,6,194.18,7.914999999999999,6.2,31.32,0.791,6,0,0
CPT01126,2026-02-10,1,13.36,1.35,4.6,2.9,0.881,21,0,0
CPT01127,2025-10-14,2,89.06,14.615000000000002,5.8,15.36,0.966,0,1,0
CPT01127,2025-12-23,5,204.99,8.664,7.1,28.87,0.715,4,0,0
CPT01127,2026-05-05,5,164.09,7.574000000000001,4.2,39.07,0.814,23,0,0
CPT01132,2026-04-21,2,92.57,13.67,3.7,25.02,0.808,23,0,0
CPT01133,2025-09-02,2,88.04,7.640000000000001,3.7,23.79,0.911,0,1,0
CPT01134,2026-01-20,1,58.03,9.06,3.2,18.13,0.881,5,0,0
CPT01135,2026-02-24,6,265.32,8.83,6.2,42.79,0.857,5,0,0
CPT01138,2025-10-21,1,20.62,4.57,0.5,41.24,1.0,8,0,0
CPT01141,2026-04-21,4,69.38,3.2525,5.5,12.61,0.905,13,0,1
CPT01145,2025-07-29,3,129.8,7.263333333333333,3.8,34.16,1.0,0,1,1
CPT01147,2026-05-26,2,77.19,7.960000000000001,5.7,13.54,0.677,42,0,0
CPT01148,2025-07-15,2,74.46000000000001,7.035,4.4,16.92,0.893,0,1,0
CPT01151,2026-05-05,4,110.64,5.48,6.5,17.02,0.742,28,0,0
CPT01153,2025-09-16,2,49.85,6.484999999999999,4.8,10.39,0.747,7,0,0
CPT01154,2025-07-01,1,24.78,3.64,4.9,5.06,0.993,0,1,0
CPT01155,2025-07-29,2,57.18,5.245,4.6,12.43,0.824,0,1,0
CPT01156,2026-03-10,2,64.3,6.045,2.3,27.96,0.797,31,0,0
CPT01157,2025-07-22,5,168.57999999999998,9.124,5.1,33.05,0.785,0,1,0
CPT01157,2026-06-30,1,44.51,2.83,3.8,11.71,1.0,38,0,0
CPT01158,2026-01-27,4,120.89,10.275,7.9,15.3,0.838,21,0,0
CPT01159,2026-01-20,2,81.22999999999999,7.345,4.9,16.58,0.846,21,0,0
CPT01159,2026-02-10,6,208.41,7.8883333333333345,5.0,41.68,0.864,24,0,0
CPT01161,2025-09-16,1,32.11,8.89,4.5,7.14,0.889,0,1,0
CPT01162,2026-05-19,1,18.08,0.8,1.1,16.44,0.813,24,0,1
CPT01164,2026-05-26,2,111.58,11.635000000000002,4.2,26.57,0.834,34,0,0
CPT01164,2026-06-16,4,175.1,8.3525,5.5,31.84,0.903,37,0,0
CPT01166,2025-08-12,1,93.28,19.49,4.0,23.32,0.768,0,1,1
CPT01166,2026-05-26,1,50.34,8.98,4.4,11.44,0.909,37,0,1
CPT01168,2025-11-25,2,101.38,4.8950000000000005,3.7,27.4,0.921,0,1,1
CPT01170,2025-12-16,2,50.36,8.045,3.8,13.25,0.823,0,1,0
CPT01171,2026-06-09,4,101.45,5.3325000000000005,3.6,28.18,0.814,45,0,0
CPT01173,2026-03-03,5,201.47,6.33,6.0,33.58,0.89,24,0,0
CPT01173,2026-06-16,2,70.31,8.16,3.6,19.53,0.735,39,0,0
CPT01174,2026-02-17,2,86.42,9.675,4.5,19.2,0.755,19,0,0
CPT01175,2025-07-29,2,75.91,8.504999999999999,4.0,18.98,0.867,0,1,1
CPT01176,2025-08-26,2,37.27,1.75,2.3,16.2,0.891,0,1,0
CPT01179,2025-07-15,1,47.26,12.93,3.9,12.12,0.845,0,1,0
CPT01180,2026-05-12,4,128.62,8.25,4.5,28.58,0.842,32,0,0
CPT01180,2026-06-16,4,116.64,5.8,5.7,20.46,1.0,37,0,0
CPT01182,2025-11-11,2,45.13,5.96,4.9,9.21,0.826,0,1,0
CPT01182,2026-05-05,4,116.82,5.92,6.5,17.97,0.791,16,0,0
CPT01183,2025-11-04,1,23.18,6.46,4.3,5.39,0.908,12,0,0
CPT01184,2025-08-12,2,80.99000000000001,5.56,2.6,31.15,0.823,0,1,0
CPT01185,2025-10-07,2,62.67,7.115,6.1,10.27,0.881,0,1,0
CPT01185,2025-12-23,2,41.23,5.3100000000000005,4.9,8.41,0.766,3,0,0
CPT01188,2026-01-27,3,107.42,6.663333333333333,6.0,17.9,0.769,8,0,0
CPT01189,2026-01-20,3,128.48,11.203333333333331,6.5,19.77,0.678,5,0,1
CPT01191,2026-03-10,3,136.21,14.236666666666666,6.9,19.74,0.812,14,0,0
CPT01194,2025-10-07,1,25.37,4.42,0.5,50.74,0.805,0,1,1
CPT01194,2026-05-12,2,52.95,2.91,3.1,17.08,0.766,24,0,1
CPT01195,2026-06-02,6,191.73,7.141666666666667,7.8,24.58,0.941,10,0,1
CPT01197,2026-06-16,1,27.27,8.65,1.2,22.72,0.84,28,0,0
CPT01199,2025-09-16,3,161.45,13.25,4.5,35.88,0.72,3,0,0
CPT01199,2026-03-03,4,148.26,11.58,6.3,23.53,0.861,27,0,0
CPT01200,2025-10-21,2,54.53,8.940000000000001,3.0,18.18,0.753,9,0,0
CPT01200,2025-11-18,2,89.34,3.655,3.0,29.78,0.852,13,0,0
CPT01201,2025-10-07,4,109.17,5.09,4.4,24.81,0.711,0,1,0
CPT01202,2025-07-08,2,47.97,3.82,5.6,8.57,0.796,0,1,0
CPT01203,2025-07-29,3,92.12,4.45,5.0,18.42,0.85,0,1,0
CPT01203,2025-10-28,3,108.7,5.206666666666667,5.3,20.51,1.0,6,0,0
CPT01203,2026-05-12,5,139.04,6.604000000000001,4.8,28.97,0.839,34,0,0
CPT01203,2026-06-02,1,54.44,23.19,4.4,12.37,1.0,37,0,0
CPT01204,2025-08-12,3,96.82,6.29,3.9,24.83,0.864,0,1,0
CPT01207,2025-07-29,5,112.85,4.494,5.5,20.52,0.823,0,1,0
CPT01207,2025-09-23,3,215.09,14.763333333333334,2.7,79.66,0.732,0,1,0
CPT01207,2026-02-10,2,49.96,7.215,5.1,9.8,0.886,13,0,0
CPT01208,2026-02-03,3,147.72,7.043333333333333,6.1,24.22,1.0,15,0,0
CPT01209,2026-06-16,3,78.44,3.753333333333333,5.2,15.08,0.901,48,0,0
CPT01209,2026-06-23,3,125.23,5.640000000000001,5.1,24.55,0.899,49,0,0
CPT01210,2025-08-05,6,222.67,6.44,7.8,28.55,0.893,0,1,1
CPT01210,2025-09-02,1,21.98,2.85,5.1,4.31,0.767,3,0,1
CPT01212,2025-12-02,2,99.52,6.925,3.1,32.1,0.963,0,1,0
CPT01215,2026-02-10,1,76.56,10.5,4.3,17.8,0.894,2,0,0
CPT01216,2025-10-21,4,168.73,8.2,5.7,29.6,0.725,0,1,1
CPT01218,2026-01-20,1,28.64,5.97,3.9,7.34,0.709,19,0,0
CPT01218,2026-06-02,4,196.82,9.1075,4.6,42.79,0.721,38,0,0
CPT01220,2026-04-07,5,197.02,7.078,5.3,37.17,0.99,22,0,1
CPT01222,2025-10-14,3,170.8,9.966666666666669,2.6,65.69,0.85,7,0,0
CPT01226,2025-12-23,1,32.93,4.89,3.6,9.15,0.738,1,0,1
CPT01226,2026-03-17,4,120.89,6.8025,4.6,26.28,0.867,13,0,1
CPT01227,2026-05-12,3,160.78,17.813333333333333,5.2,30.92,0.731,2,0,0
CPT01228,2026-02-17,4,116.24,6.9175,5.5,21.13,0.674,22,0,0
CPT01230,2026-02-03,3,110.89,8.776666666666666,4.1,27.05,0.882,13,0,0
CPT01231,2025-09-09,1,22.51,6.47,3.4,6.62,0.785,0,1,1
CPT01231,2026-02-10,3,85.18,6.223333333333334,3.0,28.39,0.869,0,1,1
CPT01233,2026-02-10,3,94.84,5.956666666666667,4.7,20.18,0.832,23,0,0
CPT01236,2026-03-10,3,128.12,9.243333333333334,3.3,38.82,0.787,28,0,0
CPT01238,2025-09-02,3,91.72,7.486666666666667,4.3,21.33,0.91,0,1,0
CPT01238,2026-04-14,3,111.21,10.603333333333332,4.0,27.8,1.0,17,0,0
CPT01238,2026-06-16,4,114.06,8.455,5.5,20.74,0.694,26,0,0
CPT01240,2025-07-29,2,151.39,15.015,6.0,25.23,1.0,0,1,0
CPT01240,2025-09-02,3,96.71,8.01,6.2,15.6,0.746,0,1,0
CPT01240,2026-02-17,2,110.18,12.725,6.3,17.49,0.838,0,1,0
CPT01242,2025-08-19,3,111.68,5.776666666666666,6.8,16.42,0.86,0,1,1
CPT01243,2025-08-05,4,146.61,8.815,5.0,29.32,0.91,0,1,1
CPT01243,2026-03-17,2,69.49,5.195,4.7,14.79,0.832,27,0,1
CPT01244,2025-08-19,1,35.16,12.33,5.6,6.28,0.851,0,1,0
CPT01244,2026-05-12,3,129.55,9.133333333333333,5.7,22.73,0.803,12,0,0
CPT01248,2025-10-14,2,57.260000000000005,4.34,5.6,10.23,0.82,0,1,0
CPT01248,2025-11-04,1,42.48,17.25,3.1,13.7,0.63,0,1,0
CPT01250,2025-12-02,5,230.63,10.432,4.9,47.07,0.777,0,1,0
CPT01250,2026-05-19,3,95.35,4.806666666666666,3.5,27.24,0.834,14,0,0
CPT01251,2026-03-31,1,84.97,16.62,4.3,19.76,0.839,32,0,0
CPT01253,2025-07-08,4,108.01,6.0275,4.1,26.34,0.869,0,1,0
CPT01254,2026-02-03,3,95.15,5.41,6.9,13.79,0.882,11,0,0
CPT01254,2026-04-14,4,125.4,6.76,7.5,16.72,0.778,21,0,0
CPT01256,2026-05-12,3,99.92,8.643333333333333,3.8,26.29,0.825,28,0,0
CPT01257,2025-12-09,9,281.79,7.26111111111111,6.8,41.44,0.644,0,1,0
CPT01257,2026-06-23,1,19.13,3.9,4.1,4.67,0.891,23,0,0
CPT01258,2025-11-18,2,70.9,5.359999999999999,4.0,17.73,0.912,0,1,0
CPT01258,2026-02-03,5,256.9,11.846,5.8,44.29,0.794,0,1,0
CPT01258,2026-04-21,3,98.18,6.8933333333333335,5.0,19.64,0.613,6,0,0
CPT01259,2026-01-27,3,80.32000000000001,7.683333333333333,6.3,12.75,0.705,6,0,0
CPT01259,2026-04-21,2,68.47,8.600000000000001,5.2,13.17,0.912,18,0,0
CPT01262,2025-09-30,1,28.99,5.62,3.6,8.05,0.697,8,0,0
CPT01262,2025-12-23,2,96.02,7.865,5.1,18.83,0.775,20,0,0
CPT01264,2025-10-14,2,55.22,8.065,5.1,10.83,0.782,0,1,0
CPT01265,2025-07-01,3,141.15,10.273333333333332,5.7,24.76,0.827,0,1,0
CPT01265,2025-11-18,1,26.88,2.5,4.6,5.84,0.901,14,0,0
CPT01265,2026-02-10,2,38.53,1.02,4.5,8.56,0.701,26,0,0
CPT01267,2025-10-28,1,20.4,4.76,3.8,5.37,0.925,0,1,0
CPT01267,2026-05-12,2,44.46,6.2,4.2,10.59,0.903,26,0,0
CPT01268,2025-08-19,1,32.7,12.09,1.4,23.36,0.86,0,1,0
CPT01270,2026-04-21,1,26.23,8.23,1.8,14.57,0.848,6,0,0
CPT01271,2026-01-06,3,76.53,8.256666666666666,6.8,11.25,0.778,1,0,0
CPT01274,2026-01-13,1,32.68,7.89,4.2,7.78,0.823,8,0,0
CPT01275,2025-09-09,3,122.48,5.823333333333333,5.9,20.76,0.876,4,0,0
CPT01275,2026-02-24,4,131.48000000000002,7.890000000000001,4.9,26.83,0.849,28,0,0
CPT01276,2025-10-21,2,72.6,10.28,3.5,20.74,0.953,0,1,0
CPT01277,2025-09-30,1,47.32,6.19,3.7,12.79,0.914,0,1,0
CPT01277,2025-12-09,3,90.81,8.856666666666667,5.8,15.66,0.902,3,0,0
CPT01278,2026-04-21,4,152.69,9.3475,5.4,28.28,0.85,32,0,0
CPT01282,2025-12-09,1,25.45,7.54,3.0,8.48,0.711,5,0,0
CPT01285,2026-02-24,1,45.76,14.33,4.1,11.16,0.818,25,0,0
CPT01286,2025-09-23,4,118.94,8.42,6.2,19.18,0.838,0,1,0
CPT01288,2025-09-30,4,148.38,8.8125,6.2,23.93,0.802,2,0,1
CPT01289,2026-01-27,2,54.29,4.825,3.8,14.29,0.772,11,0,0
CPT01290,2026-06-16,4,152.04000000000002,8.5875,3.9,38.98,0.53,43,0,0
CPT01292,2026-05-12,3,97.21,6.293333333333334,4.1,23.71,0.829,32,0,0
CPT01293,2026-06-16,4,140.82,8.5075,5.2,27.08,0.955,13,0,0
CPT01296,2025-10-07,5,212.34,7.866,6.6,32.17,0.766,0,1,0
CPT01298,2025-11-18,4,84.87,4.2700000000000005,4.2,20.21,0.904,6,0,0
CPT01299,2025-07-22,1,13.16,1.03,4.8,2.74,0.984,0,1,0
CPT01299,2025-08-05,1,43.5,9.93,4.2,10.36,0.789,0,1,0
CPT01299,2025-11-18,2,97.97,7.285,4.8,20.41,0.711,0,1,0
CPT01299,2026-04-28,4,164.41,7.737500000000001,5.2,31.62,0.921,5,0,0
CPT01301,2026-06-09,4,121.94,7.7175,6.7,18.2,0.848,32,0,0
CPT01302,2026-01-13,3,100.93,4.946666666666666,4.3,23.47,0.793,3,0,0
CPT01302,2026-06-30,1,69.86,9.95,5.5,12.7,0.883,27,0,0
CPT01303,2026-02-17,1,46.96,7.61,4.3,10.92,0.847,22,0,1
CPT01310,2025-07-15,1,28.22,9.46,2.7,10.45,0.788,0,1,0
CPT01314,2025-10-21,3,109.67,11.473333333333334,4.0,27.42,0.929,0,1,0
CPT01316,2025-08-26,1,61.21,19.45,4.1,14.93,0.71,0,1,0
CPT01316,2025-11-25,1,12.89,1.31,5.0,2.58,0.797,6,0,0
CPT01318,2025-07-29,4,156.62,8.415000000000001,5.9,26.55,0.751,0,1,0
CPT01319,2025-09-02,2,38.19,4.3,3.2,11.93,0.828,0,1,0
CPT01321,2025-09-30,4,149.68,10.1175,6.8,22.01,0.848,0,1,0
CPT01321,2026-05-19,5,172.87,8.934000000000001,5.0,34.57,0.809,26,0,0
CPT01321,2026-06-09,5,245.41000000000005,7.436,7.6,32.29,0.804,29,0,0
CPT01324,2025-10-21,1,19.08,4.37,4.6,4.15,0.845,8,0,0
CPT01324,2026-05-05,2,64.67,8.845,6.0,10.78,0.909,36,0,0
CPT01327,2025-07-22,4,140.16,6.9350000000000005,6.3,22.25,0.767,1,0,0
CPT01328,2025-11-18,4,141.17000000000002,6.7875,5.6,25.21,0.655,0,1,1
CPT01330,2026-01-06,3,112.54,8.256666666666666,3.9,28.86,0.696,2,0,1
CPT01331,2025-10-28,1,82.91,15.96,4.7,17.64,0.796,15,0,1
CPT01333,2025-11-11,4,168.17,12.7175,4.4,38.22,0.625,11,0,0
CPT01338,2025-11-04,4,116.54,6.315,6.7,17.39,0.962,15,0,0
CPT01338,2026-03-10,2,77.03,5.07,4.2,18.34,0.772,33,0,0
CPT01338,2026-06-16,6,189.74,7.041666666666667,6.5,29.19,0.891,47,0,0
CPT01339,2026-01-27,2,77.0,7.855,4.4,17.5,0.94,0,1,0
CPT01340,2025-09-09,4,108.5,5.08,5.7,19.04,0.653,0,1,0
CPT01341,2025-11-04,1,59.9,15.19,4.5,13.31,0.813,0,1,0
CPT01341,2026-05-05,4,169.36,7.19,4.8,35.28,0.716,25,0,0
CPT01342,2025-07-15,4,190.37,6.949999999999999,8.1,23.5,0.809,0,1,1
CPT01343,2025-07-15,3,88.48,9.373333333333331,4.5,19.66,0.789,0,1,0
CPT01344,2025-11-11,3,127.57,9.18,5.4,23.62,0.831,0,1,0
CPT01345,2025-09-30,1,18.4,4.1,4.5,4.09,1.0,0,1,1
CPT01345,2025-10-07,3,86.05,9.28,5.3,16.24,0.787,0,1,1
CPT01347,2025-11-04,3,169.59,12.023333333333332,5.9,28.74,0.745,0,1,0
CPT01348,2025-07-08,2,53.68,5.895,5.6,9.59,0.849,0,1,0
CPT01350,2025-07-01,2,61.3,4.38,6.2,9.89,1.0,0,1,0
CPT01350,2025-10-28,2,63.42999999999999,5.95,6.4,9.91,0.91,0,1,0
CPT01351,2025-11-18,1,23.94,3.49,3.8,6.3,0.643,11,0,0
CPT01354,2026-01-27,1,45.69,18.03,2.9,15.76,0.747,20,0,0
CPT01355,2026-05-12,2,62.2,5.285,4.7,13.23,0.728,39,0,0
CPT01356,2026-04-28,2,82.33,10.075,6.4,12.86,0.907,9,0,0
CPT01359,2026-03-31,5,183.51,6.212,7.1,25.85,0.918,35,0,0
CPT01360,2026-05-19,2,76.19,9.585,4.7,16.21,0.992,29,0,0
CPT01361,2025-11-18,1,23.89,3.55,3.3,7.24,0.901,15,0,0
CPT01363,2025-12-30,2,67.93,9.075,2.8,24.26,0.894,5,0,0
CPT01363,2026-03-24,4,124.83,8.865,4.0,31.21,0.993,17,0,0
CPT01364,2026-02-10,3,82.44,5.876666666666668,5.1,16.16,0.739,15,0,1
CPT01365,2025-11-11,2,63.510000000000005,10.485,4.8,13.23,0.799,0,1,0
CPT01370,2026-01-13,1,25.2,7.28,2.2,11.45,0.744,9,0,0
CPT01371,2025-07-08,2,66.86,7.43,4.7,14.23,0.713,0,1,0
CPT01371,2025-12-02,2,89.52,9.85,4.3,20.82,0.842,16,0,0
CPT01372,2026-04-14,3,119.31,4.543333333333333,5.6,21.31,0.837,22,0,0
CPT01379,2026-02-10,3,125.69,10.34,2.7,46.55,0.726,0,1,0
CPT01380,2026-02-10,4,163.0,6.0575,4.9,33.27,0.879,14,0,0
CPT01382,2025-07-08,1,76.33,13.98,2.7,28.27,0.864,0,1,0
CPT01382,2026-04-07,1,31.15,6.4,4.4,7.08,0.871,0,1,0
CPT01382,2026-06-23,2,69.37,5.315,3.8,18.26,0.869,8,0,0
CPT01386,2025-10-14,2,77.94,7.425,5.1,15.28,0.943,0,1,1
CPT01387,2025-07-15,1,25.58,7.88,4.3,5.95,0.862,0,1,0
CPT01387,2026-05-12,2,75.35,7.54,5.1,14.77,0.977,20,0,0
CPT01389,2026-04-21,4,171.29,10.975,4.5,38.06,0.881,29,0,0
CPT01390,2026-04-07,4,157.09,6.7225,5.0,31.42,0.64,29,0,1
CPT01392,2026-06-02,3,103.59,9.263333333333334,5.2,19.92,0.68,35,0,0
CPT01395,2025-11-04,3,90.96,6.636666666666667,5.2,17.49,0.833,7,0,0
CPT01395,2026-05-12,2,42.83,3.53,3.3,12.98,0.809,34,0,0
CPT01397,2025-09-02,2,84.85,14.41,3.4,24.96,0.832,0,1,0
CPT01397,2026-01-06,2,65.27,4.51,4.1,15.92,0.893,7,0,0
CPT01399,2025-11-25,3,125.44,10.226666666666668,5.6,22.4,0.788,1,0,0
CPT01404,2026-02-24,4,138.87,9.6575,5.6,24.8,0.918,24,0,0
CPT01405,2025-09-16,3,130.96,8.283333333333333,5.1,25.68,0.846,0,1,1
CPT01408,2026-03-31,2,63.01,4.475,4.0,15.75,0.859,0,1,0
CPT01409,2025-10-14,1,57.31,17.55,5.1,11.24,0.835,0,1,0
CPT01410,2026-04-14,2,97.12,8.27,4.2,23.12,0.862,32,0,0
CPT01414,2025-08-19,1,39.38,5.2,3.8,10.36,0.963,0,1,1
CPT01414,2026-06-09,5,259.41,10.894,5.8,44.73,0.909,35,0,1
CPT01417,2025-11-18,6,210.46,5.301666666666667,7.2,29.23,0.708,13,0,0
CPT01418,2025-10-21,1,33.49,4.58,4.0,8.37,0.929,4,0,0
CPT01421,2025-07-08,1,43.8,17.73,2.8,15.64,0.873,0,1,1
CPT01421,2026-04-14,5,202.21,9.458,5.4,37.45,0.917,15,0,1
CPT01422,2025-10-21,5,192.49,9.574000000000002,7.4,26.01,0.777,7,0,0
CPT01425,2026-06-09,6,317.45,9.418333333333337,8.2,38.71,1.0,45,0,0
CPT01426,2026-03-17,3,76.64,7.166666666666667,1.1,69.67,0.786,25,0,0
CPT01430,2025-10-07,7,262.99,6.90142857142857,6.1,43.11,1.0,4,0,0
CPT01430,2025-11-11,3,90.48,7.260000000000001,5.1,17.74,0.897,9,0,0
CPT01430,2026-06-09,1,36.75,7.75,5.2,7.07,0.867,39,0,0
CPT01431,2025-09-02,2,68.46000000000001,4.145,4.5,15.21,0.912,0,1,0
CPT01434,2025-07-01,3,78.72,7.683333333333334,5.8,13.57,0.877,0,1,0
CPT01434,2026-05-19,3,98.96,8.026666666666666,4.4,22.49,0.876,44,0,0
CPT01437,2025-07-22,1,62.49,15.94,1.9,32.89,0.588,0,1,0
CPT01438,2025-12-16,4,100.53,4.2225,4.7,21.39,0.71,8,0,0
CPT01439,2026-04-14,3,95.21,8.366666666666667,6.5,14.65,0.694,4,0,1
CPT01440,2025-09-16,4,224.56,9.7225,5.7,39.4,0.9,0,1,0
CPT01441,2026-03-17,4,205.93,14.32,7.8,26.4,0.789,35,0,1
CPT01441,2026-03-31,4,98.72,3.61,5.8,17.02,0.977,37,0,1
CPT01443,2025-08-26,3,99.19,7.596666666666667,3.4,29.17,0.834,0,1,1
CPT01444,2025-09-16,2,106.3,12.435,3.2,33.22,0.748,0,1,1
CPT01445,2026-02-10,4,171.26,8.1625,6.7,25.56,0.836,3,0,0
CPT01446,2026-03-10,4,230.62,13.3725,5.2,44.35,0.727,0,1,0
CPT01449,2025-09-23,6,163.38,5.343333333333334,8.8,18.57,0.866,0,1,0
CPT01452,2025-09-09,2,56.6,7.355,5.1,11.1,0.683,0,1,0
CPT01452,2026-05-26,4,107.63,8.727500000000001,5.9,18.24,0.83,35,0,0
CPT01453,2025-11-11,4,92.12,6.0725,6.7,13.75,0.688,18,0,0
CPT01456,2026-03-17,4,129.95999999999998,8.4925,6.4,20.31,0.781,0,1,0
CPT01457,2026-06-09,2,59.0,9.535,5.4,10.93,0.769,40,0,0
CPT01458,2025-11-11,2,84.66,13.48,4.1,20.65,0.758,0,1,0
CPT01458,2026-06-02,6,261.0,7.791666666666667,7.6,34.34,0.926,29,0,0
CPT01461,2026-03-31,4,164.51,8.087499999999999,5.7,28.86,0.877,19,0,0
CPT01463,2026-06-30,1,39.42,16.02,4.8,8.21,0.772,49,0,0
CPT01466,2025-12-16,1,33.98,7.58,4.3,7.9,0.84,11,0,0
CPT01467,2026-04-28,1,42.11,14.56,2.4,17.55,0.674,19,0,0
CPT01468,2025-12-23,1,46.35,8.16,2.9,15.98,0.753,0,1,0
CPT01471,2025-10-07,4,98.37,3.7225,6.1,16.13,0.772,5,0,0
CPT01477,2025-10-21,1,26.28,8.26,3.5,7.51,0.847,2,0,0
CPT01477,2026-04-07,2,62.25,5.37,4.3,14.48,0.744,26,0,0
CPT01477,2026-04-21,2,62.65,7.87,4.5,13.92,0.69,28,0,0
CPT01478,2025-09-09,2,38.64,4.475,4.4,8.78,0.816,0,1,0
CPT01479,2026-01-27,3,88.88,7.859999999999999,6.3,14.11,0.893,1,0,0
CPT01479,2026-03-24,4,100.04,4.9475,5.0,20.01,0.824,9,0,0
CPT01482,2025-10-07,3,126.4,11.976666666666668,5.4,23.41,0.748,11,0,0
CPT01482,2025-11-11,3,86.32000000000001,6.363333333333333,5.4,15.99,0.897,16,0,0
CPT01483,2026-01-20,1,45.18,12.44,5.4,8.37,1.0,0,1,1
CPT01485,2025-12-23,2,76.87,14.32,5.5,13.98,0.673,0,1,1
CPT01485,2026-02-24,4,136.39,6.8100000000000005,6.3,21.65,0.948,7,0,1
CPT01487,2025-07-22,3,167.57,10.636666666666668,5.8,28.89,0.876,0,1,0
CPT01488,2025-12-30,1,20.57,1.36,4.5,4.57,0.89,22,0,0
CPT01488,2026-02-24,4,177.31,10.7675,4.7,37.73,0.912,30,0,0
CPT01488,2026-06-02,3,96.54,5.706666666666666,4.7,20.54,0.837,44,0,0
CPT01491,2026-04-07,1,13.86,1.62,3.3,4.2,0.717,17,0,1
CPT01492,2026-02-10,2,81.47,6.35,3.4,23.96,0.902,9,0,0
CPT01492,2026-04-14,2,54.92,5.6,6.6,8.32,0.751,18,0,0
CPT01495,2025-12-23,4,153.23,8.795,5.2,29.47,0.764,0,1,0
CPT01499,2026-03-10,3,123.61,7.140000000000001,4.8,25.75,0.923,18,0,0
CPT01501,2025-08-19,1,29.4,5.79,3.9,7.54,0.792,0,1,0
CPT01502,2026-02-17,1,34.83,5.86,5.4,6.45,0.878,25,0,0
CPT01502,2026-06-02,2,79.28,5.8950000000000005,5.2,15.25,0.841,40,0,0
CPT01505,2026-05-19,3,113.08,5.573333333333333,4.8,23.56,0.887,12,0,0
CPT01508,2026-03-17,6,259.38,8.816666666666668,7.0,37.05,0.795,9,0,0
CPT01509,2025-12-30,2,87.25999999999999,4.955,4.8,18.18,0.987,14,0,0
CPT01509,2026-03-31,3,78.35,5.876666666666668,2.3,34.07,0.851,27,0,0
CPT01511,2025-11-18,5,184.3,7.742,5.0,36.86,0.842,13,0,0
CPT01513,2025-10-28,1,38.44,12.44,2.6,14.78,1.0,0,1,0
CPT01513,2026-01-06,5,127.92,5.878,6.5,19.68,0.81,10,0,0
CPT01514,2025-12-30,4,106.81,7.085000000000001,5.6,19.07,0.875,1,0,1
CPT01514,2026-04-28,2,131.43,13.07,3.5,37.55,0.962,18,0,1
CPT01515,2025-11-11,5,169.6,5.876,5.8,29.24,0.919,0,1,0
CPT01518,2025-09-02,2,56.27,9.435,5.2,10.82,0.84,0,1,0
CPT01519,2026-03-03,8,346.9,10.4575,6.6,52.56,0.696,0,1,0
CPT01522,2026-01-06,1,32.61,8.99,5.2,6.27,1.0,0,1,1
CPT01524,2026-06-16,6,167.13,6.875,7.5,22.28,0.893,41,0,0
CPT01525,2025-08-26,2,48.370000000000005,5.165,3.1,15.6,0.822,0,1,0
CPT01525,2025-12-30,2,58.8,10.325,4.9,12.0,0.848,15,0,0
CPT01526,2025-12-09,2,52.0,4.9,3.9,13.33,0.836,21,0,0
CPT01529,2026-03-31,1,23.6,6.56,4.9,4.82,0.732,20,0,1
CPT01529,2026-04-28,2,112.98,8.174999999999999,4.2,26.9,0.961,24,0,1
CPT01530,2026-01-13,6,200.19,5.539999999999999,7.1,28.2,0.664,14,0,0
CPT01531,2025-11-18,5,164.75,7.532000000000001,6.1,27.01,0.848,0,1,0
CPT01531,2026-06-16,5,105.24,4.492,3.9,26.98,0.895,8,0,0
CPT01533,2025-09-23,3,86.9,8.616666666666667,2.8,31.04,0.668,0,1,1
CPT01534,2026-06-02,1,24.99,6.56,4.1,6.1,0.71,15,0,1
CPT01535,2025-08-05,1,38.23,11.87,3.9,9.8,0.775,0,1,0
CPT01535,2025-11-11,1,54.06,5.95,1.6,33.79,0.618,0,1,0
CPT01535,2025-11-25,2,40.16,3.145,6.1,6.58,0.862,0,1,0
CPT01537,2025-10-07,3,104.83,6.426666666666667,7.1,14.76,0.86,0,1,0
CPT01538,2025-10-07,3,85.74,6.4433333333333325,7.1,12.08,0.759,7,0,1
CPT01538,2026-03-17,2,58.1,5.539999999999999,4.4,13.2,0.83,30,0,1
CPT01538,2026-03-24,2,90.25,4.845,2.4,37.6,0.808,31,0,1
CPT01538,2026-05-26,4,106.47,7.862500000000001,4.4,24.2,1.0,40,0,1
CPT01540,2025-08-26,1,24.48,6.78,6.3,3.89,0.769,0,1,0
CPT01541,2025-08-05,2,57.55,5.595,5.4,10.66,1.0,0,1,0
CPT01541,2025-12-16,1,31.63,10.98,4.1,7.71,0.764,18,0,0
CPT01549,2026-06-02,1,50.19,15.65,2.9,17.31,0.688,9,0,0
CPT01550,2026-01-27,2,79.67,15.485,2.8,28.45,0.84,4,0,0
CPT01550,2026-03-17,1,44.89,8.81,2.4,18.7,0.937,11,0,0
CPT01554,2026-05-05,6,217.32,7.655,8.0,27.16,0.794,15,0,0
CPT01556,2025-09-16,2,48.6,6.1450000000000005,3.5,13.89,0.851,0,1,0
CPT01558,2025-07-22,4,133.75,7.4,6.7,19.96,0.792,0,1,0
CPT01561,2026-06-16,3,88.42,8.443333333333333,3.9,22.67,0.797,39,0,0
CPT01562,2026-05-05,5,210.33,4.946,8.0,26.29,0.811,35,0,1
CPT01563,2026-06-16,3,77.43,7.166666666666667,4.8,16.13,0.745,26,0,0
CPT01565,2025-11-04,1,38.94,12.2,3.7,10.52,0.76,2,0,0
CPT01567,2025-10-14,2,111.93,12.655,3.6,31.09,0.78,0,1,0
CPT01567,2025-12-30,5,215.18,8.751999999999999,6.6,32.6,0.769,2,0,0
CPT01567,2026-02-10,2,55.82,4.8100000000000005,5.2,10.73,0.901,8,0,0
CPT01568,2025-12-30,3,72.73,5.793333333333334,6.0,12.12,0.889,0,1,0
CPT01570,2025-07-01,2,85.22,13.3,1.3,65.55,0.877,0,1,0
CPT01578,2025-12-02,2,50.07,6.680000000000001,4.3,11.64,0.922,0,1,0
CPT01580,2025-12-09,4,106.28,5.18,4.9,21.69,0.947,0,1,0
CPT01581,2026-02-10,2,109.57,6.495,4.0,27.39,0.903,22,0,1
CPT01581,2026-06-02,1,30.63,10.78,3.1,9.88,0.892,38,0,1
CPT01582,2025-07-08,2,50.8,2.54,4.8,10.58,0.736,0,1,1
CPT01583,2026-02-17,7,252.28,9.695714285714288,6.9,36.56,0.78,3,0,0
CPT01584,2026-06-16,6,240.84,7.175,6.5,37.05,0.842,29,0,0
CPT01587,2025-11-04,3,109.88,8.496666666666668,3.9,28.17,0.819,8,0,0
CPT01588,2026-03-31,5,247.38,8.416,5.2,47.57,0.997,32,0,0
CPT01589,2025-11-18,1,18.81,3.13,4.4,4.27,0.993,13,0,0
CPT01589,2026-02-24,5,172.54000000000002,7.386,3.4,50.75,0.711,27,0,0
CPT01589,2026-03-31,6,315.31,13.148333333333332,8.3,37.99,0.807,32,0,0
CPT01590,2026-02-17,1,29.89,3.5,4.3,6.95,0.81,19,0,0
CPT01592,2025-07-29,2,72.35,10.4,3.8,19.04,0.934,0,1,0
CPT01593,2025-12-23,3,120.08,14.126666666666669,4.8,25.02,0.73,1,0,1
CPT01593,2026-01-13,3,142.11,9.36,5.0,28.42,0.645,4,0,1
CPT01594,2026-06-23,2,66.96,10.905,5.6,11.96,0.815,37,0,0
CPT01596,2025-12-30,4,126.71,9.0525,3.0,42.24,0.732,0,1,0
CPT01596,2026-02-10,3,114.38,9.883333333333333,3.8,30.1,0.88,3,0,0
CPT01597,2026-04-14,1,39.35,15.54,1.8,21.86,0.879,23,0,0
CPT01598,2025-07-15,4,191.77,10.135,6.4,29.96,0.84,0,1,1
CPT01598,2026-05-26,2,63.26,9.315,3.2,19.77,0.981,42,0,1
CPT01599,2025-07-22,1,49.19,8.46,4.9,10.04,0.908,0,1,1
CPT01599,2025-10-21,4,109.24,4.359999999999999,7.7,14.19,0.806,1,0,1
CPT01601,2025-12-02,3,102.27,11.123333333333337,5.8,17.63,0.797,0,1,0
CPT01602,2026-01-13,3,77.66,5.886666666666667,5.0,15.53,0.92,9,0,1
CPT01605,2025-07-15,4,103.84,6.9275,3.6,28.84,0.892,0,1,0
CPT01605,2026-06-16,4,142.8,11.625,6.0,23.8,0.889,16,0,0
CPT01610,2025-07-29,1,36.04,8.44,3.1,11.63,0.462,2,0,0
CPT01610,2025-09-23,4,139.94,7.8425,7.0,19.99,0.806,10,0,0
CPT01613,2025-08-19,1,23.02,6.5,2.3,10.01,0.877,0,1,1
CPT01613,2025-10-28,3,84.37,9.096666666666666,4.7,17.95,0.822,0,1,1
CPT01615,2025-12-16,1,32.4,11.06,4.2,7.71,0.935,6,0,0
CPT01615,2026-06-09,2,103.13,7.140000000000001,3.7,27.87,0.855,31,0,0
CPT01618,2025-12-09,3,129.5,8.786666666666667,4.3,30.12,0.827,5,0,0
CPT01619,2025-09-02,2,57.5,5.605,3.2,17.97,0.842,0,1,0
CPT01621,2026-02-03,1,67.41,5.62,4.0,16.85,0.854,16,0,0
CPT01622,2025-07-01,2,57.68,9.725,4.4,13.11,0.716,0,1,0
CPT01622,2025-07-15,4,187.23,9.3375,6.2,30.2,0.833,0,1,0
CPT01623,2026-06-23,4,137.5,8.0775,3.1,44.35,0.768,17,0,0
CPT01624,2026-04-21,2,56.49,6.654999999999999,4.3,13.14,0.855,23,0,0
CPT01624,2026-05-19,2,56.22,6.01,5.2,10.81,0.869,27,0,0
CPT01625,2025-11-25,2,85.47,13.75,4.2,20.35,0.894,0,1,0
CPT01625,2026-03-24,2,44.52,2.88,4.5,9.89,0.74,9,0,0
CPT01628,2025-08-19,2,99.6,7.414999999999999,2.4,41.5,0.908,0,1,1
CPT01628,2025-09-09,2,73.87,9.655,3.1,23.83,0.728,0,1,1
CPT01631,2026-03-10,1,82.35,29.53,2.9,28.4,0.828,17,0,0
CPT01632,2025-11-18,4,159.86,7.08,5.4,29.6,0.667,7,0,0
CPT01637,2025-07-22,5,170.79,5.268,6.3,27.11,0.814,0,1,0
CPT01637,2025-12-09,6,205.84,7.845,6.8,30.27,0.795,0,1,0
CPT01637,2026-03-10,3,85.89,8.173333333333334,5.9,14.56,0.656,12,0,0
CPT01643,2025-10-21,1,61.47,24.26,4.7,13.08,0.75,0,1,0
CPT01648,2026-05-26,3,125.06,9.953333333333331,6.0,20.84,0.659,30,0,0
CPT01649,2025-11-18,2,58.99,2.6500000000000004,5.9,10.0,0.83,0,1,0
CPT01649,2026-01-13,5,141.84,6.614,5.6,25.33,0.681,0,1,0
CPT01650,2026-04-28,3,143.37,9.096666666666666,3.7,38.75,1.0,33,0,0
CPT01655,2026-04-07,3,110.88,10.033333333333331,4.9,22.63,0.86,22,0,1
CPT01656,2026-03-10,7,226.99,6.640000000000001,6.8,33.38,0.744,23,0,0
CPT01657,2026-03-03,1,39.67,16.39,3.3,12.02,0.799,12,0,0
CPT01657,2026-03-31,4,112.79,5.785,5.2,21.69,0.746,16,0,0
CPT01657,2026-06-02,5,292.47,11.574,6.6,44.31,0.866,25,0,0
CPT01658,2026-02-24,4,159.73000000000002,8.4625,7.0,22.82,0.908,20,0,1
CPT01661,2026-03-24,3,108.45,7.326666666666665,3.6,30.12,0.997,27,0,0
CPT01663,2025-11-04,3,100.74,3.9166666666666665,5.8,17.37,0.742,0,1,0
CPT01664,2025-11-18,1,64.08,28.35,4.7,13.63,0.792,15,0,0
CPT01664,2026-01-20,3,162.81,9.236666666666666,4.3,37.86,0.957,24,0,0
CPT01665,2025-12-16,1,50.05,9.21,1.1,45.5,0.726,21,0,0
CPT01665,2025-12-30,3,143.28,7.263333333333333,6.2,23.11,0.793,23,0,0
CPT01667,2025-09-16,2,93.86,11.37,3.7,25.37,0.895,0,1,0
CPT01669,2025-10-28,4,128.25,10.29,5.6,22.9,0.786,0,1,1
CPT01670,2026-04-07,2,81.22999999999999,9.26,6.0,13.54,0.999,39,0,0
CPT01674,2026-02-24,2,104.42,11.33,4.4,23.73,0.747,11,0,0
CPT01674,2026-03-03,1,30.34,3.65,1.5,20.23,0.817,12,0,0
CPT01674,2026-04-28,6,173.79,6.873333333333334,7.8,22.28,0.983,20,0,0
CPT01681,2026-01-13,6,235.66,10.661666666666669,5.6,42.08,0.672,7,0,0
CPT01686,2025-08-12,2,77.39,14.599999999999998,3.4,22.76,0.824,0,1,1
CPT01686,2025-12-16,2,98.26,14.52,5.2,18.9,0.776,7,0,1
CPT01687,2025-09-23,2,39.73,3.255,3.4,11.69,0.937,0,1,0
CPT01688,2025-07-29,1,30.36,6.86,4.6,6.6,0.844,0,1,0
CPT01690,2025-08-12,3,157.82,10.056666666666668,3.1,50.91,0.643,0,1,0
CPT01690,2026-03-31,3,78.77,6.123333333333334,2.3,34.25,0.832,4,0,0
CPT01691,2026-02-10,3,82.48,5.296666666666666,4.5,18.33,0.693,4,0,1
CPT01692,2025-07-29,2,60.41,7.939999999999999,3.8,15.9,0.778,0,1,0
CPT01692,2026-02-10,1,24.07,7.33,3.0,8.02,0.871,11,0,0
CPT01692,2026-04-28,2,79.55000000000001,12.81,5.4,14.73,0.708,22,0,0
CPT01693,2026-04-07,3,119.26,11.52,4.8,24.85,0.868,19,0,0
CPT01694,2025-10-07,2,54.11,1.755,4.4,12.3,0.978,0,1,0
CPT01694,2025-10-28,2,61.38,6.66,3.8,16.15,0.688,0,1,0
CPT01695,2025-07-01,3,146.70999999999998,10.123333333333331,6.8,21.58,0.777,0,1,0
CPT01696,2026-04-14,1,37.84,14.51,4.5,8.41,0.784,26,0,0
CPT01697,2025-07-22,1,21.02,2.35,3.9,5.39,0.879,0,1,0
CPT01698,2025-10-07,5,185.34,6.992,8.3,22.33,0.778,0,1,0
CPT01698,2025-10-28,3,116.23,9.74,4.1,28.35,1.0,0,1,0
CPT01699,2025-09-16,1,32.24,8.11,4.1,7.86,0.8,0,1,0
CPT01699,2025-12-16,2,38.28,3.325,3.3,11.6,0.943,8,0,0
CPT01699,2026-05-05,5,153.68,7.497999999999999,7.0,21.95,0.838,28,0,0
CPT01699,2026-05-19,1,24.78,3.95,3.1,7.99,0.794,30,0,0
CPT01701,2025-11-11,2,139.41,6.435,2.7,51.63,0.853,14,0,0
CPT01703,2026-06-23,5,105.35,4.638,7.7,13.68,1.0,36,0,0
CPT01704,2025-07-15,4,140.16,5.6775,6.5,21.56,0.878,0,1,0
CPT01704,2026-01-13,1,43.44,7.35,4.8,9.05,0.819,14,0,0
CPT01705,2025-11-04,1,37.64,3.13,4.7,8.01,0.99,0,1,0
CPT01707,2025-07-15,1,42.79,12.41,3.8,11.26,0.871,1,0,0
CPT01710,2025-09-09,2,48.06,5.04,4.4,10.92,0.878,6,0,0
CPT01711,2026-02-10,3,87.21000000000001,7.653333333333333,4.4,19.82,0.854,0,1,1
CPT01712,2025-09-30,2,75.59,11.585,4.2,18.0,0.812,0,1,0
CPT01712,2025-10-14,4,174.74,8.865,5.4,32.36,0.85,0,1,0
CPT01712,2026-05-19,2,59.48,4.145,3.7,16.08,1.0,20,0,0
CPT01713,2026-05-12,2,64.06,7.78,3.8,16.86,0.828,43,0,1
CPT01713,2026-06-09,5,186.24,6.366,6.5,28.65,0.748,47,0,1
CPT01715,2026-01-13,1,61.18,19.7,2.5,24.47,0.872,12,0,0
CPT01716,2025-10-14,2,47.35,3.52,5.8,8.16,0.723,4,0,0
CPT01718,2026-04-21,2,47.33,4.93,4.4,10.76,0.898,31,0,0
CPT01720,2026-06-02,3,106.41,6.503333333333334,5.8,18.35,0.831,5,0,1
CPT01723,2025-10-14,2,115.22,9.48,4.3,26.8,0.87,11,0,0
CPT01723,2025-12-02,3,101.16,6.596666666666667,6.4,15.81,0.775,18,0,0
CPT01724,2025-12-02,3,75.33,6.123333333333334,4.5,16.74,0.908,3,0,0
CPT01724,2026-05-19,4,149.35,9.555,4.5,33.19,0.869,27,0,0
CPT01725,2025-09-02,4,225.55,8.2475,7.1,31.77,0.985,0,1,0
CPT01726,2025-11-11,1,28.59,9.51,5.4,5.29,1.0,13,0,0
CPT01728,2025-09-23,2,60.85,3.215,4.5,13.52,0.829,0,1,0
CPT01730,2026-01-06,2,77.84,15.015,4.8,16.22,0.873,16,0,0
CPT01734,2025-09-02,5,171.84,5.5520000000000005,7.5,22.91,0.959,2,0,1
CPT01734,2026-06-16,2,78.27,6.135,4.3,18.2,0.809,43,0,1
CPT01736,2025-12-09,2,83.76,5.65,3.1,27.02,0.885,0,1,0
CPT01736,2026-05-26,5,120.69,3.54,5.5,21.94,0.983,11,0,0
CPT01737,2025-07-22,3,122.02,11.123333333333331,2.5,48.81,0.792,0,1,0
CPT01737,2026-01-20,2,79.91999999999999,1.935,4.5,17.76,0.835,0,1,0
CPT01738,2025-09-02,3,224.8,16.346666666666668,6.8,33.06,0.762,0,1,0
CPT01740,2026-06-09,6,162.25,7.425,5.1,31.81,0.813,15,0,0
CPT01741,2026-03-24,3,132.83,6.89,4.6,28.88,0.911,22,0,0
CPT01743,2025-09-30,2,112.25,5.72,4.4,25.51,0.883,8,0,0
CPT01743,2026-02-10,3,119.96,13.643333333333333,5.3,22.63,0.727,27,0,0
CPT01743,2026-03-03,3,91.92,7.636666666666667,3.1,29.65,0.667,30,0,0
CPT01744,2026-05-05,3,84.84,6.613333333333333,4.3,19.73,0.711,36,0,0
CPT01745,2026-05-12,4,131.39,9.6375,5.8,22.65,0.803,35,0,0
CPT01747,2026-03-17,3,108.97,7.903333333333333,6.0,18.16,1.0,31,0,0
CPT01748,2025-11-11,1,35.4,7.89,2.6,13.62,0.743,0,1,1
CPT01748,2026-05-26,3,90.69,10.53,4.2,21.59,0.618,23,0,1
CPT01754,2026-02-03,1,18.64,4.03,3.8,4.91,0.893,0,1,0
CPT01754,2026-02-17,2,60.27,3.945,4.6,13.1,0.903,2,0,0
CPT01755,2025-09-09,3,102.16,7.010000000000001,5.0,20.43,0.801,0,1,0
CPT01760,2026-01-20,2,58.1,4.1,6.0,9.68,0.969,15,0,0
CPT01762,2025-07-15,2,48.11,6.114999999999999,3.2,15.03,0.924,0,1,0
CPT01762,2026-01-20,6,229.17,11.258333333333333,6.9,33.21,0.759,0,1,0
CPT01763,2026-01-13,4,119.6,6.385,3.4,35.18,0.923,2,0,0
CPT01764,2026-06-09,3,120.43,8.15,5.8,20.76,0.822,39,0,0
CPT01766,2026-06-02,1,35.29,7.57,2.3,15.34,0.798,39,0,0
CPT01766,2026-06-23,2,66.89,11.055,5.1,13.12,0.692,42,0,0
CPT01767,2025-07-22,1,29.54,5.61,3.4,8.69,0.9,0,1,0
CPT01768,2025-07-22,4,207.17,7.845000000000001,5.0,41.43,0.704,0,1,1
CPT01769,2026-05-26,5,205.56,9.686,7.5,27.41,0.854,33,0,0
CPT01773,2026-01-27,1,29.34,9.45,2.2,13.34,0.649,22,0,0
CPT01774,2025-11-11,1,25.08,2.45,5.0,5.02,0.91,7,0,0
CPT01774,2026-03-31,2,128.78,14.1,4.2,30.66,0.822,27,0,0
CPT01774,2026-05-19,3,96.04,9.25,5.8,16.56,0.852,34,0,0
CPT01777,2025-07-22,4,113.16,9.3325,3.5,32.33,0.74,0,1,0
CPT01779,2025-10-14,4,169.54,13.1325,6.0,28.26,0.843,0,1,0
CPT01781,2026-05-12,4,164.72,7.0625,6.4,25.74,0.9,39,0,1
CPT01783,2025-09-30,2,72.63,10.71,1.6,45.39,0.781,0,1,0
CPT01783,2026-04-21,4,197.7,11.315,6.0,32.95,0.755,22,0,0
CPT01786,2026-06-09,1,30.28,10.93,3.5,8.65,0.869,32,0,0
CPT01787,2025-11-25,3,78.11,6.266666666666667,3.9,20.03,0.815,0,1,0
CPT01791,2025-09-30,4,160.64999999999998,8.3225,7.6,21.14,0.889,2,0,0
CPT01791,2025-10-21,4,147.3,8.4475,5.5,26.78,0.801,5,0,0
CPT01791,2026-02-24,2,70.60000000000001,6.49,5.0,14.12,0.91,23,0,0
CPT01791,2026-03-31,2,39.2,4.4,4.9,8.0,0.819,28,0,0
CPT01799,2025-07-29,6,277.68,5.973333333333334,5.1,54.45,0.898,2,0,0
CPT01799,2026-06-30,2,69.63,12.635,4.6,15.14,0.679,50,0,0
CPT01800,2025-12-23,2,68.75,12.945,4.3,15.99,0.802,0,1,0
CPT01800,2026-05-12,4,117.29,5.3125,4.6,25.5,0.675,16,0,0
CPT01801,2025-07-08,1,46.24,16.37,4.0,11.56,0.973,0,1,0
CPT01801,2026-03-10,2,84.19,10.695,4.3,19.58,0.723,7,0,0
CPT01802,2025-08-05,2,62.56,10.645,4.5,13.9,1.0,0,1,0
CPT01802,2025-11-11,2,102.5,6.64,4.2,24.4,0.772,5,0,0
CPT01802,2026-05-19,4,105.4,5.2325,4.0,26.35,0.661,32,0,0
CPT01803,2025-08-05,3,58.85,3.4066666666666667,5.1,11.54,0.894,3,0,1
CPT01803,2026-02-24,1,27.44,4.85,4.6,5.97,0.752,32,0,1
CPT01805,2025-10-14,2,58.69,7.38,4.4,13.34,0.968,0,1,0
CPT01806,2026-01-20,6,216.36,9.758333333333333,4.4,49.17,0.85,12,0,0
CPT01808,2025-11-25,4,162.01,11.0575,5.1,31.77,0.901,16,0,0
CPT01808,2026-06-16,3,75.39,6.003333333333334,4.1,18.39,0.738,45,0,0
CPT01809,2025-10-21,4,107.96,8.0275,6.5,16.61,0.829,5,0,1
CPT01809,2025-12-09,1,50.16,9.91,5.0,10.03,0.972,12,0,1
CPT01810,2026-05-26,4,206.99,14.775,5.8,35.69,0.904,10,0,0
CPT01815,2026-01-20,2,59.870000000000005,10.005,4.9,12.22,0.857,9,0,1
CPT01815,2026-05-12,1,31.75,7.05,4.5,7.06,0.872,25,0,1
CPT01816,2025-10-14,1,17.08,3.57,4.9,3.49,0.743,13,0,1
CPT01817,2026-05-19,6,240.59,6.626666666666666,6.4,37.59,0.855,27,0,0
CPT01818,2025-12-09,6,200.11,7.28,6.6,30.32,0.94,5,0,0
CPT01818,2026-02-03,3,73.52,6.096666666666667,4.7,15.64,0.709,13,0,0
CPT01822,2026-05-12,2,107.89,11.89,2.8,38.53,0.722,9,0,0
CPT01823,2025-11-18,3,119.35,6.593333333333334,5.1,23.4,0.87,0,1,1
CPT01823,2026-05-26,3,116.51,5.756666666666667,5.8,20.09,0.641,10,0,1
CPT01825,2026-01-13,3,76.45,6.56,5.6,13.65,0.788,0,1,0
CPT01825,2026-06-09,1,46.89,6.07,4.9,9.57,0.659,21,0,0
CPT01828,2026-06-23,2,42.89,4.46,6.1,7.03,0.817,24,0,0
CPT01830,2026-03-17,2,56.4,5.65,3.9,14.46,0.969,24,0,0
CPT01830,2026-06-09,4,147.95,8.945,4.8,30.82,0.856,36,0,0
CPT01831,2025-10-14,3,103.49,6.65,3.7,27.97,0.942,6,0,1
CPT01836,2025-12-16,5,173.46,5.734,8.6,20.17,0.909,0,1,0
CPT01837,2025-07-08,2,77.9,6.205,3.9,19.97,0.68,0,1,0
CPT01837,2026-05-26,2,32.56,2.69,6.4,5.09,0.807,42,0,0
CPT01839,2025-09-09,3,77.25999999999999,5.56,4.4,17.56,0.912,0,1,0
CPT01840,2025-11-11,1,48.58,9.06,4.9,9.91,0.724,9,0,0
CPT01841,2025-12-02,1,29.11,8.23,3.6,8.09,0.893,8,0,0
CPT01841,2026-02-17,1,107.12,21.39,3.4,31.51,0.912,19,0,0
CPT01847,2026-02-03,5,254.13,11.364,8.6,29.55,0.974,7,0,0
CPT01848,2026-01-27,4,127.48,7.75,5.3,24.05,0.929,15,0,1
CPT01848,2026-02-10,2,88.07,10.785,6.1,14.44,0.77,17,0,1
CPT01849,2026-03-03,5,179.15,6.517999999999999,6.3,28.44,0.915,28,0,0
CPT01849,2026-03-10,1,37.4,14.07,3.6,10.39,0.868,29,0,0
CPT01854,2025-11-18,1,23.34,0.8,3.7,6.31,0.929,0,1,0
CPT01855,2026-01-27,5,150.25,4.952,6.7,22.43,0.99,14,0,0
CPT01855,2026-03-10,1,65.85,11.06,4.0,16.46,0.902,20,0,0
CPT01858,2025-07-29,2,69.35,7.430000000000001,3.7,18.74,0.684,0,1,0
CPT01859,2025-10-07,4,165.01,9.1125,6.9,23.91,0.809,8,0,0
CPT01863,2025-08-26,3,139.02,8.693333333333333,7.5,18.54,0.838,0,1,0
CPT01864,2025-10-28,5,147.85,7.196000000000001,3.7,39.96,0.787,0,1,0
CPT01864,2026-06-09,1,66.53,14.58,3.5,19.01,0.713,20,0,0
CPT01866,2025-09-09,1,29.78,10.48,4.2,7.09,0.825,0,1,0
CPT01866,2026-03-31,3,136.4,9.446666666666667,7.0,19.49,0.843,11,0,0
CPT01868,2025-12-09,2,66.00999999999999,10.81,2.5,26.4,0.959,8,0,0
CPT01869,2025-07-01,1,30.16,0.99,4.5,6.7,0.907,0,1,0
CPT01869,2026-03-10,1,27.17,8.74,1.9,14.3,0.791,7,0,0
CPT01869,2026-04-21,2,77.5,4.97,5.9,13.14,0.736,13,0,0
CPT01870,2026-01-27,2,83.93,10.095,2.7,31.09,0.816,21,0,0
CPT01871,2025-07-01,3,98.86,9.63,5.4,18.31,0.703,0,1,0
CPT01871,2025-07-08,1,40.49,10.81,4.0,10.12,0.929,0,1,0
CPT01871,2026-03-31,5,175.0,10.388,5.2,33.65,0.691,25,0,0
CPT01873,2025-12-30,2,41.26,2.45,2.5,16.5,0.803,19,0,0
CPT01873,2026-02-10,1,35.64,13.13,3.5,10.18,0.802,25,0,0
CPT01874,2025-09-02,2,91.65,12.9,2.4,38.19,0.822,0,1,1
CPT01875,2025-11-04,2,93.89,8.795,3.7,25.38,0.692,4,0,0
CPT01875,2026-03-17,4,160.83,7.695,5.8,27.73,0.782,23,0,0
CPT01875,2026-04-21,1,49.03,17.51,2.6,18.86,0.699,28,0,0
CPT01877,2025-12-09,3,101.22,7.986666666666667,3.3,30.67,0.767,0,1,0
CPT01880,2026-02-24,4,144.14,9.8175,3.1,46.5,0.821,13,0,0
CPT01882,2025-10-07,2,74.73,11.505,5.1,14.65,0.849,0,1,0
CPT01882,2026-04-07,1,24.0,4.35,3.4,7.06,0.886,14,0,0
CPT01882,2026-04-28,6,168.17000000000002,6.3566666666666665,6.5,25.87,0.671,17,0,0
CPT01884,2025-12-16,2,90.45,9.8,2.9,31.19,0.785,1,0,0
CPT01886,2025-07-01,1,20.09,1.87,4.1,4.9,0.761,0,1,0
CPT01886,2026-06-23,2,95.71,6.42,3.5,27.35,0.79,42,0,0
CPT01888,2025-08-05,2,93.62,18.2,4.6,20.35,0.939,0,1,0
CPT01889,2025-07-08,2,38.58,3.315,3.4,11.35,0.865,0,1,0
CPT01889,2025-10-07,4,172.46,9.22,6.6,26.13,0.718,0,1,0
CPT01895,2026-01-06,6,212.92,5.391666666666667,6.6,32.26,0.805,15,0,0
CPT01898,2026-05-26,4,144.57,10.8125,3.6,40.16,0.888,8,0,0
CPT01900,2025-09-30,1,25.92,7.79,2.3,11.27,0.726,9,0,0
CPT01900,2026-06-09,2,98.63,8.844999999999999,4.7,20.99,0.815,45,0,0
CPT01902,2025-11-11,3,96.24,5.386666666666667,5.9,16.31,0.753,0,1,0
CPT01903,2026-02-03,4,159.11,10.4375,7.0,22.73,0.713,25,0,0
CPT01905,2026-01-06,3,114.61,12.55,6.6,17.37,0.786,0,1,0
CPT01905,2026-01-13,1,23.82,6.8,0.9,26.47,0.767,0,1,0
CPT01906,2025-09-30,2,54.01,8.675,5.1,10.59,0.854,0,1,0
CPT01908,2026-02-24,2,42.93,3.115,3.9,11.01,0.882,0,1,1
CPT01910,2026-03-17,3,82.35,7.386666666666667,1.6,51.47,0.757,14,0,0
CPT01913,2026-05-19,4,141.17000000000002,6.6625,4.9,28.81,0.882,10,0,0
CPT01914,2026-05-26,4,119.19,6.7175,5.8,20.55,0.986,15,0,0
CPT01915,2025-08-26,4,129.5,11.2425,6.2,20.89,1.0,0,1,1
CPT01917,2025-12-02,3,123.57,3.6666666666666665,5.5,22.47,0.753,8,0,0
CPT01919,2025-08-05,3,172.25,6.3933333333333335,3.7,46.55,0.954,0,1,0
CPT01920,2026-03-03,2,114.81,8.87,3.8,30.21,0.964,17,0,1
CPT01920,2026-06-30,1,20.86,4.12,3.6,5.79,0.94,34,0,1
CPT01921,2025-11-18,2,62.34,11.04,4.1,15.2,0.822,0,1,0
CPT01923,2025-11-04,4,114.46,6.525,6.7,17.08,0.989,9,0,0
CPT01923,2025-11-11,1,26.29,4.59,3.4,7.73,0.867,10,0,0
CPT01926,2026-04-07,3,80.39,7.113333333333333,3.6,22.33,0.93,37,0,0
CPT01927,2025-09-23,3,108.47,9.823333333333332,5.2,20.86,0.78,7,0,0
CPT01929,2025-12-16,3,72.13,6.843333333333334,5.1,14.14,0.824,1,0,0
CPT01930,2025-10-21,3,102.88,6.213333333333334,6.2,16.59,0.959,0,1,0
CPT01931,2026-04-14,1,37.78,12.79,6.1,6.19,0.791,0,1,0
CPT01934,2025-07-22,1,20.36,4.95,2.5,8.14,0.883,0,1,0
CPT01934,2025-11-25,2,52.41,7.505000000000001,5.8,9.04,0.919,0,1,0
CPT01938,2026-02-17,1,31.93,7.13,4.0,7.98,0.742,22,0,1
CPT01939,2026-03-03,1,27.63,8.84,3.8,7.27,1.0,13,0,1
CPT01940,2026-01-27,3,97.3,5.1866666666666665,5.2,18.71,0.808,0,1,0
CPT01942,2026-03-17,3,69.78,4.733333333333333,2.8,24.92,0.891,33,0,0
CPT01942,2026-06-02,5,240.44,12.398,5.4,44.53,0.804,44,0,0
CPT01943,2026-06-09,4,178.32,7.2,6.2,28.76,0.697,13,0,0
CPT01944,2025-11-04,1,37.56,2.75,3.2,11.74,0.973,0,1,0
CPT01944,2026-03-31,4,147.88,9.4075,6.1,24.24,0.84,17,0,0
CPT01946,2026-02-17,1,67.96,10.93,4.4,15.45,0.635,0,1,1
CPT01946,2026-03-17,5,186.5,9.977999999999998,5.0,37.3,0.722,0,1,1
CPT01949,2026-01-20,4,102.36,4.8375,4.1,24.97,0.922,7,0,0
CPT01950,2025-07-29,6,235.58,10.783333333333331,8.4,28.05,0.796,0,1,1
CPT01952,2026-01-27,4,165.3,5.9,4.1,40.32,0.849,6,0,0
CPT01954,2025-10-21,2,44.98,4.380000000000001,3.9,11.53,0.788,0,1,0
CPT01954,2026-06-02,6,178.59,8.295,7.7,23.19,0.821,8,0,0
CPT01956,2025-12-16,1,13.02,1.09,4.4,2.96,0.662,8,0,1
CPT01959,2026-04-14,2,51.260000000000005,7.36,5.4,9.49,0.87,31,0,0
CPT01959,2026-05-05,1,33.94,5.34,4.6,7.38,0.764,34,0,0
CPT01959,2026-06-09,4,140.54000000000002,8.325,5.4,26.03,0.919,39,0,0
CPT01960,2025-11-11,1,25.73,2.38,4.3,5.98,0.952,0,1,1
CPT01962,2025-08-05,2,73.92,10.9,2.2,33.6,0.802,0,1,1
CPT01962,2026-03-31,3,114.24,6.633333333333333,5.1,22.4,0.702,26,0,1
CPT01965,2026-04-21,2,73.77000000000001,10.32,5.0,14.75,0.801,39,0,0
CPT01966,2026-01-06,1,67.01,16.97,5.3,12.64,0.814,5,0,0
CPT01968,2026-03-10,2,63.2,9.9,4.2,15.05,0.872,0,1,1
CPT01969,2025-08-12,3,87.23,7.2,4.7,18.56,0.802,0,1,1
CPT01970,2025-09-23,3,121.84,7.943333333333332,5.4,22.56,0.894,1,0,1
CPT01970,2026-04-07,3,151.13,13.633333333333336,3.6,41.98,0.876,29,0,1
CPT01972,2025-12-23,5,183.64,9.168,6.7,27.41,0.709,1,0,0
CPT01972,2026-02-10,2,53.78,6.285,5.1,10.55,0.751,8,0,0
CPT01973,2026-04-28,1,32.78,9.07,4.0,8.2,0.913,23,0,0
CPT01975,2026-04-28,2,79.96000000000001,10.29,4.4,18.17,0.843,12,0,0
CPT01977,2025-07-22,2,48.760000000000005,3.62,5.1,9.56,0.936,0,1,0
CPT01977,2026-05-19,2,54.91,2.265,3.9,14.08,0.882,34,0,0
CPT01980,2026-04-14,5,213.16000000000005,7.446,6.4,33.31,0.899,32,0,0
CPT01981,2025-07-15,2,68.43,6.609999999999999,5.6,12.22,0.775,0,1,0
CPT01982,2026-03-31,5,247.86,12.68,6.3,39.34,0.897,24,0,1
CPT01985,2025-12-30,1,42.54,6.49,5.1,8.34,0.772,11,0,0
CPT01987,2026-01-13,3,92.45,6.743333333333333,5.6,16.51,0.963,24,0,1
CPT01988,2025-07-29,3,109.06,6.5,3.7,29.48,0.725,0,1,0
CPT01988,2025-09-09,2,52.16,4.375,4.8,10.87,0.792,0,1,0
CPT01989,2025-09-30,2,41.88,5.25,5.9,7.1,0.923,2,0,0
CPT01990,2026-03-17,2,80.84,9.875,4.4,18.37,0.863,27,0,0
CPT01990,2026-05-12,2,57.06,6.505,4.8,11.89,0.895,35,0,0
CPT01994,2026-01-27,3,96.51,5.47,8.1,11.91,0.748,0,1,0
CPT01994,2026-02-10,4,120.7,7.985,5.8,20.81,0.92,0,1,0
CPT01995,2026-04-21,4,172.3,7.4575,5.0,34.46,0.728,39,0,0
CPT01997,2026-05-12,5,141.74,6.188,6.5,21.81,0.779,42,0,0
CPT01998,2026-06-09,2,67.69,5.12,4.0,16.92,0.802,20,0,0
CPT01999,2025-07-29,4,157.2,7.15,7.1,22.14,0.805,0,1,0
CPT01999,2026-06-16,1,35.42,2.33,3.9,9.08,0.844,39,0,0
CPT02000,2025-07-08,2,88.49000000000001,12.815,5.2,17.02,0.931,0,1,0
CPT02002,2026-04-07,5,140.32,6.718000000000001,7.2,19.49,0.993,30,0,0
CPT02004,2026-03-03,2,38.5,3.175,3.4,11.32,0.904,20,0,0
CPT02006,2025-12-16,1,36.11,1.98,0.5,72.22,1.0,5,0,0
CPT02010,2025-08-05,3,102.49,6.66,4.6,22.28,0.582,0,1,0
CPT02013,2026-02-03,4,99.55,3.7675,6.6,15.08,0.938,0,1,0
CPT02013,2026-03-03,3,81.16,6.266666666666667,4.7,17.27,0.791,0,1,0
CPT02015,2025-07-22,1,17.81,3.4,3.3,5.4,1.0,0,1,0
CPT02016,2025-09-09,1,44.56,12.18,2.7,16.5,0.976,0,1,1
CPT02016,2026-06-02,4,161.09,8.26,5.7,28.26,0.962,27,0,1
CPT02019,2026-02-17,3,116.95,13.090000000000002,4.5,25.99,0.921,0,1,0
CPT02020,2026-06-30,1,62.27,20.72,3.3,18.87,0.833,49,0,0
CPT02022,2025-08-26,3,72.41,5.396666666666667,3.7,19.57,0.851,0,1,0
CPT02023,2025-10-14,1,111.0,12.8,3.2,34.69,0.751,7,0,0
CPT02023,2025-12-09,3,131.05,7.52,4.6,28.49,0.769,15,0,0
CPT02024,2025-08-19,3,117.76,6.406666666666666,6.6,17.84,0.898,0,1,0
CPT02024,2026-03-03,3,99.02,7.936666666666667,5.7,17.37,0.899,0,1,0
CPT02026,2026-03-17,2,76.72,13.62,3.0,25.57,0.786,4,0,0
CPT02027,2026-02-24,2,91.62,9.055,3.4,26.95,0.703,18,0,0
CPT02028,2026-01-06,4,153.63,9.91,6.1,25.19,0.741,0,1,0
CPT02031,2025-11-11,4,125.95,6.175000000000001,5.5,22.9,0.886,8,0,1
CPT02034,2026-04-28,5,163.95,5.8340000000000005,5.5,29.81,0.861,36,0,0
CPT02035,2026-02-17,3,150.97,6.840000000000001,5.1,29.6,0.914,29,0,0
CPT02035,2026-03-31,4,125.41,10.11,4.7,26.68,0.894,35,0,0
CPT02036,2025-09-02,1,28.71,9.27,1.8,15.95,0.959,0,1,0
CPT02036,2026-03-31,3,152.8,14.823333333333332,3.7,41.3,0.647,30,0,0
CPT02036,2026-04-07,1,23.58,5.64,4.1,5.75,0.871,31,0,0
CPT02036,2026-06-09,1,43.24,16.97,3.7,11.69,0.705,40,0,0
CPT02040,2026-03-17,4,160.74,8.6125,4.8,33.49,0.818,21,0,1
CPT02041,2026-05-26,1,36.07,13.95,2.5,14.43,0.929,17,0,0
CPT02041,2026-06-16,3,61.23,5.169999999999999,7.0,8.75,0.935,20,0,0
CPT02042,2025-07-29,3,76.72,4.489999999999999,4.5,17.05,0.658,0,1,0
CPT02043,2025-12-09,3,123.46,8.123333333333333,5.6,22.05,0.797,16,0,0
CPT02048,2025-07-29,5,156.88,6.32,6.2,25.3,0.754,0,1,1
CPT02048,2025-12-16,3,120.61,11.9,5.1,23.65,0.864,0,1,1
CPT02049,2026-06-09,1,44.82,7.81,3.5,12.81,0.784,36,0,0
CPT02050,2026-06-09,2,81.69999999999999,11.105,3.1,26.35,0.575,24,0,0
CPT02052,2026-03-03,1,29.56,5.86,5.3,5.58,0.867,7,0,1
CPT02052,2026-04-07,3,96.05,6.580000000000001,4.1,23.43,0.994,12,0,1
CPT02055,2026-01-13,1,18.0,3.5,4.9,3.67,0.986,20,0,0
CPT02056,2025-09-30,1,29.22,9.54,3.6,8.12,0.831,0,1,1
CPT02058,2025-08-05,1,29.45,10.3,5.0,5.89,0.907,0,1,0
CPT02058,2025-08-19,5,186.33,10.77,7.1,26.24,0.957,0,1,0
CPT02058,2026-05-19,4,154.39,6.9725,5.2,29.69,0.748,24,0,0
CPT02058,2026-06-09,3,86.85,6.166666666666667,4.9,17.72,0.693,27,0,0
CPT02061,2026-04-28,6,245.02,6.838333333333334,5.9,41.53,0.699,23,0,0
CPT02062,2025-11-25,1,16.85,0.8,3.4,4.96,0.712,11,0,0
CPT02062,2026-05-26,1,38.36,6.57,3.5,10.96,0.896,37,0,0
CPT02064,2025-12-30,2,111.18,8.22,3.8,29.26,0.8,16,0,1
CPT02065,2026-06-09,5,184.2,6.514,6.8,27.09,0.841,12,0,0
CPT02066,2026-04-21,1,24.13,7.64,3.5,6.89,0.752,17,0,0
CPT02067,2025-11-18,2,60.09,10.135,4.4,13.66,0.713,14,0,0
CPT02067,2026-04-14,3,117.61,6.02,4.6,25.57,0.915,35,0,0
CPT02069,2026-05-05,4,131.35,4.7,3.1,42.37,0.836,22,0,0
CPT02070,2025-09-23,3,64.44,4.656666666666666,5.6,11.51,0.764,5,0,0
CPT02072,2025-12-30,1,35.58,13.48,4.5,7.91,0.817,20,0,0
CPT02073,2026-03-31,3,152.72,9.713333333333331,3.2,47.72,0.697,34,0,1
CPT02075,2026-05-05,7,258.84000000000003,7.222857142857143,6.1,42.43,0.841,28,0,0
CPT02075,2026-06-16,5,156.55,3.846,4.1,38.18,0.899,34,0,0
CPT02076,2026-01-20,1,26.81,8.4,5.2,5.16,0.815,11,0,0
CPT02077,2026-03-24,3,102.4,8.49,5.1,20.08,0.774,32,0,0
CPT02077,2026-06-09,3,100.15,7.586666666666667,5.4,18.55,0.756,43,0,0
CPT02077,2026-06-23,4,229.26,8.3025,4.7,48.78,0.945,45,0,0
CPT02079,2026-03-03,1,15.02,2.09,4.5,3.34,0.79,24,0,0
CPT02080,2025-10-28,2,57.05,8.219999999999999,1.6,35.66,0.863,0,1,0
CPT02082,2026-05-26,5,148.23,6.008,6.2,23.91,0.865,41,0,1
CPT02084,2026-03-17,5,158.44,8.106,7.1,22.32,0.883,31,0,0
CPT02085,2026-04-14,4,155.28,7.8675,4.0,38.82,0.916,28,0,0
CPT02086,2025-07-08,3,94.11,8.32,5.3,17.76,0.949,0,1,1
CPT02086,2026-04-07,5,124.11,5.311999999999999,5.8,21.4,0.94,0,1,1
CPT02087,2025-10-14,2,51.02,2.475,4.5,11.34,0.773,8,0,0
CPT02088,2026-01-27,3,92.18,7.656666666666666,4.8,19.2,0.767,22,0,0
CPT02089,2025-10-07,2,90.9,13.685,3.0,30.3,0.832,0,1,0
CPT02090,2026-02-17,5,248.92,7.737999999999999,6.1,40.81,0.804,16,0,0
CPT02091,2026-03-03,3,160.16,5.830000000000001,5.6,28.6,1.0,0,1,0
CPT02092,2025-09-16,2,56.3,4.295,5.3,10.62,0.838,0,1,1
CPT02092,2025-09-30,1,27.02,8.96,2.3,11.75,0.874,0,1,1
CPT02093,2026-06-02,8,314.84000000000003,8.07,9.2,34.22,0.78,38,0,0
CPT02094,2026-05-12,4,175.2,10.6875,7.6,23.05,0.783,25,0,0
CPT02095,2026-02-24,1,81.34,14.77,3.1,26.24,0.904,24,0,0
CPT02096,2025-12-02,1,20.17,4.85,5.2,3.88,0.84,0,1,0
CPT02097,2025-08-05,1,28.86,9.97,1.2,24.05,0.922,0,1,1
CPT02097,2026-02-03,3,67.88,3.72,2.7,25.14,0.792,8,0,1
CPT02098,2025-12-16,1,24.24,5.65,5.2,4.66,0.847,11,0,0
CPT02098,2026-06-02,3,119.81,7.513333333333333,3.4,35.24,0.933,35,0,0
CPT02099,2026-03-31,4,92.93,4.825,3.3,28.16,0.761,11,0,0
CPT02100,2025-08-12,3,110.05,8.34,5.3,20.76,0.93,0,1,0
CPT02104,2025-07-22,3,101.49,6.1066666666666665,6.1,16.64,0.792,0,1,0
CPT02104,2025-12-30,1,18.81,4.22,2.5,7.52,0.855,11,0,0
CPT02104,2026-03-31,3,83.87,6.266666666666667,3.5,23.96,0.786,24,0,0
CPT02107,2026-04-07,3,103.74,6.293333333333333,4.2,24.7,0.807,30,0,0
CPT02108,2026-05-12,2,51.79,6.359999999999999,3.5,14.8,0.795,27,0,1
CPT02109,2026-04-28,5,153.91,5.93,5.8,26.54,0.757,10,0,0
CPT02110,2025-12-23,3,110.66,5.093333333333334,2.6,42.56,0.86,0,1,0
CPT02111,2026-02-24,3,80.7,4.8,6.3,12.81,0.895,9,0,0
CPT02112,2025-07-22,5,160.82999999999998,4.359999999999999,6.6,24.37,1.0,0,1,0
CPT02113,2025-09-30,2,37.17,3.395,3.0,12.39,0.68,3,0,1
CPT02119,2025-11-18,2,56.32000000000001,9.65,3.0,18.77,0.965,11,0,0
CPT02122,2025-07-22,2,64.83,7.165,2.7,24.01,0.815,0,1,1
CPT02122,2025-12-30,3,69.58,6.0,5.2,13.38,0.829,22,0,1
CPT02122,2026-02-17,4,127.28,8.7625,7.2,17.68,0.876,29,0,1
CPT02123,2026-03-24,1,53.28,9.92,6.1,8.73,0.984,16,0,0
CPT02124,2026-01-20,3,152.58,10.563333333333334,3.7,41.24,0.69,18,0,0
CPT02124,2026-03-03,1,51.71,7.0,1.7,30.42,0.754,24,0,0
CPT02127,2025-11-11,3,115.87,8.763333333333334,4.6,25.19,0.799,6,0,0
CPT02128,2025-12-16,2,78.67,11.8,4.9,16.06,0.932,20,0,0
CPT02129,2025-11-25,3,188.9,20.276666666666667,5.1,37.04,0.815,0,1,0
CPT02131,2025-10-21,2,67.46000000000001,9.995,4.1,16.45,0.645,0,1,0
CPT02132,2025-11-04,2,52.11,3.66,3.4,15.33,0.709,12,0,0
CPT02133,2025-11-11,6,165.75,7.614999999999999,7.4,22.4,0.865,9,0,0
CPT02134,2025-11-04,1,42.11,17.28,4.1,10.27,0.867,0,1,1
CPT02134,2025-11-11,4,111.06,8.5775,6.5,17.09,0.783,0,1,1
CPT02134,2026-03-17,4,123.37,8.6375,4.7,26.25,0.799,18,0,1
CPT02135,2025-08-19,3,86.32,6.823333333333333,6.3,13.7,0.82,0,1,0
CPT02136,2026-02-10,4,155.27,8.435,5.7,27.24,0.726,4,0,0
CPT02136,2026-02-24,1,17.99,4.08,1.6,11.24,0.799,6,0,0
CPT02137,2026-03-03,2,101.02,19.645,4.1,24.64,0.829,21,0,1
CPT02138,2025-07-08,4,122.16,5.345,6.9,17.7,0.854,0,1,0
CPT02139,2025-10-28,4,127.91,8.7075,5.6,22.84,0.816,10,0,0
CPT02139,2026-01-06,3,78.99,7.133333333333333,3.0,26.33,0.764,20,0,0
CPT02140,2025-10-21,2,68.43,4.8,3.1,22.07,0.945,0,1,1
CPT02140,2025-12-30,1,55.38,10.59,3.7,14.97,0.957,1,0,1
CPT02141,2026-01-06,2,54.53,2.995,5.1,10.69,0.777,23,0,0
CPT02141,2026-02-17,5,202.7,8.18,5.2,38.98,0.74,29,0,0
CPT02143,2025-07-08,1,41.19,10.59,2.3,17.91,0.931,0,1,0
CPT02145,2025-11-11,4,127.28,6.415,4.4,28.93,0.839,0,1,1
CPT02146,2025-09-02,5,158.53,6.514,5.4,29.36,0.917,0,1,0
CPT02146,2026-06-30,1,28.78,5.41,4.4,6.54,0.935,24,0,0
CPT02147,2026-01-27,7,196.93,5.095714285714286,7.5,26.26,0.808,10,0,0
CPT02148,2026-05-05,3,93.52,7.963333333333334,4.4,21.25,0.927,27,0,0
CPT02152,2025-11-25,3,97.9,10.093333333333334,7.3,13.41,0.655,0,1,0
CPT02154,2026-03-17,3,96.97,8.98,3.8,25.52,0.897,12,0,1
CPT02155,2025-07-08,2,68.17,10.05,5.1,13.37,0.786,0,1,0
CPT02155,2025-07-15,3,251.58,21.223333333333333,4.9,51.34,0.805,0,1,0
CPT02160,2026-02-03,2,62.28,10.645,4.5,13.84,0.931,15,0,0
CPT02163,2026-06-02,3,98.96,6.73,5.8,17.06,0.953,26,0,0
CPT02167,2025-10-21,3,231.96,15.586666666666666,4.6,50.43,0.852,5,0,0
CPT02167,2026-03-17,5,149.93,7.284000000000001,6.9,21.73,0.861,26,0,0
CPT02169,2026-03-03,5,201.3,10.326,4.9,41.08,0.84,20,0,1
CPT02169,2026-06-16,1,50.38,12.21,2.4,20.99,0.966,35,0,1
CPT02170,2026-01-20,4,116.05,6.215,6.3,18.42,0.63,0,1,0
CPT02173,2026-06-09,1,64.55,10.02,4.2,15.37,0.913,26,0,1
CPT02174,2025-12-09,1,121.29,12.48,1.3,93.3,0.853,12,0,0
CPT02175,2026-04-28,5,161.81,8.608,7.0,23.12,0.812,41,0,0
CPT02176,2026-06-09,3,80.58,7.876666666666666,5.6,14.39,0.977,39,0,0
CPT02177,2025-11-18,2,108.24,7.5,3.5,30.93,0.855,4,0,0
CPT02179,2026-02-10,3,105.17,7.536666666666666,4.2,25.04,0.669,24,0,0
CPT02179,2026-06-02,2,83.27,12.82,4.5,18.5,0.804,40,0,0
CPT02181,2025-09-30,2,72.16,6.73,5.2,13.88,0.821,0,1,0
CPT02183,2025-12-23,4,104.29,6.535,3.7,28.19,0.929,2,0,0
CPT02186,2025-08-26,2,60.81,10.53,4.3,14.14,0.835,0,1,0
CPT02187,2026-05-19,5,206.73,8.372,5.0,41.35,0.909,28,0,0
CPT02188,2025-07-15,1,43.67,17.9,1.0,43.67,0.772,0,1,0
CPT02189,2025-07-15,2,45.72,2.715,3.1,14.75,0.718,0,1,1
CPT02193,2025-08-05,2,107.58,18.91,3.5,30.74,0.67,0,1,0
CPT02193,2026-01-06,8,284.59000000000003,8.08625,8.2,34.71,0.745,4,0,0
CPT02193,2026-03-17,2,61.53,3.42,7.1,8.67,0.85,14,0,0
CPT02194,2026-01-20,4,144.38,5.135,7.1,20.34,0.961,6,0,0
CPT02196,2025-07-22,4,159.34,7.24,4.6,34.64,0.925,0,1,0
CPT02200,2025-09-09,1,56.48,8.16,2.8,20.17,0.721,0,1,0
CPT02201,2025-07-08,3,105.82,8.513333333333334,4.0,26.46,0.924,0,1,0
CPT02201,2025-11-11,2,40.11,4.26,4.8,8.36,0.874,0,1,0
CPT02202,2025-07-01,4,162.82999999999998,14.1625,8.0,20.35,0.694,0,1,1
CPT02202,2026-03-17,5,259.56,9.946,6.4,40.56,0.781,18,0,1
CPT02204,2026-03-10,3,91.52,5.196666666666666,4.1,22.32,0.837,27,0,0
CPT02204,2026-06-02,3,95.1,6.593333333333334,4.9,19.41,0.806,39,0,0
CPT02205,2025-10-21,2,58.4,5.955,4.2,13.9,1.0,3,0,0
CPT02206,2026-02-10,2,129.46,9.555,3.6,35.96,0.756,22,0,1
CPT02207,2026-03-17,3,121.4,11.203333333333331,5.0,24.28,0.917,21,0,0
CPT02209,2026-02-17,2,48.2,7.285,1.1,43.82,0.847,17,0,0
CPT02209,2026-03-10,1,34.88,6.31,2.7,12.92,0.683,20,0,0
CPT02210,2025-12-02,2,82.0,15.825,3.1,26.45,0.766,20,0,0
CPT02211,2026-03-03,4,185.64,9.1,5.6,33.15,0.718,22,0,1
CPT02211,2026-04-14,2,63.14,6.175000000000001,2.3,27.45,0.931,28,0,1
CPT02212,2025-08-19,3,166.62,9.99,6.3,26.45,0.822,0,1,0
CPT02217,2025-08-05,1,26.18,7.93,6.3,4.16,0.896,0,1,0
CPT02217,2026-03-17,4,129.73000000000002,7.425,5.9,21.99,0.782,30,0,0
CPT02217,2026-06-16,4,173.71,15.1225,5.1,34.06,0.586,43,0,0
CPT02218,2025-12-23,4,201.62,14.365,5.2,38.77,0.816,11,0,0
CPT02220,2025-07-15,2,109.84,14.59,4.1,26.79,0.909,0,1,0
CPT02225,2025-09-16,2,108.79,14.704999999999998,4.2,25.9,0.956,6,0,0
CPT02225,2025-12-16,3,140.52,6.953333333333333,6.4,21.96,0.801,19,0,0
CPT02226,2026-01-13,2,72.68,11.61,4.7,15.46,0.744,6,0,0
CPT02226,2026-03-24,6,187.08,6.48,5.8,32.26,0.751,16,0,0
CPT02228,2026-05-19,4,133.78,8.9025,5.5,24.32,0.877,14,0,0
CPT02230,2026-02-24,4,97.8,5.38,4.6,21.26,0.826,4,0,0
CPT02231,2025-08-05,3,87.43,5.033333333333333,3.1,28.2,0.797,0,1,1
CPT02231,2025-12-02,5,135.89999999999998,5.46,6.9,19.7,0.681,0,1,1
CPT02231,2026-04-21,1,74.2,17.58,2.1,35.33,0.677,18,0,1
CPT02233,2025-08-12,5,186.22000000000003,7.196000000000001,4.4,42.32,0.861,0,1,0
CPT02233,2026-06-23,3,138.84,10.92,4.7,29.54,0.795,29,0,0
CPT02234,2026-03-10,7,189.9,6.654285714285714,8.2,23.16,0.843,0,1,0
CPT02235,2025-07-29,3,134.65,12.733333333333334,6.1,22.07,0.949,0,1,0
CPT02235,2026-01-06,3,114.27,8.72,3.5,32.65,0.926,0,1,0
CPT02237,2025-08-19,3,191.78,18.046666666666667,4.2,45.66,0.857,0,1,0
CPT02237,2025-10-07,3,83.74,6.083333333333333,3.2,26.17,0.804,0,1,0
CPT02237,2025-12-02,1,61.36,21.24,4.2,14.61,0.801,6,0,0
CPT02239,2026-04-07,2,61.31,10.545,3.9,15.72,0.661,24,0,0
CPT02241,2026-03-24,1,53.18,10.23,4.9,10.85,0.907,6,0,0
CPT02243,2026-01-13,1,18.51,4.37,4.5,4.11,0.889,18,0,0
CPT02244,2025-11-25,1,33.26,11.68,3.7,8.99,0.946,8,0,0
CPT02247,2026-01-06,1,20.94,2.14,3.2,6.54,0.718,14,0,0
CPT02247,2026-04-07,5,108.58,5.554,6.8,15.97,0.962,27,0,0
CPT02248,2025-09-30,1,31.35,11.0,2.3,13.63,0.759,0,1,0
CPT02250,2025-08-05,1,16.1,2.34,3.7,4.35,0.818,0,1,1
CPT02255,2026-02-17,3,118.43,7.763333333333333,4.7,25.2,0.834,11,0,0
CPT02263,2026-04-14,2,52.31,2.97,4.7,11.13,0.829,34,0,0
CPT02263,2026-06-30,1,46.69,10.68,2.9,16.1,0.795,45,0,0
CPT02264,2025-09-23,2,116.0,9.51,3.4,34.12,0.939,0,1,0
CPT02264,2026-04-21,1,35.51,4.12,4.9,7.25,0.857,4,0,0
CPT02265,2025-10-28,1,30.47,10.2,6.2,4.91,0.805,9,0,0
CPT02265,2026-04-07,1,18.72,2.93,3.6,5.2,0.818,32,0,0
CPT02265,2026-05-19,4,118.9,4.16,6.1,19.49,0.919,38,0,0
CPT02267,2025-11-25,1,49.18,9.26,5.9,8.34,0.739,0,1,1
CPT02269,2026-06-16,1,45.59,7.32,4.9,9.3,0.853,42,0,0
CPT02272,2025-10-21,4,89.77,5.1425,6.2,14.48,0.766,0,1,0
CPT02273,2025-10-14,2,91.72,15.114999999999998,3.2,28.66,0.938,0,1,0
CPT02276,2026-04-28,2,113.28,6.115,4.3,26.34,0.866,22,0,0
CPT02277,2025-12-02,1,47.58,8.25,4.2,11.33,0.894,9,0,0
CPT02277,2026-02-17,3,162.98,9.086666666666668,5.7,28.59,0.686,20,0,0
CPT02279,2026-01-20,2,46.87,6.71,4.5,10.42,0.791,16,0,1
CPT02280,2026-06-02,7,258.03,9.035714285714286,8.0,32.25,0.912,21,0,0
CPT02282,2026-04-14,1,28.29,7.47,5.1,5.55,0.918,12,0,0
CPT02286,2025-07-22,1,36.76,14.33,2.7,13.61,0.833,0,1,0
CPT02290,2025-07-15,1,75.76,26.3,4.3,17.62,0.714,0,1,0
CPT02292,2025-12-09,4,157.41,10.5825,6.0,26.24,0.891,10,0,0
CPT02292,2026-04-07,5,226.59,10.998,8.2,27.63,0.796,27,0,0
CPT02294,2026-06-16,2,41.44,4.67,4.7,8.82,0.914,15,0,0
CPT02295,2025-07-08,1,51.45,6.79,2.9,17.74,0.808,0,1,0
CPT02300,2026-02-03,3,150.39,8.62,5.7,26.38,0.859,0,1,0
CPT02300,2026-04-28,5,216.8,6.8340000000000005,6.5,33.35,0.971,8,0,0
CPT02303,2025-07-29,2,71.4,9.425,4.5,15.87,0.839,0,1,0
CPT02308,2026-04-14,2,102.66,9.8,0.9,114.07,1.0,27,0,0
CPT02309,2026-04-21,1,27.93,7.18,1.9,14.7,0.766,11,0,0
CPT02310,2026-04-14,2,93.57,6.87,4.7,19.91,0.815,30,0,1
CPT02312,2025-12-02,1,40.06,10.45,2.3,17.42,0.825,0,1,1
CPT02313,2026-05-19,3,81.03,6.506666666666667,3.4,23.83,0.877,24,0,0
CPT02314,2025-12-02,1,32.86,12.18,3.4,9.66,0.758,0,1,0
CPT02317,2025-09-09,1,46.83,8.01,4.2,11.15,0.857,0,1,0
CPT02319,2026-01-13,1,70.36,15.6,3.4,20.69,0.741,0,1,1
CPT02321,2025-07-15,2,60.71,3.47,2.8,21.68,0.783,0,1,0
CPT02321,2026-03-10,1,25.52,6.26,7.2,3.54,0.79,26,0,0
CPT02321,2026-06-09,5,273.37,8.844,6.0,45.56,0.682,39,0,0
CPT02325,2026-02-03,7,284.81,6.372857142857143,6.8,41.88,0.884,18,0,0
CPT02327,2025-12-09,4,235.18,10.6525,5.0,47.04,0.841,0,1,0
CPT02329,2025-07-01,5,255.66000000000005,8.764,6.9,37.05,1.0,0,1,0
CPT02331,2025-10-07,2,93.8,9.26,3.0,31.27,0.906,0,1,0
CPT02334,2025-09-02,4,161.26000000000002,8.5075,5.2,31.01,0.893,0,1,0
CPT02335,2025-07-01,4,181.34,12.98,5.8,31.27,0.922,0,1,1
CPT02336,2025-09-09,6,263.67,7.268333333333333,6.8,38.78,0.695,0,1,0
CPT02336,2026-04-14,3,85.53999999999999,6.473333333333334,5.2,16.45,0.821,11,0,0
CPT02337,2026-06-16,2,61.23,10.62,1.7,36.02,0.9,44,0,0
CPT02339,2026-06-02,3,89.39999999999999,9.28,3.4,26.29,0.866,38,0,1
CPT02340,2026-02-03,4,211.45,9.88,4.5,46.99,0.704,6,0,0
CPT02340,2026-04-14,1,46.62,18.76,3.7,12.6,0.905,16,0,0
CPT02341,2025-09-23,1,28.73,7.92,3.8,7.56,0.737,1,0,0
CPT02342,2025-07-01,1,19.94,4.83,3.7,5.39,0.706,0,1,0
CPT02342,2026-06-23,1,50.04,6.54,3.4,14.72,0.815,30,0,0
CPT02343,2026-03-03,5,220.51,9.738,4.7,46.92,0.732,30,0,0
CPT02345,2026-02-10,2,66.16,5.734999999999999,6.5,10.18,0.792,16,0,0
CPT02345,2026-05-05,4,168.65,7.18,6.0,28.11,0.953,28,0,0
CPT02346,2025-12-16,4,107.22,7.41,2.7,39.71,0.661,13,0,0
CPT02346,2026-04-28,2,67.78,12.22,3.6,18.83,0.886,32,0,0
CPT02346,2026-06-23,1,17.67,3.8,3.2,5.52,0.729,40,0,0
CPT02348,2026-03-03,3,90.93,6.286666666666666,3.5,25.98,0.7,25,0,1
CPT02350,2025-10-14,5,194.57,11.304,4.6,42.3,0.908,0,1,0
CPT02351,2026-04-28,7,318.3,9.918571428571427,6.3,50.52,0.795,25,0,0
CPT02353,2025-10-28,2,103.33,10.08,2.4,43.05,0.991,2,0,0
CPT02353,2026-05-05,6,252.05,8.991666666666667,5.5,45.83,0.836,29,0,0
CPT02354,2026-03-31,3,112.74,6.44,5.1,22.11,0.724,27,0,0
CPT02358,2026-03-10,2,107.68,13.465,2.6,41.42,0.674,2,0,0
CPT02361,2025-07-29,5,213.39,9.526,6.7,31.85,0.83,0,1,0
CPT02361,2025-09-02,3,113.77,4.583333333333333,3.0,37.92,0.82,2,0,0
CPT02364,2025-12-09,2,69.61,4.36,5.8,12.0,0.88,7,0,0
CPT02364,2026-04-07,1,13.56,1.46,3.0,4.52,0.758,24,0,0
CPT02365,2026-04-21,2,43.06,5.16,4.7,9.16,0.793,33,0,0
CPT02368,2025-12-09,4,141.7,8.9225,5.5,25.76,0.799,6,0,0
CPT02370,2026-05-12,2,47.72,6.88,2.8,17.04,0.936,40,0,0
CPT02376,2025-10-21,2,110.52,8.79,1.7,65.01,0.761,2,0,0
CPT02377,2026-06-02,4,110.24,5.1825,6.2,17.78,0.771,16,0,0
CPT02378,2025-08-05,5,234.26,9.116,8.7,26.93,0.963,0,1,0
CPT02380,2026-06-09,1,25.4,7.65,2.7,9.41,0.846,21,0,0
CPT02381,2026-02-03,1,54.99,15.75,1.9,28.94,0.665,3,0,0
CPT02382,2025-08-19,3,86.33,9.443333333333332,4.6,18.77,0.835,0,1,0
CPT02385,2026-03-24,1,17.05,3.46,3.2,5.33,0.81,15,0,0
CPT02385,2026-04-07,4,144.92000000000002,7.39,6.3,23.0,0.815,17,0,0
CPT02390,2026-01-06,3,78.24,7.329999999999999,3.4,23.01,0.992,10,0,1
CPT02390,2026-03-24,6,270.82,11.866666666666667,8.3,32.63,0.972,21,0,1
CPT02393,2025-08-19,1,38.47,14.44,3.6,10.69,0.789,0,1,0
CPT02394,2025-10-21,2,83.57,14.61,6.6,12.66,0.877,0,1,0
CPT02394,2026-05-05,4,139.53,9.34,6.8,20.52,0.806,3,0,0
CPT02397,2026-03-03,2,73.69,6.73,6.3,11.7,0.697,7,0,0
CPT02399,2026-04-07,4,180.47,5.5275,3.9,46.27,0.859,32,0,0
CPT02400,2025-10-14,2,49.45,3.67,3.2,15.45,0.928,0,1,0
CPT02400,2026-04-07,1,16.07,2.74,4.2,3.83,0.775,15,0,0
CPT02401,2025-07-08,4,103.65,6.04,4.7,22.05,0.772,0,1,1
CPT02402,2026-06-09,4,125.73,7.0425,4.2,29.94,0.784,22,0,0
CPT02404,2026-03-17,4,127.58,9.9925,6.2,20.58,0.863,32,0,0
CPT02405,2026-01-27,2,65.99000000000001,4.36,6.0,11.0,0.886,0,1,0
CPT02405,2026-06-09,1,35.08,11.45,4.3,8.16,0.988,8,0,0
CPT02406,2026-02-24,1,17.57,3.65,2.4,7.32,0.899,10,0,0
CPT02407,2025-08-26,2,41.31,5.145,4.1,10.08,0.842,0,1,0
CPT02407,2025-10-07,4,148.89,9.3625,6.5,22.91,0.879,6,0,0
CPT02408,2025-12-16,1,27.51,4.83,4.7,5.85,0.956,0,1,0
CPT02409,2026-03-17,4,160.72,8.67,4.1,39.2,0.852,6,0,1
CPT02412,2025-10-07,3,94.14,9.143333333333333,3.7,25.44,0.869,0,1,0
CPT02413,2025-11-11,1,26.82,8.7,3.8,7.06,0.82,6,0,0
CPT02414,2026-06-02,6,222.14,6.438333333333333,8.3,26.76,0.889,18,0,0
CPT02414,2026-06-16,1,39.89,14.99,3.4,11.73,0.93,20,0,0
CPT02416,2026-02-17,3,151.78,8.603333333333333,2.8,54.21,0.879,20,0,0
CPT02418,2026-03-03,5,194.42,9.552,6.7,29.02,0.862,15,0,0
CPT02418,2026-05-12,2,56.09,3.41,4.4,12.75,0.982,25,0,0
CPT02421,2026-03-31,2,75.33,6.43,5.9,12.77,0.837,22,0,0
CPT02421,2026-06-09,7,270.02,5.978571428571429,6.9,39.13,0.919,32,0,0
CPT02422,2026-02-24,5,146.84,6.9,6.2,23.68,0.745,0,1,1
CPT02424,2025-12-23,2,71.0,10.84,4.2,16.9,0.891,7,0,0
CPT02426,2026-06-16,3,115.16,4.933333333333334,3.7,31.12,0.785,42,0,1
CPT02428,2025-09-09,1,37.84,15.36,3.0,12.61,0.82,0,1,1
CPT02429,2025-09-09,1,38.73,13.62,3.4,11.39,0.974,2,0,0
CPT02429,2026-01-20,4,175.63,8.26,4.2,41.82,0.88,21,0,0
CPT02431,2026-05-26,2,59.150000000000006,8.5,3.4,17.4,0.83,27,0,0
CPT02432,2025-12-02,2,64.38,6.13,5.7,11.29,0.781,0,1,0
CPT02433,2025-12-23,1,49.77,13.77,4.5,11.06,0.773,13,0,1
CPT02433,2026-06-16,4,215.78000000000003,9.63,4.8,44.95,0.966,38,0,1
CPT02434,2025-07-01,4,174.15,8.3125,5.0,34.83,0.923,0,1,1
CPT02434,2025-08-12,1,59.56,12.71,2.7,22.06,0.729,0,1,1
CPT02435,2026-06-09,6,243.37,8.441666666666666,7.3,33.34,0.715,37,0,0
CPT02438,2025-07-08,2,52.6,8.12,4.1,12.83,0.902,0,1,1
CPT02439,2025-08-26,2,92.82,16.93,2.3,40.36,0.898,0,1,1
CPT02441,2026-06-02,3,118.07,7.763333333333333,3.8,31.07,0.941,44,0,0
CPT02444,2026-05-12,4,114.75,6.69,5.8,19.78,0.976,30,0,0
CPT02448,2026-01-06,2,97.38,10.745,3.8,25.63,0.823,15,0,0
CPT02448,2026-01-20,1,42.87,16.55,2.7,15.88,0.791,17,0,0
CPT02449,2025-12-16,4,161.82999999999998,6.029999999999999,6.6,24.52,0.815,20,0,0
CPT02450,2025-08-26,2,88.9,13.43,4.4,20.2,0.749,0,1,0
CPT02450,2026-06-23,4,143.89999999999998,8.1875,7.0,20.56,0.854,30,0,0
CPT02451,2026-01-13,4,204.31,6.785,5.6,36.48,0.837,0,1,0
CPT02452,2026-01-13,1,33.59,10.71,5.2,6.46,0.842,14,0,0
CPT02452,2026-04-21,5,240.39,7.386,6.7,35.88,0.876,28,0,0
CPT02454,2026-02-03,3,135.87,12.74,5.6,24.26,0.921,12,0,0
CPT02454,2026-04-14,1,18.73,3.26,3.1,6.04,0.935,22,0,0
CPT02455,2025-08-19,3,111.94,5.79,5.2,21.53,0.744,0,1,1
CPT02456,2025-10-07,4,112.46,6.1075,6.3,17.85,0.843,7,0,0
CPT02457,2026-06-23,7,314.82,5.981428571428572,8.0,39.35,0.953,17,0,0
CPT02458,2025-09-09,1,23.0,3.19,4.3,5.35,0.792,0,1,0
CPT02459,2026-04-21,1,64.73,10.94,3.3,19.62,0.96,15,0,0
CPT02462,2025-11-04,3,117.26,14.03,3.9,30.07,0.64,0,1,0
CPT02462,2026-05-19,2,109.01,10.94,6.3,17.3,0.789,12,0,0
CPT02464,2026-02-03,1,31.38,8.43,4.9,6.4,0.648,0,1,0
CPT02466,2025-08-05,2,66.53,9.01,3.6,18.48,0.605,0,1,0
CPT02468,2025-07-29,2,89.64,15.41,5.8,15.46,0.687,0,1,0
CPT02470,2026-05-19,3,83.78999999999999,8.799999999999999,5.6,14.96,0.784,19,0,0
CPT02471,2025-09-09,1,42.6,6.51,3.8,11.21,0.87,3,0,0
CPT02472,2025-11-18,1,28.12,5.49,6.0,4.69,0.675,15,0,0
CPT02472,2025-11-25,4,158.82999999999998,11.4275,5.9,26.92,0.904,16,0,0
CPT02475,2025-10-21,1,18.57,2.86,4.0,4.64,1.0,0,1,0
CPT02476,2026-02-03,1,32.98,12.43,4.6,7.17,0.9,16,0,0
CPT02478,2026-02-03,2,36.81,4.26,3.1,11.87,0.954,0,1,0
CPT02478,2026-03-10,3,106.73,7.283333333333334,4.2,25.41,0.74,4,0,0
CPT02483,2025-07-08,2,92.92,8.7,3.7,25.11,0.902,0,1,0
CPT02484,2026-03-03,2,106.75,7.685,2.5,42.7,0.77,13,0,0
CPT02486,2025-11-11,3,140.14,10.24,6.0,23.36,0.684,2,0,0
CPT02488,2026-05-12,1,20.32,4.82,4.7,4.32,0.841,39,0,0
CPT02488,2026-06-09,2,66.85,8.225,4.8,13.93,0.622,43,0,0
CPT02490,2026-03-24,1,39.44,2.56,3.1,12.72,0.728,25,0,0
CPT02491,2025-10-07,6,256.47,10.021666666666668,5.8,44.22,0.835,0,1,0
CPT02492,2025-11-25,2,45.88,6.695,3.0,15.29,0.914,0,1,0
CPT02492,2026-04-28,3,65.67,5.68,4.7,13.97,0.83,10,0,0
CPT02495,2025-07-08,1,21.16,5.27,2.7,7.84,0.904,0,1,0
CPT02495,2025-08-26,1,77.89,25.9,4.6,16.93,0.807,5,0,0
CPT02496,2025-12-02,2,172.26999999999998,16.135,2.6,66.26,0.938,20,0,0
CPT02496,2026-05-26,1,43.13,4.88,3.3,13.07,0.8,45,0,0
CPT02500,2025-12-02,3,91.4,6.446666666666666,4.8,19.04,0.854,10,0,1
CPT02500,2026-03-03,3,106.66,8.31,4.5,23.7,0.76,23,0,1
CPT02503,2025-12-23,2,45.11,6.34,4.6,9.81,0.781,20,0,0
CPT02504,2026-04-07,5,192.3,7.828,6.8,28.28,0.835,12,0,0
CPT02505,2025-09-23,2,74.43,12.235,0.7,106.33,0.808,4,0,0
CPT02506,2026-02-17,7,326.53,10.797142857142855,6.7,48.74,0.816,20,0,0
CPT02507,2026-06-09,3,68.99000000000001,5.043333333333333,3.6,19.16,0.915,20,0,0
CPT02508,2025-08-12,2,72.98,7.435,2.5,29.19,0.831,0,1,0
CPT02508,2025-10-14,1,32.73,5.41,3.6,9.09,0.937,0,1,0
CPT02508,2025-12-02,3,98.76,4.760000000000001,3.8,25.99,0.868,0,1,0
CPT02508,2025-12-16,2,83.09,13.12,4.7,17.68,0.739,0,1,0
CPT02508,2026-02-03,2,140.87,17.15,2.9,48.58,0.923,1,0,0
CPT02509,2025-08-05,4,198.29,13.8825,8.3,23.89,0.692,0,1,1
CPT02511,2026-04-28,2,87.13,2.305,5.0,17.43,1.0,23,0,0
CPT02511,2026-06-02,4,146.02,7.9175,3.6,40.56,0.78,28,0,0
CPT02512,2026-05-19,6,357.92,11.56,5.5,65.08,0.727,31,0,0
CPT02514,2025-08-05,2,52.3,5.78,1.4,37.36,0.625,0,1,0
CPT02515,2026-05-19,5,169.92000000000002,8.106,6.4,26.55,0.747,44,0,0
CPT02516,2026-01-06,1,64.75,13.79,4.7,13.78,0.973,0,1,0
CPT02517,2025-07-22,4,158.96,10.9475,4.8,33.12,0.744,0,1,0
CPT02517,2026-01-06,1,39.95,12.83,3.1,12.89,0.901,0,1,0
CPT02518,2025-08-12,3,154.81,13.393333333333333,3.6,43.0,0.955,0,1,0
CPT02518,2026-01-13,3,151.47,13.586666666666666,5.3,28.58,0.882,2,0,0
CPT02518,2026-04-07,3,222.76,13.826666666666668,5.7,39.08,0.756,14,0,0
CPT02519,2026-05-26,2,86.25,9.715,3.8,22.7,0.834,24,0,0
CPT02521,2026-03-17,1,17.06,3.37,3.4,5.02,0.783,15,0,0
CPT02522,2025-10-21,1,21.82,6.09,3.4,6.42,1.0,0,1,0
CPT02523,2026-04-21,6,216.79,9.636666666666668,6.7,32.36,0.878,18,0,0
CPT02524,2025-11-25,1,12.62,0.81,4.0,3.16,0.785,16,0,0
CPT02526,2025-09-23,1,18.36,2.76,2.4,7.65,0.836,6,0,0
CPT02527,2026-04-21,7,291.2,10.592857142857143,8.4,34.67,0.795,30,0,0
CPT02528,2026-05-19,1,31.99,9.63,2.9,11.03,0.696,9,0,0
CPT02529,2025-09-23,1,49.66,7.0,4.2,11.82,0.831,0,1,0
CPT02529,2025-12-23,2,72.65,5.925,4.5,16.14,0.876,3,0,0
CPT02532,2025-12-16,1,43.33,4.25,3.2,13.54,0.713,10,0,1
CPT02532,2026-05-05,6,229.16,9.493333333333334,7.7,29.76,0.982,30,0,1
CPT02533,2025-09-23,2,60.86,6.42,4.2,14.49,0.898,11,0,0
CPT02533,2025-12-23,6,176.69,5.901666666666666,6.2,28.5,0.783,24,0,0
CPT02533,2026-03-10,1,29.13,1.22,5.2,5.6,0.755,35,0,0
CPT02533,2026-04-14,4,126.03,7.5925,5.2,24.24,0.692,40,0,0
CPT02533,2026-05-19,2,66.22999999999999,8.129999999999999,4.0,16.56,0.893,45,0,0
CPT02535,2025-11-25,1,57.65,16.77,2.8,20.59,0.837,15,0,0
CPT02537,2026-06-16,2,52.93,6.970000000000001,3.8,13.93,0.752,36,0,0
CPT02540,2026-03-03,2,109.56,13.114999999999998,2.8,39.13,0.785,24,0,0
CPT02542,2026-06-23,2,85.81,8.4,3.8,22.58,0.897,41,0,0
CPT02545,2026-01-27,2,92.49,7.815,3.0,30.83,0.92,7,0,0
CPT02547,2025-07-22,1,26.44,4.72,2.7,9.79,0.915,0,1,0
CPT02547,2026-06-23,3,144.35,8.513333333333334,5.9,24.47,0.815,41,0,0
CPT02548,2025-10-07,1,16.39,1.69,3.3,4.97,0.818,8,0,0
CPT02548,2025-11-04,5,229.83,11.328,6.2,37.07,0.925,12,0,0
CPT02550,2025-07-29,1,22.7,3.16,5.7,3.98,0.832,0,1,0
CPT02552,2025-11-18,4,87.67,4.2525,6.8,12.89,0.664,0,1,0
CPT02552,2026-05-12,1,30.2,10.38,2.8,10.79,0.861,9,0,0
CPT02553,2025-11-04,2,80.74000000000001,3.99,4.2,19.22,0.844,3,0,1
CPT02553,2026-02-17,4,104.67,5.87,4.7,22.27,0.815,18,0,1
CPT02555,2026-04-21,4,92.59,5.8875,6.2,14.93,0.77,40,0,0
CPT02556,2026-02-24,4,154.7,10.38,6.5,23.8,0.769,23,0,0
CPT02558,2026-04-28,2,94.62,10.4,3.4,27.83,0.788,24,0,0
CPT02559,2026-05-19,6,214.72,8.266666666666666,6.3,34.08,0.983,18,0,0
CPT02561,2026-01-27,1,18.23,3.91,3.8,4.8,0.951,26,0,1
CPT02563,2026-02-10,3,91.29,6.109999999999999,4.7,19.42,0.825,13,0,0
CPT02564,2026-03-24,2,77.9,13.195,5.5,14.16,0.799,17,0,0
CPT02568,2026-05-12,1,20.63,2.36,3.4,6.07,0.836,42,0,1
CPT02569,2025-12-09,3,83.76,4.62,4.2,19.94,0.744,7,0,0
CPT02569,2026-01-13,4,120.37,4.6925,6.2,19.41,0.782,12,0,0
CPT02572,2025-07-29,3,76.23,6.623333333333332,6.2,12.3,0.841,0,1,0
CPT02574,2025-08-05,2,38.870000000000005,2.73,2.8,13.88,0.818,0,1,0
CPT02574,2026-05-05,2,55.81,8.33,4.6,12.13,1.0,16,0,0
CPT02577,2025-10-21,1,122.93,25.93,4.7,26.16,0.906,0,1,0
CPT02579,2026-04-14,3,119.44,12.733333333333334,4.7,25.41,0.868,29,0,1
CPT02579,2026-06-16,1,38.84,10.1,3.1,12.53,0.846,38,0,1
CPT02582,2025-09-09,2,72.43,9.905,3.2,22.63,0.683,3,0,1
CPT02582,2025-10-07,2,43.21,5.49,4.6,9.39,0.868,7,0,1
CPT02582,2025-10-21,3,77.86,6.683333333333334,4.1,18.99,0.708,9,0,1
CPT02582,2025-12-23,2,70.66,10.725,3.4,20.78,0.796,18,0,1
CPT02583,2025-10-07,2,58.14,5.095,4.5,12.92,0.837,0,1,0
CPT02583,2026-05-26,4,117.18,5.8225,3.9,30.05,0.849,30,0,0
CPT02584,2025-10-21,2,79.89,12.93,4.4,18.16,0.851,0,1,0
CPT02590,2025-07-22,2,103.83,8.475000000000001,5.3,19.59,0.873,0,1,1
CPT02590,2025-07-29,2,54.47,6.07,4.2,12.97,0.808,0,1,1
CPT02590,2025-09-16,2,69.86,8.99,4.6,15.19,0.861,0,1,1
CPT02590,2025-11-04,3,104.81,9.85,3.6,29.11,0.848,0,1,1
CPT02592,2025-08-12,1,67.79,11.92,2.8,24.21,0.752,0,1,0
CPT02593,2026-01-06,2,57.5,7.0600000000000005,4.6,12.5,0.805,3,0,0
CPT02595,2026-03-17,1,23.03,6.26,3.2,7.2,0.784,22,0,1
CPT02596,2026-03-17,2,48.760000000000005,7.46,3.5,13.93,0.721,31,0,0
CPT02596,2026-05-05,2,52.97,6.87,5.1,10.39,0.643,38,0,0
CPT02599,2026-02-10,1,46.46,15.89,3.3,14.08,0.909,23,0,0
CPT02599,2026-04-21,1,33.29,2.31,4.7,7.08,0.756,33,0,0
CPT02599,2026-05-12,3,44.59,1.7733333333333334,4.1,10.88,0.873,36,0,0
CPT02599,2026-06-09,3,87.29,4.626666666666667,6.0,14.55,0.737,40,0,0
CPT02600,2026-03-31,2,36.11,2.22,3.2,11.28,0.728,28,0,1
CPT02600,2026-05-19,4,152.13,8.67,5.0,30.43,0.844,35,0,1
CPT02600,2026-05-26,4,93.76,5.47,6.8,13.79,0.889,36,0,1
