trip_id,requested_at,city_id,pickup_zone,dropoff_zone,captain_id,vehicle_class,status,fare_aed,distance_km,duration_min,eta_promised_min,eta_actual_min,surge_multiplier,rider_rating
TRP0000019,2025-07-01 07:00:00,DXB,Z01,Z05,CPT00034,Go Plus,completed,55.36,9.65,32.2,8.0,8.4,1.45,5.0
TRP0000491,2025-07-05 12:00:00,DXB,Z01,Z01,CPT01896,Max,completed,30.94,1.22,7.2,6.6,9.6,1.2,4.7
TRP0000505,2025-07-05 15:00:00,DXB,Z01,Z15,CPT00828,Go,completed,56.01,19.71,53.9,8.2,10.0,1.18,4.5
TRP0000582,2025-07-06 06:00:00,DXB,Z01,Z10,CPT00389,Go,completed,23.71,1.55,7.3,8.5,11.2,1.71,4.5
TRP0000776,2025-07-08 10:00:00,DXB,Z01,Z12,CPT02024,Go,completed,23.01,6.62,15.7,6.3,8.0,0.99,4.4
TRP0001021,2025-07-10 18:00:00,DXB,Z01,Z03,CPT01155,Max,completed,44.1,6.85,19.4,7.1,8.2,1.02,4.9
TRP0001135,2025-07-11 16:00:00,DXB,Z01,Z08,CPT01657,Go,completed,39.88,15.61,39.7,8.5,7.7,1.0,4.9
TRP0001199,2025-07-12 03:00:00,DXB,Z01,Z12,CPT01742,Go,completed,35.47,8.05,24.3,7.2,8.5,1.37,5.0
TRP0001654,2025-07-16 11:00:00,DXB,Z01,Z11,CPT00135,Go,completed,19.84,4.78,16.5,6.1,7.6,1.0,5.0
TRP0001713,2025-07-17 00:00:00,DXB,Z01,Z09,CPT00084,Business,completed,61.34,7.99,31.0,7.7,8.6,1.12,5.0
TRP0002018,2025-07-19 13:00:00,DXB,Z01,Z09,CPT01063,Go,completed,40.28,11.2,24.0,7.4,8.2,1.27,4.6
TRP0002025,2025-07-19 15:00:00,DXB,Z01,Z10,CPT01961,Go,completed,19.26,4.16,14.1,7.3,5.9,1.03,4.8
TRP0002468,2025-07-23 16:00:00,DXB,Z01,Z12,CPT02080,Go,completed,12.48,0.8,5.5,7.8,6.8,1.0,4.7
TRP0002508,2025-07-23 22:00:00,DXB,Z01,Z01,CPT00713,Go,completed,22.87,6.67,22.1,6.7,7.5,0.98,5.0
TRP0002642,2025-07-25 06:00:00,DXB,Z01,Z09,CPT00002,Go,completed,46.25,8.26,21.4,7.8,8.4,1.76,4.8
TRP0002910,2025-07-27 09:00:00,DXB,Z01,Z03,CPT00927,Go Plus,completed,25.02,2.91,8.8,7.4,8.2,1.12,4.9
TRP0003054,2025-07-28 21:00:00,DXB,Z01,Z02,CPT01844,Business,completed,62.54,7.5,23.9,7.4,6.5,1.18,4.1
TRP0003091,2025-07-29 11:00:00,DXB,Z01,Z06,CPT02564,Go,completed,18.32,3.86,19.0,6.9,7.3,1.01,4.3
TRP0003266,2025-07-31 09:00:00,DXB,Z01,Z01,CPT01726,Go,completed,31.71,6.75,12.5,7.3,7.6,1.35,4.9
TRP0003275,2025-07-31 13:00:00,DXB,Z01,Z02,CPT02041,Go Plus,completed,32.43,4.81,12.4,6.9,10.3,1.21,5.0
TRP0003309,2025-07-31 19:00:00,DXB,Z01,Z07,CPT01769,Go,completed,24.37,5.92,16.9,7.0,7.8,1.11,4.4
TRP0003643,2025-08-03 18:00:00,DXB,Z01,Z07,CPT02552,Go,completed,14.9,1.95,9.6,6.4,4.6,1.02,4.2
TRP0003708,2025-08-04 12:00:00,DXB,Z01,Z03,CPT00063,Go Plus,completed,50.96,12.1,32.8,6.2,8.2,1.16,4.0
TRP0003736,2025-08-04 18:00:00,DXB,Z01,Z12,CPT00401,Go,completed,14.55,1.84,9.6,6.8,6.1,1.01,5.0
TRP0003766,2025-08-04 22:00:00,DXB,Z01,Z01,CPT02086,Go Plus,completed,31.75,6.15,17.2,8.6,7.6,1.06,5.0
TRP0003873,2025-08-06 02:00:00,DXB,Z01,Z15,CPT01192,Go Plus,completed,48.63,14.52,30.6,8.6,8.3,0.98,4.9
TRP0003980,2025-08-07 01:00:00,DXB,Z01,Z13,CPT01537,Max,completed,33.88,1.51,8.4,8.1,9.6,1.27,5.0
TRP0003984,2025-08-07 06:00:00,DXB,Z01,Z02,CPT01919,Max,completed,51.38,2.01,7.8,6.5,8.7,1.82,4.4
TRP0004033,2025-08-07 14:00:00,DXB,Z01,Z15,CPT00490,Go,completed,26.73,8.65,36.6,5.1,7.0,0.99,4.5
TRP0004244,2025-08-09 09:00:00,DXB,Z01,Z04,CPT00775,Go,completed,24.52,7.05,26.7,7.5,5.4,1.02,4.6
TRP0004530,2025-08-11 22:00:00,DXB,Z01,Z14,CPT01585,Go,completed,16.72,3.0,11.8,8.0,6.5,1.01,4.5
TRP0004858,2025-08-14 21:00:00,DXB,Z01,Z14,CPT02576,Go,completed,41.05,12.7,42.1,7.8,8.6,1.19,4.8
TRP0004880,2025-08-15 05:00:00,DXB,Z01,Z06,CPT02356,Go,completed,24.05,4.8,17.7,7.1,9.4,1.21,4.5
TRP0004992,2025-08-15 21:00:00,DXB,Z01,Z06,CPT00729,Go Plus,completed,48.94,13.43,41.4,7.7,7.3,1.04,4.3
TRP0005158,2025-08-17 06:00:00,DXB,Z01,Z06,CPT02174,Business,completed,68.79,6.33,17.9,7.2,10.7,1.41,4.6
TRP0005356,2025-08-19 03:00:00,DXB,Z01,Z02,CPT01173,Go,completed,21.85,6.23,24.5,7.1,9.2,0.97,4.8
TRP0005471,2025-08-20 12:00:00,DXB,Z01,Z14,CPT00191,Go,completed,27.83,5.9,18.8,7.2,8.1,1.27,4.7
TRP0005558,2025-08-21 09:00:00,DXB,Z01,Z01,CPT00268,Go,completed,15.17,2.51,9.2,7.2,8.7,0.97,4.6
TRP0005655,2025-08-22 09:00:00,DXB,Z01,Z04,CPT02058,Go Plus,completed,61.18,19.18,65.5,6.6,5.8,1.01,5.0
TRP0005772,2025-08-23 07:00:00,DXB,Z01,Z02,CPT00720,Business,completed,113.27,12.08,28.2,8.3,10.5,1.63,4.4
TRP0005904,2025-08-24 07:00:00,DXB,Z01,Z10,CPT02525,Go Plus,completed,64.74,9.61,28.7,7.5,13.0,1.7,5.0
TRP0006050,2025-08-25 16:00:00,DXB,Z01,Z12,CPT01204,Max,completed,25.92,1.35,8.1,7.7,5.0,0.99,4.4
TRP0006079,2025-08-25 21:00:00,DXB,Z01,Z13,CPT00765,Go Plus,completed,31.15,4.45,13.0,6.1,9.4,1.2,4.9
TRP0006086,2025-08-25 22:00:00,DXB,Z01,Z04,CPT02090,Max,completed,46.18,7.95,27.2,7.4,5.8,0.99,4.9
TRP0006483,2025-08-29 15:00:00,DXB,Z01,Z06,CPT00349,Go,completed,40.45,15.7,41.6,7.3,8.3,1.01,4.9
TRP0006654,2025-08-30 22:00:00,DXB,Z01,Z04,CPT02086,Max,cancelled_rider,0.0,0.0,0.0,6.7,7.0,1.03,
TRP0006658,2025-08-30 23:00:00,DXB,Z01,Z02,CPT01066,Max,completed,58.64,10.1,25.0,7.2,6.8,1.1,4.7
TRP0006685,2025-08-31 05:00:00,DXB,Z01,Z09,CPT00288,Go Plus,completed,33.09,5.44,20.8,7.0,9.0,1.17,5.0
TRP0006713,2025-08-31 12:00:00,DXB,Z01,Z14,CPT01557,Go Plus,completed,43.77,12.22,39.9,7.1,6.8,0.99,4.7
TRP0006991,2025-09-03 11:00:00,DXB,Z01,Z07,CPT02424,Go,completed,14.46,1.87,8.0,6.4,7.1,1.0,5.0
TRP0007683,2025-09-09 16:00:00,DXB,Z01,Z09,CPT00940,Go Plus,completed,41.3,10.98,40.4,8.0,9.1,1.0,5.0
TRP0008143,2025-09-13 15:00:00,DXB,Z01,Z13,CPT02478,Business,completed,96.59,19.88,52.4,8.2,8.1,0.99,5.0
TRP0008360,2025-09-15 18:00:00,DXB,Z01,Z13,CPT02571,Go,completed,56.04,24.65,59.4,6.1,6.7,0.99,4.8
TRP0009224,2025-09-23 20:00:00,DXB,Z01,Z02,CPT02372,Go Plus,completed,31.77,6.79,29.3,6.8,6.8,1.01,4.7
TRP0009325,2025-09-24 18:00:00,DXB,Z01,Z10,CPT01846,Go,completed,18.16,3.87,13.9,7.6,9.5,1.0,4.4
TRP0009381,2025-09-25 11:00:00,DXB,Z01,Z14,CPT00905,Max,cancelled_rider,0.0,0.0,0.0,7.2,10.1,1.28,
TRP0009471,2025-09-26 07:00:00,DXB,Z01,Z08,CPT01511,Go,completed,67.33,16.52,44.0,6.5,10.9,1.62,4.8
TRP0009746,2025-09-28 10:00:00,DXB,Z01,Z11,CPT00611,Go,completed,18.03,3.61,12.9,6.6,5.8,1.02,4.6
TRP0009843,2025-09-29 07:00:00,DXB,Z01,Z15,CPT00861,Go,completed,32.47,2.18,9.6,8.8,14.1,2.16,4.9
TRP0010018,2025-09-30 22:00:00,DXB,Z01,Z09,CPT00322,Go Plus,completed,30.23,6.27,13.6,8.1,7.1,1.0,4.7
TRP0010034,2025-10-01 05:00:00,DXB,Z01,Z07,CPT02470,Business,completed,59.86,9.08,25.6,6.5,8.8,1.02,4.1
TRP0010199,2025-10-02 17:00:00,DXB,Z01,Z06,CPT02274,Go,completed,20.29,5.13,20.2,6.9,5.7,0.99,4.7
TRP0010268,2025-10-03 09:00:00,DXB,Z01,Z10,CPT02595,Go Plus,completed,21.09,2.38,9.6,7.2,8.0,1.0,4.7
TRP0010358,2025-10-03 23:00:00,DXB,Z01,Z14,CPT00860,Go,completed,34.67,12.61,40.3,8.6,8.2,1.01,4.7
TRP0010368,2025-10-04 00:00:00,DXB,Z01,Z11,CPT00960,Max,completed,40.97,5.99,19.2,8.3,7.2,1.01,4.9
TRP0010565,2025-10-05 20:00:00,DXB,Z01,Z14,CPT00695,Go Plus,completed,27.6,5.15,13.8,8.2,7.5,1.0,4.9
TRP0011015,2025-10-10 09:00:00,DXB,Z01,Z15,CPT00882,Business,completed,68.34,10.52,26.1,7.3,8.2,1.07,4.6
TRP0011622,2025-10-16 10:00:00,DXB,Z01,Z11,CPT01176,Go,completed,28.33,9.84,29.5,7.6,8.6,0.97,5.0
TRP0011759,2025-10-17 17:00:00,DXB,Z01,Z09,CPT01614,Go,completed,29.85,10.35,26.5,6.9,7.3,0.99,5.0
TRP0011901,2025-10-18 16:00:00,DXB,Z01,Z02,CPT02114,Go,completed,33.06,11.75,30.4,7.8,6.4,1.01,4.6
TRP0012405,2025-10-23 18:00:00,DXB,Z01,Z10,CPT00333,Go Plus,completed,29.02,5.88,19.4,7.7,7.3,0.99,4.1
TRP0012504,2025-10-24 17:00:00,DXB,Z01,Z15,CPT02190,Business,completed,46.38,5.66,19.4,9.2,9.5,1.0,4.0
TRP0012656,2025-10-25 20:00:00,DXB,Z01,Z11,CPT00450,Go Plus,completed,40.71,10.06,25.4,8.8,8.4,1.04,4.8
TRP0012934,2025-10-28 17:00:00,DXB,Z01,Z10,CPT00797,Go Plus,completed,19.14,1.47,7.5,6.5,5.4,1.01,4.8
TRP0013055,2025-10-29 21:00:00,DXB,Z01,Z05,CPT02171,Business,completed,65.41,11.13,27.4,7.9,7.2,0.99,5.0
TRP0013179,2025-10-31 01:00:00,DXB,Z01,Z09,CPT01761,Business,completed,68.95,8.35,35.4,6.8,6.9,1.23,4.6
TRP0013242,2025-10-31 15:00:00,DXB,Z01,Z11,CPT00570,Go,completed,48.79,17.19,47.3,9.1,7.7,1.14,4.4
TRP0013494,2025-11-02 15:00:00,DXB,Z01,Z13,CPT01590,Go,completed,29.68,10.26,36.5,8.7,6.6,0.99,4.3
TRP0013594,2025-11-03 13:00:00,DXB,Z01,Z08,CPT00854,Business,completed,59.92,9.59,25.5,8.7,6.5,0.99,4.8
TRP0013642,2025-11-03 22:00:00,DXB,Z01,Z04,CPT00717,Go,completed,18.43,2.95,11.8,7.8,5.8,1.12,4.8
TRP0013735,2025-11-04 22:00:00,DXB,Z01,Z07,CPT00445,Max,completed,46.67,7.38,26.8,8.5,8.3,1.04,4.2
TRP0014331,2025-11-10 09:00:00,DXB,Z01,Z10,CPT01433,Go,completed,46.8,19.1,50.3,6.6,6.3,1.01,4.8
TRP0014614,2025-11-13 14:00:00,DXB,Z01,Z12,CPT02186,Go,completed,24.66,5.07,14.3,7.8,7.7,1.21,4.5
TRP0014923,2025-11-15 21:00:00,DXB,Z01,Z12,CPT01723,Go,completed,29.3,9.43,22.5,7.7,7.9,1.03,4.8
TRP0015055,2025-11-17 09:00:00,DXB,Z01,Z07,CPT00061,Go Plus,completed,61.76,14.6,32.0,8.3,8.3,1.24,3.9
TRP0015158,2025-11-18 09:00:00,DXB,Z01,Z07,CPT00290,Business,completed,62.87,10.07,30.6,6.8,6.9,1.01,4.0
TRP0015159,2025-11-18 09:00:00,DXB,Z01,Z14,CPT02190,Go,completed,35.05,12.81,30.8,6.3,7.8,1.01,5.0
TRP0015266,2025-11-19 12:00:00,DXB,Z01,Z12,CPT01593,Go Plus,completed,74.97,20.67,37.4,8.2,7.5,1.17,4.7
TRP0015320,2025-11-19 23:00:00,DXB,Z01,Z11,CPT02140,Go Plus,completed,19.45,1.68,9.7,8.9,8.9,1.0,4.5
TRP0015868,2025-11-25 09:00:00,DXB,Z01,Z11,CPT01245,Go,completed,41.05,13.52,36.6,6.7,7.0,1.14,4.7
TRP0015990,2025-11-26 19:00:00,DXB,Z01,Z01,CPT02483,Go,completed,30.52,6.55,21.4,8.1,10.3,1.32,4.3
TRP0016411,2025-11-30 17:00:00,DXB,Z01,Z10,CPT00167,Go Plus,completed,35.98,9.19,26.9,7.0,7.8,0.97,5.0
TRP0016514,2025-12-01 17:00:00,DXB,Z01,Z15,CPT00237,Business,completed,37.22,3.22,11.4,7.4,6.8,0.99,4.8
TRP0016661,2025-12-03 01:00:00,DXB,Z01,Z11,CPT01980,Go,cancelled_rider,0.0,0.0,0.0,5.9,8.2,1.34,
TRP0016704,2025-12-03 15:00:00,DXB,Z01,Z01,CPT01663,Go,completed,63.1,18.77,49.4,7.5,11.1,1.38,4.6
TRP0016857,2025-12-05 05:00:00,DXB,Z01,Z14,CPT01090,Go,completed,15.8,2.68,11.1,7.9,8.5,0.99,4.7
TRP0016890,2025-12-05 10:00:00,DXB,Z01,Z15,CPT01284,Go,completed,25.19,6.43,17.0,5.9,8.9,1.1,4.0
TRP0017586,2025-12-11 22:00:00,DXB,Z01,Z09,CPT00670,Go,completed,22.51,6.73,21.7,7.6,7.5,0.96,4.9
TRP0017616,2025-12-12 06:00:00,DXB,Z01,Z09,CPT01395,Go,completed,32.66,5.37,17.4,6.4,5.9,1.56,4.9
TRP0017732,2025-12-13 06:00:00,DXB,Z01,Z04,CPT00061,Go,completed,30.89,5.26,16.8,8.5,12.1,1.49,4.6
TRP0017832,2025-12-13 20:00:00,DXB,Z01,Z03,CPT00380,Go,completed,31.35,10.83,26.3,7.5,8.5,1.01,4.1
TRP0018051,2025-12-15 21:00:00,DXB,Z01,Z03,CPT01090,Go Plus,completed,35.09,7.23,24.9,8.9,8.5,1.08,5.0
TRP0018534,2025-12-20 05:00:00,DXB,Z01,Z05,CPT01247,Go,completed,34.1,11.61,29.8,8.9,7.9,1.05,4.9
TRP0018690,2025-12-21 05:00:00,DXB,Z01,Z06,CPT00011,Go,completed,59.13,12.53,41.0,7.4,13.3,1.73,4.2
TRP0018818,2025-12-22 13:00:00,DXB,Z01,Z05,CPT02303,Max,completed,55.2,7.62,19.7,8.2,8.0,1.21,4.8
TRP0019151,2025-12-25 18:00:00,DXB,Z01,Z01,CPT00062,Go Plus,completed,41.8,11.19,31.9,7.9,8.7,1.0,4.3
TRP0019416,2025-12-27 20:00:00,DXB,Z01,Z08,CPT01253,Business,completed,58.31,7.37,18.6,7.6,5.3,1.11,4.8
TRP0019577,2025-12-29 17:00:00,DXB,Z01,Z06,CPT01538,Business,completed,83.62,16.24,48.2,7.6,4.4,0.99,4.4
TRP0019780,2025-12-31 16:00:00,DXB,Z01,Z05,CPT00815,Go,completed,46.79,16.24,50.9,7.1,5.8,1.14,5.0
TRP0019856,2026-01-01 11:00:00,DXB,Z01,Z05,CPT01690,Go,completed,17.24,3.66,14.8,7.8,8.0,0.97,4.9
TRP0020076,2026-01-03 08:00:00,DXB,Z01,Z11,CPT00612,Go,completed,24.71,2.56,11.5,6.7,6.6,1.57,5.0
TRP0020087,2026-01-03 09:00:00,DXB,Z01,Z12,CPT00836,Go,cancelled_rider,0.0,0.0,0.0,6.5,9.5,1.15,
TRP0020117,2026-01-03 13:00:00,DXB,Z01,Z04,CPT02538,Go,completed,29.67,10.09,25.2,7.0,5.9,1.0,4.3
TRP0020224,2026-01-04 12:00:00,DXB,Z01,Z15,CPT00422,Go,completed,37.71,15.07,48.3,6.9,9.3,0.97,4.5
TRP0020281,2026-01-05 00:00:00,DXB,Z01,Z02,CPT01726,Max,completed,31.8,3.16,11.5,7.1,9.9,1.0,4.9
TRP0020444,2026-01-06 21:00:00,DXB,Z01,Z10,CPT00854,Go,completed,18.8,3.64,16.9,8.7,7.4,1.06,5.0
TRP0020665,2026-01-08 21:00:00,DXB,Z01,Z03,CPT01738,Business,completed,69.74,12.15,31.2,8.3,9.8,1.0,4.4
TRP0020795,2026-01-09 20:00:00,DXB,Z01,Z15,CPT02360,Business,completed,61.11,8.21,25.1,7.5,9.3,1.1,4.9
TRP0020805,2026-01-09 22:00:00,DXB,Z01,Z03,CPT01217,Go,completed,26.35,8.59,31.9,6.7,8.2,0.98,5.0
TRP0020922,2026-01-10 19:00:00,DXB,Z01,Z08,CPT01023,Business,completed,57.72,8.81,21.9,7.9,8.8,1.0,4.6
TRP0021103,2026-01-12 12:00:00,DXB,Z01,Z10,CPT02090,Go,completed,17.18,3.16,10.5,8.7,7.2,1.02,4.5
TRP0021116,2026-01-12 16:00:00,DXB,Z01,Z13,CPT01726,Go,completed,28.26,9.64,25.8,7.8,7.8,0.98,4.6
TRP0021220,2026-01-13 13:00:00,DXB,Z01,Z11,CPT02492,Go Plus,completed,34.87,4.56,18.8,7.3,11.2,1.33,4.5
TRP0021602,2026-01-17 00:00:00,DXB,Z01,Z09,CPT01877,Go,completed,27.48,5.57,17.9,6.4,6.5,1.29,4.7
TRP0021612,2026-01-17 03:00:00,DXB,Z01,Z15,CPT00688,Go,completed,26.88,9.19,23.2,7.9,,0.96,4.6
TRP0021637,2026-01-17 09:00:00,DXB,Z01,Z07,CPT02555,Go,completed,23.71,5.2,17.4,6.9,6.5,1.15,5.0
TRP0022184,2026-01-21 22:00:00,DXB,Z01,Z09,CPT00663,Business,completed,56.64,8.51,25.9,8.4,7.6,1.0,4.7
TRP0022594,2026-01-24 20:00:00,DXB,Z01,Z06,CPT02315,Go,completed,25.66,7.39,22.3,7.9,5.1,1.04,4.6
TRP0023204,2026-01-30 09:00:00,DXB,Z01,Z13,CPT00428,Go,completed,31.22,10.44,30.2,7.2,7.2,1.03,4.9
TRP0023429,2026-02-01 07:00:00,DXB,Z01,Z11,CPT01419,Go,cancelled_rider,0.0,0.0,0.0,7.0,14.9,2.03,
TRP0024085,2026-02-06 15:00:00,DXB,Z01,Z02,CPT00742,Max,completed,28.54,1.93,6.1,7.2,6.0,1.02,5.0
TRP0024111,2026-02-06 18:00:00,DXB,Z01,Z08,CPT01613,Go,completed,29.36,10.25,36.4,7.6,5.3,0.98,4.5
TRP0024163,2026-02-07 06:00:00,DXB,Z01,Z10,CPT00445,Go,completed,33.11,4.34,13.9,7.6,12.6,1.74,4.8
TRP0024312,2026-02-08 04:00:00,DXB,Z01,Z06,CPT02450,Business,completed,67.01,10.85,33.2,9.7,6.2,1.03,4.5
TRP0024452,2026-02-09 09:00:00,DXB,Z01,Z12,CPT00961,Go,completed,15.08,1.27,8.1,8.5,7.6,1.13,4.6
TRP0025127,2026-02-14 23:00:00,DXB,Z01,Z06,CPT00498,Go,completed,13.09,1.2,5.6,7.6,7.8,0.99,4.9
TRP0025424,2026-02-17 13:00:00,DXB,Z01,Z01,CPT01887,Max,completed,86.75,9.56,31.4,8.0,8.0,1.68,4.2
TRP0025463,2026-02-17 20:00:00,DXB,Z01,Z09,CPT01657,Max,completed,71.72,16.04,45.8,8.6,9.6,1.0,4.8
TRP0025557,2026-02-18 15:00:00,DXB,Z01,Z13,CPT01999,Go,completed,27.54,9.09,22.3,7.3,6.3,0.99,5.0
TRP0025598,2026-02-18 20:00:00,DXB,Z01,Z05,CPT00513,Business,completed,90.4,18.4,46.6,8.6,5.9,0.98,4.3
TRP0025690,2026-02-19 13:00:00,DXB,Z01,Z14,CPT00102,Go,completed,44.43,18.07,49.0,8.0,6.1,1.0,4.4
TRP0025795,2026-02-20 09:00:00,DXB,Z01,Z12,CPT00214,Go,completed,27.83,9.25,28.3,5.0,5.8,0.99,4.4
TRP0026187,2026-02-23 00:00:00,DXB,Z01,Z15,CPT02040,Business,completed,47.56,5.73,21.9,8.1,7.4,1.02,4.8
TRP0026689,2026-02-27 09:00:00,DXB,Z01,Z08,CPT02090,Business,completed,43.8,5.32,16.6,8.4,7.3,0.97,4.4
TRP0026855,2026-02-28 16:00:00,DXB,Z01,Z10,CPT02252,Go Plus,completed,32.75,6.43,16.8,6.5,8.6,1.07,4.8
TRP0026964,2026-03-01 11:00:00,DXB,Z01,Z03,CPT00578,Go,completed,34.2,12.18,44.2,7.5,7.0,1.02,4.9
TRP0027154,2026-03-02 19:00:00,DXB,Z01,Z09,CPT00500,Max,completed,57.26,11.19,23.7,7.6,6.6,1.01,4.8
TRP0027163,2026-03-02 20:00:00,DXB,Z01,Z01,CPT01700,Go Plus,completed,18.8,1.65,7.4,7.8,8.9,0.97,5.0
TRP0027475,2026-03-05 13:00:00,DXB,Z01,Z10,CPT00770,Go,completed,28.72,7.67,27.0,8.7,7.1,1.14,4.7
TRP0027530,2026-03-05 22:00:00,DXB,Z01,Z11,CPT00254,Go,completed,26.53,6.86,23.7,7.3,6.6,1.12,4.7
TRP0027536,2026-03-06 00:00:00,DXB,Z01,Z15,CPT01583,Go,completed,22.5,5.86,19.9,6.3,6.7,1.03,4.4
TRP0027589,2026-03-06 10:00:00,DXB,Z01,Z13,CPT00465,Go,completed,61.97,22.44,62.3,7.0,6.5,1.18,5.0
TRP0027607,2026-03-06 14:00:00,DXB,Z01,Z11,CPT02083,Go Plus,completed,36.53,5.94,16.4,7.4,9.6,1.24,4.3
TRP0027614,2026-03-06 16:00:00,DXB,Z01,Z02,CPT00504,Go,completed,24.03,5.97,16.9,7.5,9.1,1.09,4.8
TRP0027653,2026-03-06 20:00:00,DXB,Z01,Z07,CPT01836,Business,completed,42.15,3.62,16.0,8.7,9.5,1.08,4.5
TRP0027827,2026-03-07 22:00:00,DXB,Z01,Z15,CPT01638,Go,completed,17.39,3.55,14.1,6.6,5.9,0.99,5.0
TRP0028126,2026-03-10 10:00:00,DXB,Z01,Z15,CPT00290,Go Plus,completed,33.31,7.58,29.3,8.5,6.1,1.0,4.3
TRP0028461,2026-03-13 07:00:00,DXB,Z01,Z11,CPT00256,Go,completed,41.88,7.53,27.2,8.0,10.3,1.68,5.0
TRP0028531,2026-03-13 17:00:00,DXB,Z01,Z14,CPT00259,Go Plus,completed,33.32,5.22,17.4,7.5,11.4,1.2,5.0
TRP0028581,2026-03-13 21:00:00,DXB,Z01,Z03,CPT01020,Business,completed,35.11,2.63,13.1,6.9,6.7,0.99,4.3
TRP0028792,2026-03-15 12:00:00,DXB,Z01,Z03,CPT02381,Go Plus,completed,23.02,3.3,12.3,6.9,7.2,0.99,5.0
TRP0028963,2026-03-16 21:00:00,DXB,Z01,Z05,CPT00650,Go Plus,completed,58.98,18.5,45.9,8.9,8.5,1.0,4.4
TRP0028973,2026-03-16 23:00:00,DXB,Z01,Z08,CPT02260,Go,completed,16.37,2.73,11.0,7.4,8.9,1.02,4.8
TRP0028979,2026-03-17 05:00:00,DXB,Z01,Z04,CPT01470,Go Plus,completed,33.13,7.94,29.8,6.1,7.7,0.97,4.7
TRP0029026,2026-03-17 13:00:00,DXB,Z01,Z14,CPT00078,Go,completed,22.53,6.61,21.9,8.5,5.9,0.97,5.0
TRP0029176,2026-03-18 16:00:00,DXB,Z01,Z07,CPT00157,Go,completed,46.74,19.32,60.3,6.1,9.3,1.0,4.1
TRP0029296,2026-03-19 15:00:00,DXB,Z01,Z15,CPT02402,Go Plus,completed,51.85,15.25,52.4,6.7,4.5,1.01,4.5
TRP0029573,2026-03-21 10:00:00,DXB,Z01,Z14,CPT02171,Go,completed,23.31,6.91,23.6,7.2,9.0,0.98,4.2
TRP0030342,2026-03-27 10:00:00,DXB,Z01,Z06,CPT00957,Go Plus,completed,39.7,6.92,25.3,8.2,8.3,1.25,4.9
TRP0030444,2026-03-27 21:00:00,DXB,Z01,Z01,CPT01223,Max,completed,47.24,7.28,17.3,9.0,6.9,1.06,5.0
TRP0031299,2026-04-03 09:00:00,DXB,Z01,Z14,CPT02553,Go,completed,24.97,5.79,18.0,8.3,8.7,1.15,4.3
TRP0031603,2026-04-05 06:00:00,DXB,Z01,Z14,CPT00227,Business,completed,62.24,4.62,15.9,6.0,11.6,1.46,4.7
TRP0031615,2026-04-05 08:00:00,DXB,Z01,Z07,CPT01976,Go,completed,19.43,1.4,5.2,6.5,8.8,1.43,4.3
TRP0031636,2026-04-05 11:00:00,DXB,Z01,Z05,CPT02157,Go Plus,completed,31.37,6.62,24.3,8.0,7.6,1.01,4.8
TRP0031672,2026-04-05 17:00:00,DXB,Z01,Z11,CPT01666,Go,completed,34.81,11.16,29.4,6.1,6.2,1.1,5.0
TRP0031912,2026-04-07 13:00:00,DXB,Z01,Z15,CPT01729,Go,completed,39.14,15.64,46.8,7.6,6.3,0.98,4.8
TRP0032307,2026-04-10 09:00:00,DXB,Z01,Z04,CPT00217,Business,completed,57.16,8.98,30.7,7.0,8.8,0.98,4.9
TRP0032339,2026-04-10 16:00:00,DXB,Z01,Z08,CPT00465,Go,completed,22.9,3.88,12.5,7.3,10.5,1.26,4.3
TRP0032345,2026-04-10 17:00:00,DXB,Z01,Z02,CPT01891,Go,completed,19.75,3.76,10.7,5.4,4.5,1.1,4.4
TRP0032381,2026-04-10 21:00:00,DXB,Z01,Z01,CPT01186,Go Plus,completed,29.42,5.56,18.5,8.2,7.6,1.03,4.1
TRP0032447,2026-04-11 08:00:00,DXB,Z01,Z14,CPT02506,Go,completed,31.35,3.02,10.5,7.3,12.5,1.89,4.7
TRP0032508,2026-04-11 16:00:00,DXB,Z01,Z09,CPT01539,Go,completed,38.79,12.61,35.2,8.1,6.0,1.13,4.3
TRP0032589,2026-04-12 05:00:00,DXB,Z01,Z05,CPT01118,Max,completed,41.21,3.98,11.2,4.9,8.4,1.2,4.8
TRP0032751,2026-04-13 09:00:00,DXB,Z01,Z02,CPT01976,Go Plus,completed,36.66,9.16,29.0,8.5,7.3,0.99,4.3
TRP0033157,2026-04-16 14:00:00,DXB,Z01,Z13,CPT01005,Go Plus,completed,34.75,6.97,25.2,7.1,7.6,1.09,4.1
TRP0033312,2026-04-17 15:00:00,DXB,Z01,Z06,CPT01849,Go,completed,43.79,18.21,51.4,7.8,8.0,0.98,4.7
TRP0033460,2026-04-18 14:00:00,DXB,Z01,Z14,CPT00292,Go,completed,34.21,13.52,42.7,7.1,4.6,0.95,4.7
TRP0033600,2026-04-19 13:00:00,DXB,Z01,Z10,CPT01031,Business,completed,42.08,4.35,20.7,8.6,8.8,1.01,4.8
TRP0033645,2026-04-19 20:00:00,DXB,Z01,Z05,CPT02262,Go,completed,23.32,6.66,14.2,8.3,4.1,1.0,5.0
TRP0033765,2026-04-20 20:00:00,DXB,Z01,Z07,CPT00755,Go,completed,23.55,5.32,18.8,8.1,9.6,1.13,4.4
TRP0034002,2026-04-22 18:00:00,DXB,Z01,Z09,CPT01507,Business,completed,41.73,3.51,8.5,7.7,7.9,1.08,4.7
TRP0034057,2026-04-23 06:00:00,DXB,Z01,Z10,CPT02381,Go,completed,32.88,6.31,16.2,8.2,11.5,1.45,4.2
TRP0034110,2026-04-23 14:00:00,DXB,Z01,Z13,CPT00239,Go Plus,completed,27.07,5.16,14.8,7.9,8.5,0.98,4.6
TRP0034487,2026-04-25 23:00:00,DXB,Z01,Z06,CPT00703,Go Plus,completed,43.19,8.98,28.3,8.2,8.1,1.18,5.0
TRP0034588,2026-04-26 18:00:00,DXB,Z01,Z09,CPT01235,Business,completed,69.76,12.35,29.9,5.7,8.6,0.99,5.0
TRP0034645,2026-04-27 05:00:00,DXB,Z01,Z05,CPT01663,Go,completed,17.67,3.42,13.6,7.8,7.4,1.02,4.9
TRP0034688,2026-04-27 14:00:00,DXB,Z01,Z15,CPT00716,Go,completed,33.21,10.08,31.2,7.7,7.8,1.12,5.0
TRP0034850,2026-04-28 20:00:00,DXB,Z01,Z05,CPT02055,Business,completed,91.9,14.23,29.4,6.7,5.7,1.19,4.8
TRP0034926,2026-04-29 12:00:00,DXB,Z01,Z03,CPT00428,Go,completed,33.98,11.06,40.4,7.2,7.0,1.08,5.0
TRP0035070,2026-04-30 15:00:00,DXB,Z01,Z14,CPT02488,Go Plus,cancelled_rider,0.0,0.0,0.0,7.1,7.6,1.01,
TRP0035076,2026-04-30 15:00:00,DXB,Z01,Z14,CPT02115,Business,completed,60.22,9.34,27.5,6.6,8.3,1.01,4.6
TRP0035275,2026-05-01 22:00:00,DXB,Z01,Z13,CPT00562,Go,completed,53.39,18.72,38.0,7.3,6.9,1.17,4.1
TRP0035433,2026-05-02 21:00:00,DXB,Z01,Z08,CPT02499,Business,completed,64.89,10.45,31.5,7.5,6.0,1.02,4.6
TRP0035462,2026-05-03 02:00:00,DXB,Z01,Z04,CPT02292,Go Plus,completed,17.21,0.8,5.9,7.5,6.9,0.99,4.9
TRP0035632,2026-05-04 06:00:00,DXB,Z01,Z10,CPT00325,Business,completed,92.02,8.27,29.0,6.8,13.6,1.65,4.5
TRP0035745,2026-05-05 01:00:00,DXB,Z01,Z09,CPT00157,Go Plus,completed,57.69,17.01,56.0,9.1,7.6,1.04,5.0
TRP0036173,2026-05-08 10:00:00,DXB,Z01,Z10,CPT01600,Go,completed,22.66,6.06,18.6,8.0,6.4,1.02,4.4
TRP0036174,2026-05-08 10:00:00,DXB,Z01,Z12,CPT00445,Go,cancelled_rider,0.0,0.0,0.0,7.8,7.7,1.02,
TRP0036278,2026-05-08 21:00:00,DXB,Z01,Z15,CPT01539,Go,completed,17.89,3.82,17.7,6.5,5.8,0.99,5.0
TRP0036365,2026-05-09 12:00:00,DXB,Z01,Z05,CPT01434,Go,completed,20.45,5.0,12.5,8.8,7.4,1.01,4.9
TRP0036794,2026-05-12 09:00:00,DXB,Z01,Z07,CPT00477,Go Plus,cancelled_rider,0.0,0.0,0.0,6.9,12.1,1.31,
TRP0036835,2026-05-12 15:00:00,DXB,Z01,Z06,CPT00855,Go Plus,completed,30.2,6.13,21.6,7.5,5.2,1.01,4.5
TRP0037224,2026-05-15 08:00:00,DXB,Z01,Z06,CPT01200,Business,completed,102.9,9.3,32.1,7.5,11.9,1.73,4.6
TRP0037402,2026-05-16 07:00:00,DXB,Z01,Z14,CPT00678,Go Plus,completed,35.78,3.04,9.6,7.8,8.8,1.58,4.8
TRP0037423,2026-05-16 10:00:00,DXB,Z01,Z14,CPT02252,Go,completed,26.26,6.96,21.1,5.3,8.0,1.1,5.0
TRP0037506,2026-05-16 19:00:00,DXB,Z01,Z05,CPT02449,Go,completed,17.77,3.66,12.7,8.6,6.2,1.0,4.7
TRP0037540,2026-05-16 22:00:00,DXB,Z01,Z07,CPT00400,Go Plus,completed,43.17,9.66,32.3,7.9,6.5,1.13,4.9
TRP0037680,2026-05-17 19:00:00,DXB,Z01,Z03,CPT01259,Go,completed,17.1,2.94,8.1,8.3,6.5,1.04,4.9
TRP0037708,2026-05-17 23:00:00,DXB,Z01,Z10,CPT02534,Max,completed,35.8,4.45,18.4,7.5,6.9,1.0,4.9
TRP0037991,2026-05-20 01:00:00,DXB,Z01,Z05,CPT02055,Go,completed,55.51,10.91,32.4,9.4,10.6,1.78,4.2
TRP0038257,2026-05-22 00:00:00,DXB,Z01,Z07,CPT01114,Go,completed,17.1,1.63,7.3,9.0,10.7,1.22,4.6
TRP0038258,2026-05-22 00:00:00,DXB,Z01,Z11,CPT00090,Max,completed,106.83,21.15,56.9,7.7,11.0,1.22,4.3
TRP0038409,2026-05-22 22:00:00,DXB,Z01,Z06,CPT01795,Max,completed,66.76,13.22,31.9,7.9,6.9,1.06,4.9
TRP0038576,2026-05-23 22:00:00,DXB,Z01,Z03,CPT01853,Go,completed,18.0,3.69,11.5,6.7,7.3,1.01,4.0
TRP0038683,2026-05-24 17:00:00,DXB,Z01,Z11,CPT00426,Go Plus,completed,18.69,1.28,7.3,8.1,8.5,1.01,4.4
TRP0038700,2026-05-24 19:00:00,DXB,Z01,Z07,CPT00727,Business,completed,60.74,9.82,24.6,8.6,4.5,0.99,4.5
TRP0038811,2026-05-25 11:00:00,DXB,Z01,Z08,CPT01000,Business,completed,59.88,9.75,27.9,7.4,8.3,0.98,4.1
TRP0038859,2026-05-25 19:00:00,DXB,Z01,Z02,CPT01924,Go,completed,16.79,3.13,11.0,6.9,7.2,1.0,4.9
TRP0039158,2026-05-28 05:00:00,DXB,Z01,Z02,CPT00243,Go,completed,20.88,3.62,11.4,8.1,9.1,1.18,4.7
TRP0039375,2026-05-29 14:00:00,DXB,Z01,Z11,CPT00782,Go,completed,18.67,4.35,15.5,8.3,7.7,0.98,4.4
TRP0039464,2026-05-29 22:00:00,DXB,Z01,Z14,CPT02548,Go,completed,19.02,4.44,12.4,8.4,5.4,0.99,4.9
TRP0039745,2026-05-31 16:00:00,DXB,Z01,Z03,CPT02264,Business,completed,64.56,10.36,33.9,7.8,7.4,1.02,5.0
TRP0040007,2026-06-02 16:00:00,DXB,Z01,Z14,CPT00898,Go Plus,completed,24.55,3.85,11.4,6.6,7.8,1.0,4.6
TRP0040406,2026-06-05 09:00:00,DXB,Z01,Z11,CPT01951,Go Plus,completed,27.04,4.91,17.2,8.5,6.7,1.0,4.5
TRP0040979,2026-06-08 20:00:00,DXB,Z01,Z05,CPT01705,Go,completed,21.95,5.92,24.2,8.2,8.3,1.0,4.3
TRP0041131,2026-06-09 20:00:00,DXB,Z01,Z15,CPT01387,Business,completed,45.01,2.78,12.7,7.5,8.6,1.25,5.0
TRP0041641,2026-06-13 07:00:00,DXB,Z01,Z01,CPT02342,Go,completed,56.1,13.37,40.0,6.9,9.9,1.57,4.0
TRP0041770,2026-06-13 22:00:00,DXB,Z01,Z08,CPT00456,Go,completed,17.59,3.47,13.8,7.7,7.9,1.01,4.2
TRP0041889,2026-06-14 19:00:00,DXB,Z01,Z12,CPT00283,Go Plus,completed,32.55,5.77,20.5,8.8,7.4,1.12,4.5
TRP0041893,2026-06-14 20:00:00,DXB,Z01,Z12,CPT00440,Go,completed,21.24,5.89,21.5,7.8,8.1,0.97,5.0
TRP0042013,2026-06-15 18:00:00,DXB,Z01,Z06,CPT00035,Go,completed,30.46,10.52,26.8,7.6,8.3,1.0,4.2
TRP0042153,2026-06-16 17:00:00,DXB,Z01,Z15,CPT00696,Go Plus,completed,47.61,11.99,29.7,8.8,6.0,1.09,4.7
TRP0042160,2026-06-16 17:00:00,DXB,Z01,Z09,CPT02054,Go,completed,34.94,11.38,26.8,8.7,7.9,1.09,4.7
TRP0042332,2026-06-17 21:00:00,DXB,Z01,Z01,CPT01119,Go Plus,completed,25.05,4.17,12.5,7.9,7.0,0.99,4.8
TRP0042373,2026-06-18 08:00:00,DXB,Z01,Z13,CPT00025,Go Plus,cancelled_rider,0.0,0.0,0.0,7.7,10.7,1.62,
TRP0042587,2026-06-19 17:00:00,DXB,Z01,Z06,CPT01487,Go,completed,22.12,5.89,18.1,7.9,7.0,1.01,5.0
TRP0042593,2026-06-19 17:00:00,DXB,Z01,Z12,CPT02199,Go,completed,13.24,1.14,5.6,7.1,7.1,1.01,4.6
TRP0042649,2026-06-19 22:00:00,DXB,Z01,Z10,CPT00259,Max,completed,35.5,3.41,12.1,7.7,10.4,1.09,4.4
TRP0042754,2026-06-20 16:00:00,DXB,Z01,Z14,CPT01795,Business,completed,55.09,6.32,19.9,8.0,9.9,1.13,3.9
TRP0042909,2026-06-21 14:00:00,DXB,Z01,Z12,CPT02257,Go,completed,37.9,14.96,31.7,8.4,7.2,0.98,4.8
TRP0043208,2026-06-23 18:00:00,DXB,Z01,Z09,CPT01261,Go,completed,18.63,2.11,9.6,6.9,9.6,1.25,4.8
TRP0043274,2026-06-24 08:00:00,DXB,Z01,Z04,CPT01224,Go,completed,71.14,11.22,40.9,6.6,13.4,2.24,4.3
TRP0043526,2026-06-26 04:00:00,DXB,Z01,Z12,CPT02478,Go Plus,completed,22.31,2.71,9.6,7.2,9.6,1.02,4.7
TRP0043805,2026-06-27 18:00:00,DXB,Z01,Z03,CPT02265,Go Plus,completed,39.2,8.85,27.4,6.4,6.9,1.08,4.5
TRP0044058,2026-06-29 14:00:00,DXB,Z01,Z06,CPT00217,Go,completed,24.39,5.93,15.5,7.9,8.2,1.11,4.5
TRP0044134,2026-06-30 06:00:00,DXB,Z01,Z11,CPT00823,Go Plus,completed,45.96,6.27,20.0,9.1,11.6,1.52,5.0
TRP0044429,2025-07-03 11:00:00,DXB,Z02,Z12,CPT01846,Max,completed,40.17,6.4,17.3,6.8,7.0,0.96,4.9
TRP0044576,2025-07-05 07:00:00,DXB,Z02,Z13,CPT01379,Go,completed,19.03,3.76,13.4,6.8,10.1,1.06,4.9
TRP0044822,2025-07-07 18:00:00,DXB,Z02,Z10,CPT00295,Business,completed,54.4,7.89,24.6,5.7,5.0,1.0,4.6
TRP0045065,2025-07-11 06:00:00,DXB,Z02,Z10,CPT01685,Go Plus,cancelled_rider,0.0,0.0,0.0,7.1,6.4,1.36,
TRP0045157,2025-07-11 22:00:00,DXB,Z02,Z06,CPT01861,Go,completed,32.02,9.37,23.2,6.5,6.9,1.13,4.9
TRP0045190,2025-07-12 09:00:00,DXB,Z02,Z08,CPT01028,Business,completed,61.21,7.96,23.0,5.5,5.6,1.12,4.9
TRP0045479,2025-07-15 15:00:00,DXB,Z02,Z07,CPT01032,Go,completed,41.23,12.32,34.6,6.1,5.8,1.22,4.6
TRP0045491,2025-07-15 18:00:00,DXB,Z02,Z11,CPT01039,Business,completed,31.28,1.38,6.3,8.2,6.6,1.01,4.6
TRP0045545,2025-07-16 09:00:00,DXB,Z02,Z08,CPT02040,Business,completed,65.46,10.96,30.6,6.6,8.5,1.0,4.7
TRP0045911,2025-07-20 05:00:00,DXB,Z02,Z11,CPT00750,Go,completed,12.48,0.8,3.3,6.5,4.2,1.0,4.1
TRP0046168,2025-07-23 06:00:00,DXB,Z02,Z01,CPT00236,Go,completed,26.73,6.73,21.4,6.2,8.1,1.14,5.0
TRP0046308,2025-07-24 17:00:00,DXB,Z02,Z06,CPT01884,Go,completed,26.33,5.26,14.7,5.3,7.5,1.27,4.7
TRP0046430,2025-07-25 22:00:00,DXB,Z02,Z04,CPT00490,Business,completed,64.58,10.54,38.0,5.7,5.0,1.01,4.8
TRP0046791,2025-07-30 08:00:00,DXB,Z02,Z02,CPT02145,Business,completed,40.41,2.89,9.5,5.9,7.2,1.11,5.0
TRP0046832,2025-07-30 18:00:00,DXB,Z02,Z15,CPT00119,Max,completed,34.62,4.07,13.7,6.8,4.5,1.0,4.6
TRP0046835,2025-07-30 18:00:00,DXB,Z02,Z02,CPT00035,Business,completed,100.16,20.6,50.7,6.4,5.3,1.0,5.0
TRP0046969,2025-08-01 07:00:00,DXB,Z02,Z03,CPT00183,Go,completed,28.34,7.73,27.9,6.0,7.1,1.12,4.8
TRP0047071,2025-08-02 07:00:00,DXB,Z02,Z10,CPT02304,Go Plus,completed,25.42,4.01,12.8,7.1,5.7,1.02,4.7
TRP0047119,2025-08-02 16:00:00,DXB,Z02,Z10,CPT02458,Go,completed,25.54,7.59,20.6,6.4,6.0,1.02,4.6
TRP0047142,2025-08-02 18:00:00,DXB,Z02,Z06,CPT01934,Go Plus,completed,39.52,10.22,34.7,6.9,4.9,1.0,4.4
TRP0047219,2025-08-03 16:00:00,DXB,Z02,Z15,CPT00465,Go,completed,20.22,5.32,19.8,6.7,5.8,0.97,4.5
TRP0047273,2025-08-04 08:00:00,DXB,Z02,Z07,CPT00586,Go Plus,completed,36.18,7.03,19.1,5.7,7.1,1.13,4.6
TRP0047279,2025-08-04 09:00:00,DXB,Z02,Z15,CPT01668,Go,completed,59.01,17.68,52.6,6.7,8.7,1.35,5.0
TRP0047294,2025-08-04 13:00:00,DXB,Z02,Z05,CPT01736,Go Plus,completed,47.85,10.66,21.6,6.7,8.0,1.18,4.7
TRP0047831,2025-08-10 17:00:00,DXB,Z02,Z08,CPT02489,Go,completed,37.79,10.66,28.8,6.3,6.5,1.23,5.0
TRP0047857,2025-08-11 07:00:00,DXB,Z02,Z15,CPT00335,Go Plus,completed,21.99,1.47,7.5,5.3,6.2,1.16,4.6
TRP0047928,2025-08-12 06:00:00,DXB,Z02,Z15,CPT01682,Go,completed,29.2,6.01,19.5,6.8,6.5,1.32,4.8
TRP0048071,2025-08-14 07:00:00,DXB,Z02,Z14,CPT02312,Go,completed,24.56,7.2,21.1,5.4,6.3,1.01,4.6
TRP0048152,2025-08-14 19:00:00,DXB,Z02,Z12,CPT00933,Go,completed,55.84,24.24,61.7,6.7,8.2,1.0,4.4
TRP0048438,2025-08-17 18:00:00,DXB,Z02,Z08,CPT01114,Go Plus,completed,23.6,3.55,13.0,5.7,5.7,0.99,4.6
TRP0048693,2025-08-20 21:00:00,DXB,Z02,Z08,CPT00432,Go,completed,22.32,6.0,22.4,6.5,8.0,1.01,4.4
TRP0048711,2025-08-21 07:00:00,DXB,Z02,Z12,CPT01380,Business,completed,51.98,7.51,22.5,5.7,7.2,0.98,4.5
TRP0048810,2025-08-22 09:00:00,DXB,Z02,Z09,CPT02407,Go,completed,19.11,3.53,16.2,6.0,8.7,1.09,4.8
TRP0048944,2025-08-23 15:00:00,DXB,Z02,Z08,CPT01474,Go Plus,completed,33.42,3.94,8.5,6.1,7.4,1.35,4.8
TRP0049118,2025-08-25 12:00:00,DXB,Z02,Z05,CPT01977,Business,completed,59.59,9.33,25.2,6.3,8.4,1.0,4.6
TRP0049202,2025-08-26 12:00:00,DXB,Z02,Z11,CPT02237,Max,completed,34.46,3.8,15.6,7.0,4.0,1.02,4.6
TRP0049222,2025-08-26 17:00:00,DXB,Z02,Z06,CPT02169,Go,completed,22.72,5.98,20.0,6.0,7.0,1.03,4.6
TRP0049533,2025-08-30 10:00:00,DXB,Z02,Z11,CPT00914,Go,completed,35.11,12.3,34.5,5.2,5.9,1.04,4.5
TRP0049633,2025-08-31 08:00:00,DXB,Z02,Z08,CPT00579,Business,completed,57.85,7.52,25.0,8.0,6.8,1.09,4.6
TRP0049733,2025-09-01 10:00:00,DXB,Z02,Z07,CPT00267,Go Plus,completed,44.96,8.59,22.9,6.7,6.5,1.26,5.0
TRP0049775,2025-09-01 21:00:00,DXB,Z02,Z05,CPT00513,Go Plus,completed,32.48,7.09,22.0,5.7,5.8,1.01,4.7
TRP0049780,2025-09-01 22:00:00,DXB,Z02,Z04,CPT01701,Go,completed,17.77,3.47,14.6,5.9,4.9,1.02,4.3
TRP0049994,2025-09-04 13:00:00,DXB,Z02,Z02,CPT00434,Go,completed,44.13,14.27,42.0,5.2,6.0,1.18,4.7
TRP0050145,2025-09-05 20:00:00,DXB,Z02,Z11,CPT02368,Go,completed,13.65,1.43,5.9,6.0,6.6,1.0,4.9
TRP0050172,2025-09-06 07:00:00,DXB,Z02,Z05,CPT02024,Go Plus,completed,18.34,1.13,10.4,6.8,6.3,1.01,5.0
TRP0050180,2025-09-06 08:00:00,DXB,Z02,Z06,CPT02465,Go Plus,completed,33.06,7.76,20.4,5.9,5.5,0.98,4.5
TRP0050327,2025-09-07 20:00:00,DXB,Z02,Z10,CPT01119,Go,completed,18.23,3.91,14.6,5.4,5.0,1.0,4.7
TRP0050555,2025-09-10 20:00:00,DXB,Z02,Z13,CPT00046,Max,completed,35.56,4.73,19.7,6.3,6.9,0.97,4.6
TRP0050752,2025-09-12 22:00:00,DXB,Z02,Z10,CPT02204,Go Plus,completed,33.98,7.72,24.9,6.0,5.7,1.01,5.0
TRP0050916,2025-09-14 11:00:00,DXB,Z02,Z05,CPT00610,Go Plus,completed,40.74,10.4,27.9,6.4,5.7,1.02,4.9
TRP0051119,2025-09-16 21:00:00,DXB,Z02,Z04,CPT01803,Business,completed,57.39,6.52,25.3,5.6,5.8,1.16,5.0
TRP0051164,2025-09-17 12:00:00,DXB,Z02,Z09,CPT02436,Go,completed,22.47,3.93,16.7,6.4,6.6,1.23,4.6
TRP0051331,2025-09-19 12:00:00,DXB,Z02,Z10,CPT00605,Go,completed,34.95,13.53,36.6,6.6,5.7,0.97,4.7
TRP0051460,2025-09-20 14:00:00,DXB,Z02,Z08,CPT00063,Go,completed,19.39,3.17,11.0,5.6,6.2,1.15,4.8
TRP0051699,2025-09-23 07:00:00,DXB,Z02,Z03,CPT02386,Go,completed,16.22,2.1,8.7,7.2,5.2,1.09,4.5
TRP0051798,2025-09-24 10:00:00,DXB,Z02,Z12,CPT01021,Go Plus,completed,26.62,4.73,10.7,7.0,5.2,1.0,4.4
TRP0051804,2025-09-24 12:00:00,DXB,Z02,Z14,CPT00681,Go,completed,19.08,2.87,10.6,6.5,6.3,1.17,4.4
TRP0051909,2025-09-25 18:00:00,DXB,Z02,Z09,CPT02583,Go,completed,21.57,4.85,19.2,5.9,6.6,1.08,4.8
TRP0052476,2025-10-01 19:00:00,DXB,Z02,Z03,CPT01230,Go Plus,completed,24.94,3.91,12.5,5.7,6.8,1.01,4.4
TRP0052570,2025-10-02 20:00:00,DXB,Z02,Z11,CPT01657,Business,completed,61.02,9.56,30.4,6.1,6.9,1.01,4.7
TRP0052634,2025-10-03 16:00:00,DXB,Z02,Z08,CPT02450,Go Plus,completed,73.01,20.42,51.7,7.2,6.6,1.15,4.9
TRP0052699,2025-10-04 07:00:00,DXB,Z02,Z12,CPT00265,Go Plus,completed,35.41,7.23,21.4,5.0,7.5,1.09,5.0
TRP0052865,2025-10-05 18:00:00,DXB,Z02,Z02,CPT01080,Go,completed,23.7,5.39,22.8,6.5,6.3,1.13,4.5
TRP0053109,2025-10-08 18:00:00,DXB,Z02,Z09,CPT01762,Max,completed,51.85,5.97,25.0,5.9,7.2,1.28,4.2
TRP0053130,2025-10-09 07:00:00,DXB,Z02,Z15,CPT01401,Go,completed,12.73,0.8,3.0,6.3,4.7,1.02,4.6
TRP0053484,2025-10-12 18:00:00,DXB,Z02,Z14,CPT00825,Go Plus,completed,32.7,7.18,25.7,5.7,6.3,1.01,4.5
TRP0053566,2025-10-13 19:00:00,DXB,Z02,Z01,CPT00454,Go Plus,completed,38.11,9.62,30.3,7.5,5.0,1.0,4.7
TRP0053630,2025-10-14 14:00:00,DXB,Z02,Z09,CPT00520,Go,cancelled_rider,0.0,0.0,0.0,6.8,7.3,1.2,
TRP0054756,2025-10-27 18:00:00,DXB,Z02,Z11,CPT00438,Go,completed,16.34,2.8,9.0,6.8,5.6,1.01,4.8
TRP0054918,2025-10-29 19:00:00,DXB,Z02,Z07,CPT00210,Go Plus,completed,22.47,2.78,9.0,5.9,5.5,1.02,4.6
TRP0055691,2025-11-08 02:00:00,DXB,Z02,Z02,CPT01230,Business,completed,44.38,5.23,19.6,6.3,3.8,0.99,4.5
TRP0055704,2025-11-08 07:00:00,DXB,Z02,Z15,CPT02114,Go,completed,36.82,12.83,36.3,6.5,4.7,1.06,4.5
TRP0056375,2025-11-15 14:00:00,DXB,Z02,Z03,CPT00831,Go,completed,35.84,12.33,40.1,5.8,7.6,1.06,4.8
TRP0056545,2025-11-17 15:00:00,DXB,Z02,Z07,CPT00500,Go,completed,30.68,10.64,34.3,6.3,5.9,1.0,4.6
TRP0056565,2025-11-17 17:00:00,DXB,Z02,Z12,CPT00022,Go,completed,22.6,6.03,21.0,6.7,5.0,1.02,4.1
TRP0056699,2025-11-19 11:00:00,DXB,Z02,Z14,CPT00407,Go,completed,42.26,13.58,40.9,4.9,8.0,1.17,4.6
TRP0056880,2025-11-21 12:00:00,DXB,Z02,Z01,CPT00073,Go,completed,21.45,5.42,25.3,6.2,4.9,1.02,4.4
TRP0057088,2025-11-23 16:00:00,DXB,Z02,Z03,CPT00111,Go,completed,31.15,9.36,31.7,6.9,8.4,1.1,5.0
TRP0057143,2025-11-24 11:00:00,DXB,Z02,Z06,CPT00792,Go,completed,20.9,2.3,10.3,6.0,8.9,1.37,4.3
TRP0057424,2025-11-27 19:00:00,DXB,Z02,Z06,CPT00322,Business,completed,58.37,8.83,21.7,5.5,4.4,1.01,4.1
TRP0057506,2025-11-28 17:00:00,DXB,Z02,Z07,CPT00105,Go Plus,completed,30.73,6.48,19.6,5.3,4.2,1.0,4.5
TRP0057687,2025-11-30 15:00:00,DXB,Z02,Z02,CPT01629,Business,completed,43.49,2.93,9.8,6.1,7.5,1.19,4.3
TRP0057847,2025-12-02 15:00:00,DXB,Z02,Z10,CPT01797,Go Plus,completed,31.15,6.66,18.7,6.3,6.5,1.0,5.0
TRP0057880,2025-12-02 22:00:00,DXB,Z02,Z12,CPT01956,Business,completed,73.71,13.05,40.6,6.8,6.1,1.01,4.6
TRP0057928,2025-12-03 14:00:00,DXB,Z02,Z10,CPT01695,Go Plus,completed,27.58,4.91,20.3,6.0,8.0,1.02,4.6
TRP0058161,2025-12-05 19:00:00,DXB,Z02,Z14,CPT02132,Go,completed,34.95,13.33,44.6,6.5,6.3,0.98,4.6
TRP0059087,2025-12-16 08:00:00,DXB,Z02,Z14,CPT00622,Go,completed,26.51,8.24,26.9,6.2,6.6,1.01,4.8
TRP0059118,2025-12-16 15:00:00,DXB,Z02,Z02,CPT01191,Go,completed,14.7,2.08,7.4,5.6,4.8,0.99,4.6
TRP0059131,2025-12-16 17:00:00,DXB,Z02,Z04,CPT01313,Max,completed,69.38,13.25,45.6,6.8,7.6,1.1,4.8
TRP0059244,2025-12-18 08:00:00,DXB,Z02,Z03,CPT01598,Go Plus,completed,26.43,5.0,24.3,4.9,4.0,0.97,4.4
TRP0059280,2025-12-18 16:00:00,DXB,Z02,Z12,CPT00328,Go,completed,23.46,6.61,23.5,6.0,6.4,1.01,5.0
TRP0059446,2025-12-20 09:00:00,DXB,Z02,Z15,CPT01657,Max,completed,50.46,9.18,26.9,6.4,5.7,1.0,4.7
TRP0059548,2025-12-21 08:00:00,DXB,Z02,Z03,CPT00624,Max,completed,49.96,7.04,22.4,7.9,7.0,1.14,4.6
TRP0059653,2025-12-22 13:00:00,DXB,Z02,Z04,CPT01968,Go,completed,37.98,14.18,48.9,7.4,4.6,1.02,4.6
TRP0059723,2025-12-23 09:00:00,DXB,Z02,Z13,CPT00716,Go Plus,completed,35.4,6.39,18.0,6.3,7.8,1.16,5.0
TRP0059779,2025-12-23 21:00:00,DXB,Z02,Z12,CPT02144,Go,completed,20.8,5.41,13.6,5.1,4.2,0.99,4.4
TRP0059981,2025-12-26 09:00:00,DXB,Z02,Z10,CPT01643,Go,completed,22.91,6.82,20.0,6.4,4.8,0.97,5.0
TRP0060041,2025-12-26 18:00:00,DXB,Z02,Z13,CPT00173,Go,completed,12.73,0.8,3.5,6.8,6.6,1.02,4.4
TRP0060179,2025-12-28 06:00:00,DXB,Z02,Z14,CPT02093,Go,completed,19.32,4.71,18.5,6.6,5.6,0.98,4.8
TRP0060212,2025-12-28 12:00:00,DXB,Z02,Z15,CPT00071,Go,completed,13.76,1.42,7.7,5.6,5.0,1.01,4.7
TRP0060808,2026-01-04 08:00:00,DXB,Z02,Z13,CPT01442,Go,completed,40.04,15.7,52.4,6.9,4.7,1.0,4.8
TRP0060898,2026-01-05 05:00:00,DXB,Z02,Z10,CPT01135,Go Plus,completed,23.98,3.71,11.1,5.9,8.0,0.99,4.7
TRP0060982,2026-01-06 07:00:00,DXB,Z02,Z14,CPT02135,Go,completed,14.21,1.89,8.4,6.6,7.4,0.98,4.6
TRP0060989,2026-01-06 08:00:00,DXB,Z02,Z08,CPT01180,Go,completed,28.28,6.09,17.6,6.0,7.5,1.27,5.0
TRP0061045,2026-01-06 18:00:00,DXB,Z02,Z15,CPT01605,Go,completed,27.71,8.32,31.8,5.7,6.4,1.05,4.5
TRP0061105,2026-01-07 13:00:00,DXB,Z02,Z03,CPT00763,Business,completed,68.17,12.3,26.1,6.9,4.8,0.97,4.8
TRP0061194,2026-01-08 15:00:00,DXB,Z02,Z15,CPT01877,Go Plus,completed,25.88,4.31,12.0,5.6,6.0,1.01,4.8
TRP0061571,2026-01-12 12:00:00,DXB,Z02,Z05,CPT02390,Go Plus,completed,23.32,3.23,11.6,5.0,5.3,1.01,4.0
TRP0061683,2026-01-13 18:00:00,DXB,Z02,Z14,CPT02188,Go,completed,32.23,6.96,19.0,6.7,7.8,1.35,4.7
TRP0061960,2026-01-16 16:00:00,DXB,Z02,Z10,CPT01527,Go,completed,31.42,10.87,37.4,5.9,7.1,1.01,4.7
TRP0062025,2026-01-17 11:00:00,DXB,Z02,Z01,CPT01643,Go Plus,completed,44.33,12.27,31.8,5.6,5.4,1.0,4.7
TRP0062054,2026-01-17 17:00:00,DXB,Z02,Z02,CPT00775,Go Plus,completed,21.83,3.08,14.4,5.0,4.4,0.96,4.4
TRP0062070,2026-01-17 18:00:00,DXB,Z02,Z09,CPT01519,Go Plus,completed,31.43,6.78,20.8,5.4,6.0,1.0,4.7
TRP0062285,2026-01-19 18:00:00,DXB,Z02,Z01,CPT01002,Go,completed,39.98,11.77,32.4,6.9,6.2,1.22,4.8
TRP0062466,2026-01-21 18:00:00,DXB,Z02,Z04,CPT00057,Go,completed,16.6,2.85,12.8,5.6,6.0,1.02,4.6
TRP0062516,2026-01-22 09:00:00,DXB,Z02,Z04,CPT02418,Business,completed,28.37,0.82,7.6,6.3,6.0,0.98,4.6
TRP0062956,2026-01-26 14:00:00,DXB,Z02,Z15,CPT00869,Go,completed,28.46,9.44,28.9,6.3,6.0,1.0,4.9
TRP0063277,2026-01-29 20:00:00,DXB,Z02,Z08,CPT01823,Go Plus,completed,35.39,8.17,26.0,6.6,5.5,1.02,3.9
TRP0063431,2026-01-31 09:00:00,DXB,Z02,Z08,CPT02383,Business,completed,75.66,12.06,34.0,5.8,5.8,1.09,4.2
TRP0063526,2026-02-01 07:00:00,DXB,Z02,Z11,CPT00664,Max,completed,50.28,8.65,27.6,6.1,4.8,1.03,4.7
TRP0063775,2026-02-03 22:00:00,DXB,Z02,Z15,CPT02448,Go,completed,37.77,8.43,34.8,6.5,10.0,1.42,4.8
TRP0064144,2026-02-07 16:00:00,DXB,Z02,Z05,CPT01247,Go,completed,28.3,5.47,20.6,6.1,9.5,1.34,5.0
TRP0064156,2026-02-07 18:00:00,DXB,Z02,Z11,CPT01096,Go,completed,39.65,12.53,43.2,6.1,,1.16,4.5
TRP0064339,2026-02-09 17:00:00,DXB,Z02,Z04,CPT01572,Go,completed,30.16,10.52,26.3,5.3,8.3,0.99,4.6
TRP0064404,2026-02-10 14:00:00,DXB,Z02,Z13,CPT01183,Business,completed,31.62,1.56,9.1,7.4,5.8,1.0,4.6
TRP0064405,2026-02-10 14:00:00,DXB,Z02,Z09,CPT00414,Go,completed,17.72,3.63,12.9,6.4,5.5,1.0,5.0
TRP0064686,2026-02-13 12:00:00,DXB,Z02,Z02,CPT00544,Max,completed,35.43,2.59,11.8,6.2,8.4,1.18,4.1
TRP0064715,2026-02-13 17:00:00,DXB,Z02,Z08,CPT00986,Go,completed,15.65,2.6,9.0,5.5,8.8,0.99,4.9
TRP0064795,2026-02-14 09:00:00,DXB,Z02,Z02,CPT01004,Go,completed,25.61,6.87,24.4,5.5,6.0,1.08,4.4
TRP0065055,2026-02-16 19:00:00,DXB,Z02,Z11,CPT02232,Business,completed,56.44,8.0,27.1,6.9,5.2,1.03,4.6
TRP0065189,2026-02-18 08:00:00,DXB,Z02,Z07,CPT00485,Go,completed,37.01,14.26,36.6,5.9,4.6,0.99,4.5
TRP0065209,2026-02-18 14:00:00,DXB,Z02,Z15,CPT01686,Go,completed,20.15,5.17,20.0,6.7,7.2,0.98,5.0
TRP0065252,2026-02-19 07:00:00,DXB,Z02,Z06,CPT01908,Go Plus,completed,24.51,3.94,14.4,5.7,5.0,0.99,5.0
TRP0065385,2026-02-20 10:00:00,DXB,Z02,Z06,CPT00690,Go,completed,19.79,5.08,14.8,6.1,6.1,0.97,4.6
TRP0065442,2026-02-20 18:00:00,DXB,Z02,Z14,CPT00102,Go,completed,47.98,17.85,53.8,5.2,5.8,1.09,4.9
TRP0065474,2026-02-21 07:00:00,DXB,Z02,Z14,CPT00532,Go,completed,28.86,9.35,19.0,6.7,5.1,1.02,4.2
TRP0065525,2026-02-21 15:00:00,DXB,Z02,Z07,CPT01610,Go,completed,36.69,10.31,33.2,5.6,6.5,1.22,4.3
TRP0066043,2026-02-26 17:00:00,DXB,Z02,Z07,CPT02444,Go,completed,30.01,10.78,35.9,5.9,5.4,0.97,4.7
TRP0066074,2026-02-27 04:00:00,DXB,Z02,Z15,CPT00789,Business,completed,59.73,9.37,32.9,7.3,5.3,1.0,4.7
TRP0066336,2026-03-01 06:00:00,DXB,Z02,Z02,CPT01123,Go,completed,28.05,8.92,28.4,4.9,6.4,1.02,4.4
TRP0066561,2026-03-03 09:00:00,DXB,Z02,Z07,CPT00477,Go Plus,completed,52.72,15.84,43.0,6.5,7.1,1.0,4.8
TRP0066798,2026-03-05 20:00:00,DXB,Z02,Z12,CPT01023,Max,completed,34.65,3.97,13.4,6.2,6.0,1.01,4.8
TRP0067144,2026-03-08 17:00:00,DXB,Z02,Z10,CPT01154,Go,completed,27.19,8.75,21.3,5.1,8.4,1.0,4.1
TRP0067319,2026-03-10 13:00:00,DXB,Z02,Z04,CPT00695,Go,completed,21.43,5.3,17.8,6.0,6.9,1.03,4.7
TRP0067372,2026-03-11 06:00:00,DXB,Z02,Z07,CPT02254,Go,completed,28.85,10.3,31.5,5.3,6.3,0.96,4.5
TRP0067444,2026-03-11 18:00:00,DXB,Z02,Z08,CPT00490,Go,completed,28.49,9.61,31.1,6.5,5.8,0.99,4.5
TRP0067479,2026-03-12 08:00:00,DXB,Z02,Z15,CPT00513,Go Plus,completed,45.89,12.55,34.7,5.5,5.6,1.02,5.0
TRP0067601,2026-03-13 10:00:00,DXB,Z02,Z11,CPT01423,Business,completed,30.48,1.16,5.5,6.5,7.2,1.01,5.0
TRP0067741,2026-03-14 17:00:00,DXB,Z02,Z10,CPT00236,Max,completed,32.12,2.77,11.9,6.5,6.5,1.05,4.3
TRP0067791,2026-03-14 23:00:00,DXB,Z02,Z03,CPT00766,Go Plus,completed,47.91,13.39,40.4,6.8,6.2,1.02,4.7
TRP0067971,2026-03-16 19:00:00,DXB,Z02,Z12,CPT02013,Business,completed,86.72,17.11,63.2,7.0,5.1,0.99,5.0
TRP0068140,2026-03-18 15:00:00,DXB,Z02,Z08,CPT01306,Go Plus,completed,46.5,13.19,34.0,6.3,6.0,1.0,5.0
TRP0068398,2026-03-20 17:00:00,DXB,Z02,Z11,CPT01318,Go Plus,completed,37.07,9.18,23.1,5.6,6.5,1.0,5.0
TRP0068510,2026-03-21 14:00:00,DXB,Z02,Z13,CPT02541,Go Plus,completed,23.32,3.04,11.6,6.7,5.9,1.03,5.0
TRP0068525,2026-03-21 16:00:00,DXB,Z02,Z13,CPT01638,Go Plus,completed,43.02,7.17,29.0,5.8,6.7,1.33,4.4
TRP0068546,2026-03-21 18:00:00,DXB,Z02,Z09,CPT00132,Go,completed,26.81,8.69,22.8,4.9,5.8,0.99,4.8
TRP0068704,2026-03-23 09:00:00,DXB,Z02,Z15,CPT00456,Go,completed,18.4,4.0,16.2,6.5,8.1,1.0,4.7
TRP0069253,2026-03-28 11:00:00,DXB,Z02,Z11,CPT02291,Business,completed,42.3,3.46,13.0,6.3,6.9,1.1,3.9
TRP0069326,2026-03-28 20:00:00,DXB,Z02,Z04,CPT00460,Go,completed,32.32,11.35,33.3,4.7,7.7,1.01,4.7
TRP0069495,2026-03-30 13:00:00,DXB,Z02,Z05,CPT02328,Go Plus,completed,24.15,3.48,11.1,5.6,6.7,1.02,4.4
TRP0069551,2026-03-31 01:00:00,DXB,Z02,Z02,CPT00090,Go,completed,28.62,9.84,22.5,6.5,5.9,0.98,5.0
TRP0069567,2026-03-31 08:00:00,DXB,Z02,Z07,CPT00105,Go,completed,51.04,19.84,56.5,7.0,6.7,1.07,4.0
TRP0069660,2026-04-01 07:00:00,DXB,Z02,Z06,CPT01438,Go,completed,26.34,8.58,22.7,6.8,5.8,0.98,4.9
TRP0069711,2026-04-01 13:00:00,DXB,Z02,Z10,CPT01313,Go,completed,31.05,10.84,28.1,6.7,5.2,1.0,5.0
TRP0069749,2026-04-01 19:00:00,DXB,Z02,Z05,CPT01761,Business,completed,40.11,3.92,15.9,5.3,6.7,1.0,4.1
TRP0069925,2026-04-03 08:00:00,DXB,Z02,Z03,CPT02023,Go Plus,completed,31.35,6.23,19.5,6.6,5.8,1.04,4.3
TRP0069997,2026-04-03 17:00:00,DXB,Z02,Z14,CPT00674,Go,completed,24.79,7.73,26.7,6.2,4.3,0.98,4.6
TRP0070085,2026-04-04 09:00:00,DXB,Z02,Z08,CPT02394,Go,completed,39.44,13.98,45.1,5.8,7.8,1.07,4.5
TRP0070181,2026-04-04 22:00:00,DXB,Z02,Z07,CPT01224,Go,completed,23.6,4.02,14.8,6.2,5.7,1.28,4.9
TRP0070414,2026-04-07 08:00:00,DXB,Z02,Z06,CPT00647,Go,completed,14.41,2.17,11.1,6.9,,0.96,4.7
TRP0070480,2026-04-07 20:00:00,DXB,Z02,Z12,CPT00070,Business,completed,33.69,2.23,8.4,6.1,4.0,0.99,4.4
TRP0070558,2026-04-08 17:00:00,DXB,Z02,Z11,CPT00979,Go,completed,37.61,15.23,40.3,5.4,6.3,0.96,5.0
TRP0070690,2026-04-09 17:00:00,DXB,Z02,Z03,CPT00697,Go,completed,20.49,4.91,16.2,7.1,7.1,1.02,4.2
TRP0070947,2026-04-11 14:00:00,DXB,Z02,Z13,CPT02315,Business,completed,75.36,10.98,33.3,6.5,7.6,1.15,4.6
TRP0071095,2026-04-12 17:00:00,DXB,Z02,Z11,CPT00532,Go,completed,31.99,10.52,31.7,7.3,6.2,1.05,4.9
TRP0071585,2026-04-17 13:00:00,DXB,Z02,Z15,CPT02039,Go,completed,30.48,9.17,25.2,6.6,7.4,1.09,4.6
TRP0071594,2026-04-17 15:00:00,DXB,Z02,Z14,CPT02498,Go Plus,completed,26.56,3.87,14.3,7.0,5.3,1.08,4.9
TRP0071597,2026-04-17 15:00:00,DXB,Z02,Z11,CPT02572,Business,completed,62.53,8.86,26.1,6.3,6.8,1.08,5.0
TRP0071674,2026-04-18 07:00:00,DXB,Z02,Z08,CPT01590,Go,completed,26.37,7.76,25.7,5.9,5.7,1.04,4.0
TRP0071745,2026-04-18 17:00:00,DXB,Z02,Z11,CPT00331,Go Plus,completed,31.56,6.97,23.6,5.6,6.8,0.99,4.0
TRP0071985,2026-04-20 17:00:00,DXB,Z02,Z15,CPT01567,Go,completed,33.28,12.41,41.6,7.4,6.4,0.98,4.5
TRP0072454,2026-04-24 20:00:00,DXB,Z02,Z07,CPT01244,Go,completed,34.25,13.34,27.5,6.1,5.9,0.96,4.7
TRP0072540,2026-04-25 14:00:00,DXB,Z02,Z12,CPT00404,Go,completed,25.4,7.92,25.0,6.7,6.6,0.99,4.5
TRP0072645,2026-04-26 15:00:00,DXB,Z02,Z11,CPT02275,Go Plus,completed,33.03,7.32,24.3,5.9,4.1,1.01,5.0
TRP0072826,2026-04-28 08:00:00,DXB,Z02,Z07,CPT00129,Go,completed,13.82,1.6,6.9,6.2,4.0,0.99,4.7
TRP0072910,2026-04-29 01:00:00,DXB,Z02,Z07,CPT01594,Go Plus,completed,27.82,5.36,22.4,5.3,7.8,0.99,5.0
TRP0073165,2026-05-01 09:00:00,DXB,Z02,Z10,CPT00655,Go,completed,37.59,14.58,31.9,7.4,4.8,0.99,4.6
TRP0073171,2026-05-01 10:00:00,DXB,Z02,Z02,CPT00633,Business,completed,57.93,9.54,29.2,5.9,6.8,0.96,4.2
TRP0073539,2026-05-04 07:00:00,DXB,Z02,Z11,CPT01934,Go Plus,completed,51.7,14.16,50.1,5.4,6.1,1.06,4.5
TRP0074186,2026-05-09 14:00:00,DXB,Z02,Z08,CPT02492,Go,completed,25.37,8.05,23.9,6.4,6.0,0.98,5.0
TRP0074293,2026-05-10 10:00:00,DXB,Z02,Z08,CPT01044,Go,completed,32.73,11.4,29.9,6.4,4.8,1.02,4.7
TRP0074294,2026-05-10 10:00:00,DXB,Z02,Z01,CPT01908,Business,completed,88.25,16.81,42.8,7.1,5.0,1.02,4.1
TRP0074336,2026-05-10 16:00:00,DXB,Z02,Z15,CPT00039,Go,completed,18.52,3.87,13.5,6.9,5.4,1.02,4.7
TRP0074359,2026-05-10 18:00:00,DXB,Z02,Z07,CPT01112,Go Plus,completed,39.18,9.75,29.0,7.2,5.4,1.02,4.8
TRP0074367,2026-05-10 20:00:00,DXB,Z02,Z11,CPT01655,Max,completed,30.61,2.68,9.0,5.7,6.1,1.01,4.6
TRP0074471,2026-05-11 18:00:00,DXB,Z02,Z12,CPT00016,Business,completed,66.0,11.11,26.7,6.5,8.7,1.0,4.7
TRP0074485,2026-05-11 20:00:00,DXB,Z02,Z11,CPT02174,Go Plus,completed,25.47,2.91,9.0,6.6,4.9,1.14,5.0
TRP0075077,2026-05-16 15:00:00,DXB,Z02,Z04,CPT00154,Go,completed,24.71,7.41,22.7,7.0,6.5,1.0,4.6
TRP0075124,2026-05-16 21:00:00,DXB,Z02,Z03,CPT02238,Go Plus,completed,60.82,14.11,38.6,6.9,7.7,1.25,4.6
TRP0075484,2026-05-20 07:00:00,DXB,Z02,Z08,CPT02536,Business,completed,83.67,16.02,50.4,6.1,6.8,1.0,4.4
TRP0075550,2026-05-20 18:00:00,DXB,Z02,Z02,CPT02424,Go,completed,33.24,12.39,39.2,5.5,6.9,0.98,4.2
TRP0075610,2026-05-21 11:00:00,DXB,Z02,Z11,CPT00217,Go,cancelled_rider,0.0,0.0,0.0,6.3,8.7,1.21,
TRP0075758,2026-05-22 15:00:00,DXB,Z02,Z06,CPT01653,Go Plus,completed,20.35,1.81,8.2,6.8,5.1,1.03,4.7
TRP0075944,2026-05-23 17:00:00,DXB,Z02,Z01,CPT01333,Business,completed,65.3,9.89,31.0,6.1,7.7,1.06,4.6
TRP0076271,2026-05-26 17:00:00,DXB,Z02,Z10,CPT02460,Go Plus,completed,36.04,6.08,22.6,5.3,7.9,1.21,4.8
TRP0076863,2026-05-31 15:00:00,DXB,Z02,Z15,CPT02547,Business,completed,43.95,5.11,19.1,5.9,6.5,0.99,4.7
TRP0077515,2026-06-06 07:00:00,DXB,Z02,Z06,CPT00016,Business,completed,93.3,17.0,35.0,7.0,6.8,1.07,4.3
TRP0077532,2026-06-06 08:00:00,DXB,Z02,Z08,CPT01945,Business,completed,44.86,5.24,12.9,5.6,4.9,1.0,4.7
TRP0077550,2026-06-06 10:00:00,DXB,Z02,Z10,CPT00277,Business,completed,54.44,8.21,16.2,7.2,6.2,0.98,4.8
TRP0077838,2026-06-08 15:00:00,DXB,Z02,Z01,CPT02450,Go,completed,27.41,4.87,13.3,7.0,8.2,1.37,5.0
TRP0077842,2026-06-08 16:00:00,DXB,Z02,Z03,CPT00360,Go,completed,19.39,4.97,17.4,5.9,6.1,0.96,4.5
TRP0077902,2026-06-09 07:00:00,DXB,Z02,Z01,CPT00818,Go,completed,18.87,4.46,16.8,5.8,7.3,0.98,4.3
TRP0077910,2026-06-09 08:00:00,DXB,Z02,Z02,CPT02110,Business,completed,66.77,11.9,33.7,6.4,6.0,0.97,5.0
TRP0078171,2026-06-11 10:00:00,DXB,Z02,Z14,CPT00037,Go,completed,26.23,6.49,21.6,7.6,9.1,1.14,4.1
TRP0078887,2026-06-16 23:00:00,DXB,Z02,Z03,CPT01107,Go Plus,completed,27.02,4.9,16.2,7.2,6.3,1.0,4.9
TRP0078913,2026-06-17 08:00:00,DXB,Z02,Z09,CPT01127,Go,completed,19.38,4.53,16.1,7.0,6.1,1.0,5.0
TRP0079082,2026-06-18 17:00:00,DXB,Z02,Z08,CPT01854,Go,completed,15.24,1.68,10.3,5.2,5.6,1.08,4.9
TRP0079141,2026-06-19 08:00:00,DXB,Z02,Z08,CPT00775,Business,completed,58.11,8.45,17.8,6.1,7.0,1.03,5.0
TRP0079527,2026-06-22 08:00:00,DXB,Z02,Z13,CPT00653,Max,completed,53.41,8.15,25.6,7.0,8.4,1.13,5.0
TRP0079539,2026-06-22 11:00:00,DXB,Z02,Z09,CPT00061,Go Plus,cancelled_rider,0.0,0.0,0.0,7.1,9.6,1.15,
TRP0079545,2026-06-22 12:00:00,DXB,Z02,Z05,CPT00351,Go,completed,21.23,4.21,12.1,5.8,5.1,1.13,4.5
TRP0079893,2026-06-25 15:00:00,DXB,Z02,Z06,CPT01451,Go,cancelled_rider,0.0,0.0,0.0,7.3,9.5,1.71,
TRP0079962,2026-06-26 08:00:00,DXB,Z02,Z09,CPT02085,Go,completed,15.84,1.98,9.5,6.2,6.9,1.08,4.6
TRP0080174,2026-06-27 12:00:00,DXB,Z02,Z03,CPT00479,Go,completed,24.41,7.38,20.7,5.5,6.9,0.99,4.7
TRP0080278,2026-06-28 07:00:00,DXB,Z02,Z01,CPT02324,Go Plus,completed,27.47,4.03,11.8,5.6,6.6,1.1,4.9
TRP0080322,2026-06-28 16:00:00,DXB,Z02,Z06,CPT00272,Go Plus,completed,45.87,12.54,28.0,5.8,6.8,1.02,4.3
TRP0080325,2026-06-28 16:00:00,DXB,Z02,Z15,CPT00129,Go Plus,completed,32.13,6.81,21.9,6.7,5.0,1.02,4.9
TRP0080608,2025-07-01 08:00:00,DXB,Z03,Z11,CPT01934,Go,completed,32.28,11.33,33.7,7.0,6.5,1.01,5.0
TRP0081012,2025-07-06 08:00:00,DXB,Z03,Z15,CPT00632,Go,completed,19.03,4.24,13.5,6.9,8.6,1.01,4.8
TRP0081081,2025-07-07 07:00:00,DXB,Z03,Z07,CPT00460,Go Plus,completed,41.47,6.1,15.5,7.0,12.2,1.39,4.5
TRP0081150,2025-07-08 12:00:00,DXB,Z03,Z14,CPT01755,Business,completed,58.12,2.11,9.9,7.1,8.7,1.73,4.6
TRP0081159,2025-07-08 15:00:00,DXB,Z03,Z11,CPT02380,Business,completed,63.56,7.37,25.5,8.2,8.3,1.21,4.6
TRP0081190,2025-07-09 00:00:00,DXB,Z03,Z02,CPT00456,Go Plus,completed,30.82,6.52,19.4,8.4,6.5,1.0,4.3
TRP0081310,2025-07-10 17:00:00,DXB,Z03,Z06,CPT00663,Go Plus,completed,30.37,6.2,20.0,7.8,8.9,1.01,4.6
TRP0081522,2025-07-12 18:00:00,DXB,Z03,Z12,CPT02501,Go Plus,completed,27.67,5.18,20.1,6.1,6.4,1.0,4.5
TRP0081529,2025-07-12 18:00:00,DXB,Z03,Z05,CPT02499,Max,completed,50.92,9.33,33.2,6.5,5.7,1.0,4.7
TRP0082177,2025-07-21 09:00:00,DXB,Z03,Z13,CPT01091,Go Plus,completed,33.99,5.56,15.2,7.8,7.2,1.19,4.7
TRP0082346,2025-07-23 17:00:00,DXB,Z03,Z05,CPT02528,Business,completed,56.51,8.32,23.4,5.7,7.4,1.01,4.7
TRP0082509,2025-07-25 17:00:00,DXB,Z03,Z10,CPT01090,Go,completed,21.15,5.72,18.5,8.0,7.6,0.98,4.7
TRP0082512,2025-07-25 17:00:00,DXB,Z03,Z01,CPT02499,Go Plus,completed,58.49,18.8,52.2,8.1,7.2,0.98,4.4
TRP0082566,2025-07-26 09:00:00,DXB,Z03,Z15,CPT02021,Go,completed,41.86,12.91,33.0,7.4,6.3,1.2,4.6
TRP0082571,2025-07-26 12:00:00,DXB,Z03,Z04,CPT00709,Max,completed,61.89,12.1,44.8,6.8,5.7,1.04,4.6
TRP0082794,2025-07-29 06:00:00,DXB,Z03,Z05,CPT01334,Business,completed,76.83,13.7,49.5,6.2,5.0,1.02,4.5
TRP0083369,2025-08-05 08:00:00,DXB,Z03,Z15,CPT01200,Max,completed,51.43,9.33,28.1,5.7,5.8,1.01,4.7
TRP0083393,2025-08-05 17:00:00,DXB,Z03,Z01,CPT00568,Go Plus,completed,22.91,3.25,11.6,6.7,6.3,0.99,5.0
TRP0084440,2025-08-18 13:00:00,DXB,Z03,Z13,CPT02339,Go Plus,completed,31.97,3.48,11.7,7.0,9.8,1.35,4.1
TRP0084616,2025-08-20 20:00:00,DXB,Z03,Z11,CPT02569,Go,completed,20.17,5.18,14.7,6.1,4.5,0.98,5.0
TRP0084729,2025-08-22 09:00:00,DXB,Z03,Z04,CPT00926,Go,completed,22.18,6.29,17.8,6.4,4.6,0.98,5.0
TRP0084969,2025-08-25 02:00:00,DXB,Z03,Z14,CPT01538,Business,completed,66.33,11.39,38.0,6.9,7.8,0.99,4.5
TRP0085102,2025-08-27 05:00:00,DXB,Z03,Z01,CPT00483,Go,completed,29.09,9.78,31.0,6.8,7.7,1.0,4.9
TRP0085442,2025-08-31 15:00:00,DXB,Z03,Z14,CPT01273,Go,completed,20.06,2.87,12.9,5.6,6.7,1.23,4.3
TRP0085587,2025-09-02 19:00:00,DXB,Z03,Z10,CPT01191,Go,completed,50.38,17.94,45.2,6.7,8.3,1.14,4.8
TRP0085660,2025-09-03 19:00:00,DXB,Z03,Z01,CPT01725,Go,completed,24.36,7.63,30.8,6.1,7.4,0.97,4.9
TRP0085674,2025-09-03 23:00:00,DXB,Z03,Z07,CPT01954,Go,completed,27.34,9.29,23.0,6.1,6.5,0.97,4.4
TRP0085753,2025-09-05 06:00:00,DXB,Z03,Z07,CPT02293,Go,completed,23.24,4.61,13.2,6.1,9.0,1.19,4.7
TRP0085783,2025-09-05 11:00:00,DXB,Z03,Z09,CPT02088,Business,completed,38.68,3.63,15.1,6.1,4.1,0.99,4.6
TRP0085922,2025-09-06 20:00:00,DXB,Z03,Z12,CPT00886,Go,completed,27.63,8.84,28.3,7.2,7.4,1.01,5.0
TRP0086000,2025-09-07 19:00:00,DXB,Z03,Z06,CPT00483,Go,completed,33.91,9.33,27.3,6.5,5.7,1.2,4.8
TRP0086009,2025-09-07 20:00:00,DXB,Z03,Z14,CPT00566,Go Plus,completed,45.44,10.67,27.6,6.3,6.5,1.12,4.6
TRP0086060,2025-09-08 19:00:00,DXB,Z03,Z03,CPT01266,Go,completed,31.69,10.85,29.4,6.9,7.0,1.02,4.4
TRP0086307,2025-09-12 00:00:00,DXB,Z03,Z06,CPT01470,Go,completed,24.12,7.36,20.9,6.9,7.7,0.98,4.2
TRP0086351,2025-09-12 14:00:00,DXB,Z03,Z01,CPT02474,Go,completed,34.56,7.79,24.0,5.6,6.1,1.36,4.2
TRP0086499,2025-09-13 21:00:00,DXB,Z03,Z10,CPT01672,Business,completed,60.45,10.27,29.8,7.3,6.0,0.96,4.4
TRP0086969,2025-09-20 12:00:00,DXB,Z03,Z13,CPT02517,Go Plus,completed,36.56,7.05,21.8,8.4,4.3,1.14,4.8
TRP0087121,2025-09-22 08:00:00,DXB,Z03,Z15,CPT02024,Business,completed,34.5,2.76,11.8,6.9,6.7,0.96,4.6
TRP0087318,2025-09-24 18:00:00,DXB,Z03,Z09,CPT01785,Go,completed,21.97,4.95,15.6,6.3,8.3,1.09,4.8
TRP0087451,2025-09-26 09:00:00,DXB,Z03,Z12,CPT00568,Go,completed,24.8,7.46,22.7,6.6,7.0,1.0,4.9
TRP0087463,2025-09-26 12:00:00,DXB,Z03,Z01,CPT00925,Go Plus,completed,29.25,6.37,21.7,7.5,7.2,0.96,3.9
TRP0087553,2025-09-27 09:00:00,DXB,Z03,Z03,CPT00222,Go,completed,39.44,15.81,48.9,7.1,6.7,0.98,5.0
TRP0087804,2025-09-30 16:00:00,DXB,Z03,Z01,CPT01442,Go,completed,25.65,7.92,25.4,6.4,6.6,1.0,4.5
TRP0087805,2025-09-30 16:00:00,DXB,Z03,Z04,CPT00299,Go Plus,completed,34.75,8.19,24.0,6.4,6.7,1.0,4.5
TRP0087839,2025-09-30 21:00:00,DXB,Z03,Z03,CPT00165,Go,completed,38.75,14.39,45.0,6.6,7.5,1.03,5.0
TRP0087912,2025-10-02 07:00:00,DXB,Z03,Z01,CPT01379,Go,completed,20.69,5.35,15.1,6.3,7.2,0.99,4.6
TRP0088358,2025-10-08 02:00:00,DXB,Z03,Z13,CPT01956,Go,completed,17.39,3.55,14.4,6.4,9.0,0.99,4.8
TRP0088533,2025-10-10 10:00:00,DXB,Z03,Z11,CPT02519,Go Plus,completed,20.91,2.39,8.8,6.8,7.7,0.99,4.5
TRP0088672,2025-10-11 18:00:00,DXB,Z03,Z05,CPT02534,Go,completed,32.18,10.78,29.7,5.4,8.7,1.04,4.3
TRP0088808,2025-10-13 14:00:00,DXB,Z03,Z13,CPT01878,Business,completed,30.34,1.29,5.9,7.0,5.0,0.99,4.4
TRP0088897,2025-10-14 18:00:00,DXB,Z03,Z02,CPT01148,Business,completed,49.24,6.88,16.5,5.4,6.4,0.97,4.7
TRP0089157,2025-10-17 17:00:00,DXB,Z03,Z08,CPT01458,Go Plus,completed,41.22,10.77,28.0,7.4,4.8,1.01,4.6
TRP0089167,2025-10-17 17:00:00,DXB,Z03,Z08,CPT00920,Business,completed,81.75,15.26,35.1,7.8,9.5,1.01,4.8
TRP0089369,2025-10-20 07:00:00,DXB,Z03,Z08,CPT00993,Go,completed,37.03,11.46,35.6,6.4,9.5,1.15,4.9
TRP0089591,2025-10-23 17:00:00,DXB,Z03,Z15,CPT01166,Go,cancelled_rider,0.0,0.0,0.0,6.7,9.9,1.12,
TRP0090198,2025-10-31 12:00:00,DXB,Z03,Z02,CPT01835,Go,completed,21.48,5.78,22.4,7.1,6.9,0.99,4.6
TRP0090556,2025-11-04 18:00:00,DXB,Z03,Z08,CPT02183,Go,completed,19.88,3.4,10.3,7.7,7.3,1.15,4.8
TRP0090591,2025-11-05 08:00:00,DXB,Z03,Z04,CPT01634,Go,completed,34.22,12.01,44.5,6.8,7.1,1.03,4.7
TRP0091414,2025-11-15 21:00:00,DXB,Z03,Z13,CPT02039,Go,completed,42.35,12.82,20.1,6.9,6.2,1.22,4.9
TRP0091680,2025-11-20 05:00:00,DXB,Z03,Z15,CPT01585,Business,completed,54.64,8.11,17.5,7.5,8.4,0.99,4.9
TRP0091781,2025-11-21 10:00:00,DXB,Z03,Z09,CPT00277,Business,completed,54.57,8.09,29.4,7.1,5.7,0.99,4.4
TRP0091894,2025-11-22 15:00:00,DXB,Z03,Z15,CPT00265,Go,completed,46.35,15.11,44.5,7.5,5.6,1.19,4.5
TRP0091995,2025-11-23 16:00:00,DXB,Z03,Z15,CPT01864,Go,completed,25.37,7.77,17.0,6.6,4.6,1.0,5.0
TRP0092012,2025-11-23 19:00:00,DXB,Z03,Z08,CPT02554,Go Plus,completed,29.92,4.98,18.7,6.7,7.5,1.1,4.8
TRP0092198,2025-11-26 09:00:00,DXB,Z03,Z06,CPT01114,Go,completed,23.45,6.36,17.1,6.8,7.3,1.03,4.5
TRP0092282,2025-11-27 14:00:00,DXB,Z03,Z10,CPT02102,Go,completed,17.14,3.32,9.9,7.6,6.9,1.0,4.9
TRP0092561,2025-11-30 13:00:00,DXB,Z03,Z06,CPT00288,Business,completed,45.95,5.17,13.7,7.8,5.6,1.03,5.0
TRP0092667,2025-12-01 22:00:00,DXB,Z03,Z15,CPT02095,Go,completed,20.85,5.44,17.6,6.7,6.3,0.99,4.8
TRP0092778,2025-12-03 17:00:00,DXB,Z03,Z02,CPT00776,Business,completed,54.26,7.7,20.1,5.8,4.7,1.01,4.5
TRP0093013,2025-12-06 17:00:00,DXB,Z03,Z09,CPT01187,Go,completed,25.87,8.18,25.9,6.4,6.4,0.99,4.9
TRP0093255,2025-12-09 18:00:00,DXB,Z03,Z06,CPT01403,Go,completed,40.17,13.27,36.5,7.3,5.9,1.13,4.7
TRP0093262,2025-12-09 19:00:00,DXB,Z03,Z07,CPT00132,Go,completed,20.73,4.06,13.1,7.5,7.8,1.12,5.0
TRP0093271,2025-12-09 21:00:00,DXB,Z03,Z09,CPT00983,Go,completed,24.82,7.34,26.3,7.7,3.8,1.01,4.8
TRP0093480,2025-12-12 16:00:00,DXB,Z03,Z06,CPT01802,Max,completed,29.26,1.98,7.8,5.7,6.9,1.04,4.1
TRP0093491,2025-12-12 17:00:00,DXB,Z03,Z03,CPT00530,Business,completed,42.78,5.03,18.9,5.5,6.7,0.97,4.4
TRP0093669,2025-12-14 13:00:00,DXB,Z03,Z12,CPT02189,Go,completed,28.15,9.74,30.2,7.8,5.8,0.97,5.0
TRP0093681,2025-12-14 16:00:00,DXB,Z03,Z01,CPT01360,Go Plus,completed,40.62,10.35,24.3,6.2,6.9,1.02,4.6
TRP0093685,2025-12-14 17:00:00,DXB,Z03,Z08,CPT02147,Go,completed,26.13,7.38,21.7,6.1,7.7,1.06,4.2
TRP0093836,2025-12-16 22:00:00,DXB,Z03,Z01,CPT01140,Max,completed,45.27,5.28,17.2,7.3,4.8,1.18,5.0
TRP0093980,2025-12-18 20:00:00,DXB,Z03,Z14,CPT01249,Go,completed,17.97,2.65,10.6,5.9,5.1,1.13,4.5
TRP0094099,2025-12-20 00:00:00,DXB,Z03,Z11,CPT02552,Go,completed,36.05,13.94,42.3,7.3,6.9,0.98,4.7
TRP0094314,2025-12-22 17:00:00,DXB,Z03,Z10,CPT01117,Business,completed,40.49,4.14,16.4,7.4,6.6,0.99,4.8
TRP0094329,2025-12-22 19:00:00,DXB,Z03,Z12,CPT01755,Go,completed,39.4,14.73,39.1,7.7,7.1,1.03,4.7
TRP0094340,2025-12-22 20:00:00,DXB,Z03,Z04,CPT02012,Go,completed,22.01,6.32,17.8,6.8,4.9,0.97,4.1
TRP0094501,2025-12-25 03:00:00,DXB,Z03,Z14,CPT02246,Go,completed,17.26,3.2,6.3,7.8,6.2,1.02,4.4
TRP0094830,2025-12-28 19:00:00,DXB,Z03,Z15,CPT02492,Go,completed,17.45,3.21,12.5,5.6,7.5,1.03,4.6
TRP0094985,2025-12-31 05:00:00,DXB,Z03,Z14,CPT01511,Go Plus,completed,23.94,3.8,13.4,7.7,6.4,0.98,4.9
TRP0095058,2025-12-31 22:00:00,DXB,Z03,Z11,CPT00674,Go,completed,13.01,1.23,6.7,6.8,6.4,0.98,4.3
TRP0095990,2026-01-11 15:00:00,DXB,Z03,Z04,CPT00004,Business,completed,43.61,5.14,19.2,6.7,6.6,0.98,5.0
TRP0096026,2026-01-11 22:00:00,DXB,Z03,Z14,CPT02111,Go,completed,21.01,3.68,11.5,5.3,11.5,1.18,4.5
TRP0096658,2026-01-19 09:00:00,DXB,Z03,Z02,CPT00103,Go,completed,34.79,12.86,40.6,7.5,7.7,1.0,5.0
TRP0096850,2026-01-22 06:00:00,DXB,Z03,Z07,CPT00308,Go,completed,17.92,3.94,15.0,6.0,5.4,0.98,4.7
TRP0096875,2026-01-22 12:00:00,DXB,Z03,Z08,CPT00151,Business,cancelled_rider,0.0,0.0,0.0,6.0,7.7,1.1,
TRP0096894,2026-01-22 17:00:00,DXB,Z03,Z11,CPT00304,Go Plus,completed,26.89,4.1,16.4,7.0,8.4,1.07,4.0
TRP0097428,2026-01-28 16:00:00,DXB,Z03,Z08,CPT01695,Go,completed,28.79,9.31,36.2,7.3,6.3,1.02,4.3
TRP0097706,2026-01-31 17:00:00,DXB,Z03,Z03,CPT01585,Go,completed,16.08,2.33,10.1,7.1,5.8,1.05,5.0
TRP0097729,2026-01-31 19:00:00,DXB,Z03,Z14,CPT01433,Go,completed,27.17,8.74,28.8,6.5,8.0,1.0,4.7
TRP0097754,2026-02-01 08:00:00,DXB,Z03,Z12,CPT01961,Go,completed,16.07,2.57,8.7,6.2,6.8,1.02,4.9
TRP0097935,2026-02-03 15:00:00,DXB,Z03,Z15,CPT01106,Go Plus,completed,37.62,7.57,29.3,6.8,7.9,1.13,4.7
TRP0098274,2026-02-07 13:00:00,DXB,Z03,Z04,CPT01804,Go,completed,16.68,2.48,11.2,6.5,6.3,1.07,4.4
TRP0098298,2026-02-07 16:00:00,DXB,Z03,Z12,CPT01705,Go,completed,37.73,15.08,32.5,7.0,5.8,0.97,5.0
TRP0098403,2026-02-08 15:00:00,DXB,Z03,Z06,CPT02054,Go,completed,39.89,11.73,35.4,6.9,8.1,1.22,4.8
TRP0098695,2026-02-11 19:00:00,DXB,Z03,Z09,CPT00475,Business,completed,74.72,11.31,32.7,6.4,7.3,1.12,4.6
TRP0098866,2026-02-13 17:00:00,DXB,Z03,Z12,CPT00061,Go Plus,completed,37.94,9.08,26.2,6.1,5.2,1.03,4.5
TRP0099098,2026-02-15 22:00:00,DXB,Z03,Z13,CPT02050,Max,completed,56.27,11.81,31.8,5.3,5.6,0.96,3.7
TRP0099140,2026-02-16 15:00:00,DXB,Z03,Z02,CPT01779,Go,completed,28.55,9.8,24.0,7.3,7.5,0.98,4.1
TRP0099262,2026-02-18 09:00:00,DXB,Z03,Z08,CPT01562,Go Plus,completed,39.94,10.23,26.6,7.5,8.1,1.01,4.2
TRP0099295,2026-02-18 18:00:00,DXB,Z03,Z03,CPT00586,Go,completed,19.13,4.29,16.4,6.7,7.5,1.01,4.6
TRP0099476,2026-02-20 15:00:00,DXB,Z03,Z01,CPT02037,Go,completed,37.6,12.04,34.5,5.5,6.9,1.13,4.2
TRP0099575,2026-02-21 09:00:00,DXB,Z03,Z10,CPT00398,Max,completed,59.56,11.74,23.6,6.5,6.0,1.02,4.5
TRP0099801,2026-02-23 19:00:00,DXB,Z03,Z02,CPT00119,Business,completed,46.42,5.42,23.4,7.1,5.9,1.02,5.0
TRP0099886,2026-02-24 20:00:00,DXB,Z03,Z03,CPT01594,Business,completed,52.47,7.5,23.4,6.4,6.8,0.99,4.7
TRP0099897,2026-02-24 21:00:00,DXB,Z03,Z07,CPT01001,Go Plus,completed,59.8,18.85,46.8,6.9,8.3,1.0,4.3
TRP0100175,2026-02-27 19:00:00,DXB,Z03,Z05,CPT02444,Go Plus,completed,43.23,12.37,37.9,7.3,6.0,0.97,4.7
TRP0100636,2026-03-05 07:00:00,DXB,Z03,Z09,CPT00898,Go Plus,completed,44.49,10.01,24.7,5.9,8.4,1.14,4.4
TRP0100664,2026-03-05 11:00:00,DXB,Z03,Z02,CPT00553,Business,completed,44.78,5.6,21.2,7.4,5.7,0.97,4.6
TRP0100681,2026-03-05 14:00:00,DXB,Z03,Z09,CPT00671,Go,completed,36.11,10.32,27.5,5.3,6.6,1.2,4.6
TRP0100998,2026-03-07 23:00:00,DXB,Z03,Z11,CPT01070,Go,completed,19.31,4.6,17.3,7.8,9.0,0.99,5.0
TRP0101184,2026-03-10 07:00:00,DXB,Z03,Z05,CPT02211,Go,completed,55.23,16.17,45.3,7.6,8.6,1.35,3.9
TRP0101243,2026-03-10 20:00:00,DXB,Z03,Z02,CPT00600,Go,completed,23.39,6.21,19.0,6.0,7.2,1.04,5.0
TRP0101312,2026-03-11 17:00:00,DXB,Z03,Z15,CPT01772,Go Plus,completed,38.56,9.49,28.8,6.5,6.2,1.02,4.8
TRP0101476,2026-03-13 12:00:00,DXB,Z03,Z05,CPT00717,Go,completed,56.05,19.73,56.5,5.9,6.1,1.18,4.5
TRP0101715,2026-03-15 14:00:00,DXB,Z03,Z10,CPT01314,Go,completed,24.23,7.42,20.2,7.5,6.2,0.98,4.7
TRP0102114,2026-03-19 18:00:00,DXB,Z03,Z13,CPT02589,Go,completed,23.64,6.58,18.2,6.5,4.5,1.02,4.7
TRP0102693,2026-03-24 22:00:00,DXB,Z03,Z14,CPT01021,Business,completed,102.14,13.64,41.1,7.0,8.9,1.36,4.8
TRP0102694,2026-03-24 23:00:00,DXB,Z03,Z15,CPT00733,Go Plus,completed,23.37,3.45,14.0,6.1,4.6,0.99,4.5
TRP0103012,2026-03-28 07:00:00,DXB,Z03,Z06,CPT00432,Max,completed,52.62,10.05,24.7,7.3,7.7,0.99,4.9
TRP0103068,2026-03-28 16:00:00,DXB,Z03,Z08,CPT01392,Go,completed,27.14,8.87,19.1,7.7,7.0,0.99,4.5
TRP0103211,2026-03-29 17:00:00,DXB,Z03,Z02,CPT01926,Business,completed,37.09,3.08,10.6,6.6,6.7,1.0,4.5
TRP0103287,2026-03-30 14:00:00,DXB,Z03,Z12,CPT02238,Go,completed,37.76,14.67,33.7,7.8,7.5,0.99,4.9
TRP0103553,2026-04-02 09:00:00,DXB,Z03,Z15,CPT01618,Go Plus,completed,38.37,9.41,30.9,6.2,5.9,1.02,4.6
TRP0103648,2026-04-03 11:00:00,DXB,Z03,Z03,CPT00246,Business,completed,129.86,28.85,98.6,6.4,5.5,1.0,4.3
TRP0103658,2026-04-03 13:00:00,DXB,Z03,Z11,CPT00805,Go,completed,20.02,4.36,13.6,6.8,10.8,1.05,4.6
TRP0103703,2026-04-03 20:00:00,DXB,Z03,Z08,CPT01269,Go,completed,26.71,8.21,20.5,7.4,7.4,1.02,4.7
TRP0103745,2026-04-04 09:00:00,DXB,Z03,Z06,CPT01203,Go,completed,17.35,3.72,13.9,7.9,6.2,0.97,4.8
TRP0103927,2026-04-05 19:00:00,DXB,Z03,Z01,CPT01341,Max,completed,50.01,9.2,29.5,7.0,6.6,0.99,4.3
TRP0104242,2026-04-09 14:00:00,DXB,Z03,Z13,CPT01357,Go,completed,24.08,6.69,15.5,7.6,7.8,1.03,5.0
TRP0104549,2026-04-11 20:00:00,DXB,Z03,Z10,CPT01162,Go Plus,completed,23.26,3.3,9.9,6.1,7.0,1.0,4.8
TRP0104652,2026-04-13 05:00:00,DXB,Z03,Z01,CPT01380,Go Plus,completed,21.87,2.71,10.7,5.9,7.2,1.0,4.4
TRP0104726,2026-04-13 22:00:00,DXB,Z03,Z07,CPT02188,Go Plus,completed,32.91,5.69,19.2,7.2,7.4,1.14,4.3
TRP0104892,2026-04-16 06:00:00,DXB,Z03,Z06,CPT01539,Go,completed,34.58,12.38,34.6,7.5,5.7,1.02,5.0
TRP0105607,2026-04-22 18:00:00,DXB,Z03,Z08,CPT01920,Go,completed,28.06,9.22,31.2,6.7,6.7,1.0,4.5
TRP0105815,2026-04-24 18:00:00,DXB,Z03,Z04,CPT02219,Go Plus,completed,56.21,17.81,52.8,6.4,5.9,0.98,4.8
TRP0106283,2026-04-28 20:00:00,DXB,Z03,Z11,CPT02095,Go Plus,completed,35.36,8.45,23.7,6.1,7.0,1.0,4.5
TRP0106653,2026-05-02 09:00:00,DXB,Z03,Z14,CPT01244,Go Plus,completed,35.62,8.56,28.1,6.9,6.8,1.0,4.6
TRP0106695,2026-05-02 14:00:00,DXB,Z03,Z03,CPT02179,Business,completed,72.31,11.55,36.2,6.9,6.5,1.07,5.0
TRP0107111,2026-05-06 15:00:00,DXB,Z03,Z08,CPT01044,Go Plus,completed,27.66,5.06,13.3,7.4,7.3,1.01,4.6
TRP0107187,2026-05-07 11:00:00,DXB,Z03,Z10,CPT02040,Go,completed,18.72,3.88,14.5,6.4,7.7,1.03,5.0
TRP0107420,2026-05-09 13:00:00,DXB,Z03,Z12,CPT01880,Go,completed,29.92,8.89,27.1,6.8,8.7,1.09,4.7
TRP0107733,2026-05-12 09:00:00,DXB,Z03,Z03,CPT00832,Go,completed,45.81,8.62,23.6,6.2,12.4,1.7,4.4
TRP0107873,2026-05-13 17:00:00,DXB,Z03,Z12,CPT00707,Business,completed,89.37,16.42,34.0,7.1,7.4,1.05,5.0
TRP0108070,2026-05-15 15:00:00,DXB,Z03,Z10,CPT02234,Go Plus,completed,49.62,10.03,32.6,7.2,10.1,1.27,4.6
TRP0108475,2026-05-19 06:00:00,DXB,Z03,Z08,CPT02009,Business,cancelled_rider,0.0,0.0,0.0,7.0,7.3,1.28,
TRP0108619,2026-05-20 18:00:00,DXB,Z03,Z07,CPT00380,Go,completed,35.91,12.9,33.9,6.4,5.0,1.03,4.4
TRP0109046,2026-05-24 14:00:00,DXB,Z03,Z15,CPT00611,Go,completed,32.08,11.57,37.1,6.5,6.0,0.99,4.6
TRP0109117,2026-05-25 08:00:00,DXB,Z03,Z14,CPT00630,Go,completed,20.82,5.09,18.4,6.2,4.8,1.02,4.6
TRP0109238,2026-05-26 11:00:00,DXB,Z03,Z10,CPT02383,Business,completed,43.77,3.73,14.7,6.8,6.8,1.11,4.4
TRP0109316,2026-05-27 08:00:00,DXB,Z03,Z05,CPT01078,Go,completed,24.73,5.78,20.1,6.7,6.1,1.14,4.8
TRP0109395,2026-05-27 23:00:00,DXB,Z03,Z06,CPT00279,Go,completed,26.26,8.25,21.0,5.5,9.0,1.0,4.4
TRP0109477,2026-05-28 18:00:00,DXB,Z03,Z10,CPT02497,Go,completed,17.64,3.05,14.0,7.2,5.8,1.06,4.8
TRP0109481,2026-05-28 18:00:00,DXB,Z03,Z09,CPT00789,Business,completed,55.84,7.41,18.7,6.6,8.5,1.06,4.1
TRP0109509,2026-05-28 22:00:00,DXB,Z03,Z09,CPT01162,Go,completed,18.72,4.38,12.7,7.3,7.6,0.98,3.9
TRP0109921,2026-06-01 17:00:00,DXB,Z03,Z13,CPT00220,Business,completed,92.89,17.12,59.4,6.0,8.1,1.06,4.7
TRP0109944,2026-06-01 20:00:00,DXB,Z03,Z03,CPT00442,Max,completed,34.42,2.73,11.1,7.3,7.9,1.13,4.6
TRP0110055,2026-06-03 02:00:00,DXB,Z03,Z07,CPT02567,Go,completed,21.36,5.6,15.1,6.8,6.9,1.0,4.3
TRP0110992,2026-06-11 15:00:00,DXB,Z03,Z12,CPT01321,Go,completed,31.11,8.55,23.0,7.5,7.7,1.16,4.4
TRP0110994,2026-06-11 15:00:00,DXB,Z03,Z07,CPT00102,Go Plus,completed,29.07,4.07,13.4,7.8,9.1,1.16,4.5
TRP0111007,2026-06-11 17:00:00,DXB,Z03,Z13,CPT00245,Go,completed,25.64,8.34,17.8,5.8,6.4,0.97,5.0
TRP0111074,2026-06-12 10:00:00,DXB,Z03,Z15,CPT00779,Go,completed,33.65,8.49,29.2,5.6,7.8,1.26,5.0
TRP0111161,2026-06-12 20:00:00,DXB,Z03,Z05,CPT00057,Go Plus,completed,28.54,4.65,17.6,5.7,8.2,1.08,4.1
TRP0111279,2026-06-13 18:00:00,DXB,Z03,Z08,CPT00464,Go,completed,20.14,4.94,22.1,6.8,5.6,1.0,5.0
TRP0111448,2026-06-15 06:00:00,DXB,Z03,Z06,CPT00632,Go Plus,completed,43.02,11.71,35.3,7.1,7.3,1.0,4.5
TRP0111785,2026-06-18 20:00:00,DXB,Z03,Z13,CPT02147,Go Plus,completed,48.03,11.49,32.0,6.8,6.0,1.13,4.8
TRP0111795,2026-06-18 21:00:00,DXB,Z03,Z13,CPT01403,Go,completed,35.63,12.75,29.6,6.9,8.4,1.03,4.9
TRP0111826,2026-06-19 07:00:00,DXB,Z03,Z14,CPT00452,Business,completed,38.64,3.73,14.9,7.9,6.4,0.98,4.9
TRP0111923,2026-06-19 22:00:00,DXB,Z03,Z08,CPT02552,Go Plus,completed,43.17,12.15,41.6,7.6,9.1,0.98,5.0
TRP0112341,2026-06-23 20:00:00,DXB,Z03,Z07,CPT00130,Go Plus,completed,34.93,8.42,25.0,7.3,5.3,0.99,4.8
TRP0112373,2026-06-24 07:00:00,DXB,Z03,Z07,CPT01557,Go,completed,28.44,8.03,19.5,6.7,7.6,1.1,4.7
TRP0112779,2026-06-27 18:00:00,DXB,Z03,Z07,CPT00695,Go,completed,15.18,2.34,8.9,7.8,7.7,0.99,5.0
TRP0113302,2025-07-03 13:00:00,DXB,Z04,Z08,CPT01070,Go,completed,22.86,6.29,19.0,1.8,5.6,1.01,4.4
TRP0113514,2025-07-06 08:00:00,DXB,Z04,Z09,CPT00814,Go Plus,completed,17.55,0.8,4.4,1.5,7.2,1.01,4.5
TRP0113958,2025-07-12 14:00:00,DXB,Z04,Z15,CPT02449,Max,completed,35.41,4.56,17.2,2.0,7.6,0.98,4.2
TRP0114020,2025-07-13 07:00:00,DXB,Z04,Z06,CPT01269,Business,completed,64.07,9.41,26.6,2.0,6.1,1.07,4.7
TRP0114145,2025-07-14 19:00:00,DXB,Z04,Z12,CPT00758,Go,completed,28.94,9.7,30.6,1.8,4.8,1.0,4.8
TRP0114246,2025-07-16 14:00:00,DXB,Z04,Z12,CPT01024,Go Plus,completed,36.02,5.57,17.1,1.6,8.4,1.26,4.5
TRP0114341,2025-07-18 07:00:00,DXB,Z04,Z14,CPT01313,Go Plus,completed,37.3,6.63,15.3,2.5,8.2,1.2,4.8
TRP0114387,2025-07-18 18:00:00,DXB,Z04,Z13,CPT01595,Go Plus,cancelled_rider,0.0,0.0,0.0,2.1,7.1,0.98,
TRP0114711,2025-07-23 07:00:00,DXB,Z04,Z06,CPT01861,Go Plus,cancelled_rider,0.0,0.0,0.0,2.0,6.3,0.99,
TRP0114741,2025-07-23 16:00:00,DXB,Z04,Z02,CPT01200,Go,completed,22.19,6.17,18.3,2.0,6.1,0.99,4.7
TRP0114820,2025-07-24 18:00:00,DXB,Z04,Z03,CPT02504,Go,completed,21.46,5.89,21.8,1.8,6.3,0.98,4.1
TRP0115003,2025-07-26 21:00:00,DXB,Z04,Z14,CPT01879,Max,completed,67.35,14.85,46.3,1.8,4.9,0.99,4.7
TRP0115319,2025-07-31 18:00:00,DXB,Z04,Z06,CPT02013,Go,completed,20.06,4.79,12.0,2.0,7.2,1.01,4.5
TRP0115473,2025-08-02 15:00:00,DXB,Z04,Z05,CPT00751,Business,completed,65.61,9.05,21.2,1.8,5.8,1.12,5.0
TRP0115512,2025-08-03 07:00:00,DXB,Z04,Z15,CPT02407,Go Plus,cancelled_rider,0.0,0.0,0.0,1.8,7.2,1.11,
TRP0115845,2025-08-08 09:00:00,DXB,Z04,Z11,CPT01264,Go Plus,completed,23.57,3.64,11.0,1.7,6.1,0.98,4.6
TRP0116030,2025-08-10 10:00:00,DXB,Z04,Z07,CPT00456,Go,completed,17.69,3.52,13.5,2.2,6.2,1.01,4.8
TRP0116365,2025-08-15 18:00:00,DXB,Z04,Z06,CPT00566,Go,completed,23.57,5.43,15.7,2.2,6.9,1.12,5.0
TRP0116431,2025-08-16 14:00:00,DXB,Z04,Z01,CPT00073,Go,completed,24.5,7.04,23.5,1.9,6.1,1.02,4.6
TRP0116624,2025-08-19 11:00:00,DXB,Z04,Z15,CPT01839,Go,completed,18.05,2.69,12.3,2.0,5.2,1.13,4.4
TRP0117067,2025-08-24 23:00:00,DXB,Z04,Z10,CPT02439,Go Plus,completed,31.76,6.4,21.9,1.8,5.7,1.04,4.4
TRP0117498,2025-08-30 23:00:00,DXB,Z04,Z15,CPT00957,Go,completed,15.67,2.61,11.0,1.6,6.6,0.99,4.4
TRP0117556,2025-08-31 18:00:00,DXB,Z04,Z09,CPT00008,Go,completed,18.45,3.83,12.5,2.1,5.7,1.02,4.4
TRP0117558,2025-08-31 18:00:00,DXB,Z04,Z04,CPT00239,Business,completed,35.15,2.35,12.0,2.0,5.9,1.02,4.5
TRP0117821,2025-09-04 18:00:00,DXB,Z04,Z01,CPT02145,Business,completed,48.44,6.37,16.2,1.9,7.4,0.99,4.2
TRP0118193,2025-09-09 16:00:00,DXB,Z04,Z08,CPT02219,Go,completed,32.85,9.36,28.5,2.1,7.7,1.16,4.6
TRP0118286,2025-09-11 06:00:00,DXB,Z04,Z04,CPT00160,Go Plus,completed,28.42,3.74,12.5,2.0,6.8,1.17,4.8
TRP0118297,2025-09-11 08:00:00,DXB,Z04,Z02,CPT02486,Go,completed,25.81,7.6,28.7,1.9,6.8,1.03,4.8
TRP0118833,2025-09-18 14:00:00,DXB,Z04,Z04,CPT00360,Go,cancelled_rider,0.0,0.0,0.0,2.0,6.1,1.02,
TRP0118969,2025-09-20 08:00:00,DXB,Z04,Z07,CPT00536,Go,completed,21.3,5.8,14.8,2.2,4.4,0.98,4.7
TRP0119329,2025-09-25 15:00:00,DXB,Z04,Z08,CPT00736,Max,completed,50.91,7.06,18.9,2.3,5.7,1.16,4.2
TRP0119361,2025-09-26 03:00:00,DXB,Z04,Z03,CPT00433,Go,completed,42.92,17.49,43.0,2.4,5.0,0.99,4.2
TRP0119589,2025-09-28 17:00:00,DXB,Z04,Z13,CPT02553,Go Plus,completed,36.23,7.68,23.6,1.8,6.5,1.08,4.3
TRP0119600,2025-09-28 18:00:00,DXB,Z04,Z14,CPT01823,Business,completed,36.84,2.81,9.5,1.9,6.4,1.02,4.5
TRP0119717,2025-09-30 09:00:00,DXB,Z04,Z09,CPT01059,Max,completed,32.25,3.52,12.3,1.9,7.5,0.98,4.2
TRP0120238,2025-10-07 16:00:00,DXB,Z04,Z03,CPT02075,Go Plus,completed,56.13,13.31,39.9,2.1,5.6,1.2,4.5
TRP0120605,2025-10-11 19:00:00,DXB,Z04,Z12,CPT01724,Go Plus,completed,30.22,4.49,19.6,1.8,4.6,1.16,4.9
TRP0120638,2025-10-12 11:00:00,DXB,Z04,Z10,CPT00180,Max,completed,69.59,9.41,28.9,2.1,7.4,1.36,4.6
TRP0120831,2025-10-15 11:00:00,DXB,Z04,Z15,CPT01847,Business,completed,41.42,3.84,14.4,1.9,6.0,1.04,4.3
TRP0121056,2025-10-17 23:00:00,DXB,Z04,Z06,CPT00014,Go,cancelled_rider,0.0,0.0,0.0,2.1,4.5,0.98,
TRP0121161,2025-10-19 08:00:00,DXB,Z04,Z14,CPT00593,Go,cancelled_rider,0.0,0.0,0.0,2.2,4.0,1.03,
TRP0121555,2025-10-24 15:00:00,DXB,Z04,Z03,CPT00860,Go,completed,95.98,23.2,62.5,1.7,8.9,1.78,4.4
TRP0121712,2025-10-26 10:00:00,DXB,Z04,Z11,CPT00799,Go Plus,completed,31.12,7.49,16.8,2.4,4.8,0.94,4.6
TRP0121723,2025-10-26 14:00:00,DXB,Z04,Z10,CPT00359,Go,completed,45.28,11.79,32.7,2.0,10.3,1.38,4.7
TRP0121933,2025-10-30 07:00:00,DXB,Z04,Z14,CPT02489,Go,completed,22.2,6.3,26.4,1.9,5.3,0.98,4.5
TRP0122086,2025-10-31 19:00:00,DXB,Z04,Z02,CPT02054,Go,completed,22.47,6.08,18.3,2.2,6.0,1.01,4.0
TRP0122260,2025-11-03 07:00:00,DXB,Z04,Z13,CPT01213,Go,completed,24.54,3.88,10.8,2.0,9.0,1.35,4.5
TRP0122265,2025-11-03 08:00:00,DXB,Z04,Z06,CPT01895,Go Plus,completed,50.4,14.43,38.9,1.8,6.3,1.02,5.0
TRP0122280,2025-11-03 12:00:00,DXB,Z04,Z15,CPT01199,Go Plus,completed,31.86,4.08,13.7,1.8,6.4,1.27,4.8
TRP0122303,2025-11-03 19:00:00,DXB,Z04,Z01,CPT00201,Go,completed,35.56,13.47,26.1,1.9,6.4,0.99,4.6
TRP0122358,2025-11-04 18:00:00,DXB,Z04,Z11,CPT01823,Go Plus,completed,41.29,10.8,22.7,2.3,5.4,1.01,4.6
TRP0122521,2025-11-07 07:00:00,DXB,Z04,Z15,CPT02574,Business,completed,48.41,3.45,11.9,2.2,7.2,1.26,4.3
TRP0122585,2025-11-07 19:00:00,DXB,Z04,Z02,CPT01442,Business,completed,106.97,15.12,41.8,1.9,8.5,1.33,4.1
TRP0122857,2025-11-11 09:00:00,DXB,Z04,Z02,CPT02303,Business,completed,35.35,2.31,8.9,1.7,6.8,1.03,4.4
TRP0122928,2025-11-12 08:00:00,DXB,Z04,Z02,CPT02013,Go,completed,23.04,4.7,14.6,1.8,4.9,1.17,4.4
TRP0123246,2025-11-16 15:00:00,DXB,Z04,Z14,CPT01124,Go Plus,completed,44.17,12.39,40.4,2.0,6.6,0.99,4.3
TRP0123440,2025-11-19 06:00:00,DXB,Z04,Z02,CPT00348,Go,completed,14.13,1.93,8.2,2.2,4.8,0.97,5.0
TRP0123501,2025-11-19 18:00:00,DXB,Z04,Z02,CPT02440,Go Plus,completed,43.58,11.95,37.3,2.4,4.5,1.0,4.6
TRP0123513,2025-11-19 20:00:00,DXB,Z04,Z01,CPT00783,Go,completed,21.04,4.3,14.3,1.7,7.7,1.11,4.7
TRP0123663,2025-11-21 18:00:00,DXB,Z04,Z05,CPT02395,Go,completed,18.45,3.83,13.1,1.6,4.8,1.02,4.7
TRP0123728,2025-11-22 13:00:00,DXB,Z04,Z05,CPT00901,Go,completed,19.07,2.94,15.1,2.5,8.2,1.16,4.9
TRP0124044,2025-11-27 07:00:00,DXB,Z04,Z03,CPT01360,Go,completed,26.19,8.8,22.5,1.7,4.6,0.96,4.5
TRP0124549,2025-12-04 08:00:00,DXB,Z04,Z08,CPT00248,Go,completed,16.57,2.27,9.4,1.8,6.0,1.09,4.7
TRP0124859,2025-12-08 07:00:00,DXB,Z04,Z05,CPT00815,Go Plus,completed,32.88,6.99,20.7,1.8,4.8,1.03,5.0
TRP0124981,2025-12-10 00:00:00,DXB,Z04,Z11,CPT01954,Go,completed,18.07,4.02,13.6,2.0,5.8,0.98,4.8
TRP0125140,2025-12-12 08:00:00,DXB,Z04,Z03,CPT01359,Go,completed,19.16,4.41,13.7,1.8,5.9,1.0,5.0
TRP0125529,2025-12-17 18:00:00,DXB,Z04,Z10,CPT02403,Go,completed,31.16,10.73,35.7,2.5,5.7,1.01,4.7
TRP0125536,2025-12-17 18:00:00,DXB,Z04,Z06,CPT01416,Go Plus,completed,42.36,11.25,36.9,2.0,4.9,1.01,4.5
TRP0125912,2025-12-22 08:00:00,DXB,Z04,Z03,CPT01244,Go,completed,17.83,3.89,11.9,1.7,6.4,0.98,4.5
TRP0126126,2025-12-25 07:00:00,DXB,Z04,Z06,CPT00206,Go,completed,26.69,8.48,30.6,1.7,6.6,1.0,4.2
TRP0126171,2025-12-25 17:00:00,DXB,Z04,Z06,CPT00632,Go,completed,21.09,5.34,18.0,2.2,6.6,1.01,4.7
TRP0126590,2025-12-30 20:00:00,DXB,Z04,Z02,CPT01307,Go,cancelled_rider,0.0,0.0,0.0,1.5,6.4,1.2,
TRP0126782,2026-01-02 12:00:00,DXB,Z04,Z08,CPT02064,Business,completed,52.6,7.39,19.1,2.0,6.8,1.0,4.4
TRP0126873,2026-01-03 08:00:00,DXB,Z04,Z07,CPT02059,Go,completed,22.53,6.23,16.0,2.1,7.3,1.0,4.4
TRP0126878,2026-01-03 08:00:00,DXB,Z04,Z07,CPT01454,Go Plus,completed,31.6,6.85,16.6,2.0,7.1,1.0,4.4
TRP0127044,2026-01-05 08:00:00,DXB,Z04,Z10,CPT02416,Business,completed,58.18,7.47,24.9,1.8,6.2,1.1,4.6
TRP0127069,2026-01-05 16:00:00,DXB,Z04,Z11,CPT02099,Go Plus,completed,31.02,3.11,11.6,2.3,9.0,1.36,4.7
TRP0127340,2026-01-09 18:00:00,DXB,Z04,Z10,CPT02257,Max,completed,58.11,10.1,31.1,2.1,6.2,1.09,4.4
TRP0127409,2026-01-10 11:00:00,DXB,Z04,Z03,CPT00996,Go Plus,cancelled_rider,0.0,0.0,0.0,2.2,6.7,1.01,
TRP0127579,2026-01-12 11:00:00,DXB,Z04,Z08,CPT00023,Go Plus,completed,46.05,11.22,35.5,2.1,7.0,1.1,4.4
TRP0127668,2026-01-13 22:00:00,DXB,Z04,Z11,CPT00008,Max,completed,27.55,1.79,8.9,1.9,5.9,1.0,4.6
TRP0127960,2026-01-17 16:00:00,DXB,Z04,Z05,CPT00979,Go,completed,31.33,10.82,33.7,2.3,6.1,1.01,3.8
TRP0128178,2026-01-20 09:00:00,DXB,Z04,Z15,CPT01837,Go,completed,22.88,6.3,17.0,2.0,5.0,1.01,4.6
TRP0128281,2026-01-22 00:00:00,DXB,Z04,Z03,CPT00779,Max,completed,94.42,23.06,57.6,2.0,5.6,1.01,4.4
TRP0128401,2026-01-23 10:00:00,DXB,Z04,Z11,CPT00084,Go Plus,completed,33.82,8.24,26.1,1.8,5.5,0.97,4.6
TRP0128465,2026-01-23 18:00:00,DXB,Z04,Z13,CPT01264,Go,completed,19.43,4.25,15.6,2.0,4.6,1.03,5.0
TRP0128644,2026-01-26 05:00:00,DXB,Z04,Z15,CPT02032,Go,completed,15.44,2.4,8.5,1.8,6.6,1.0,4.8
TRP0128974,2026-01-30 18:00:00,DXB,Z04,Z07,CPT02135,Go Plus,completed,32.31,7.58,22.9,1.9,5.2,0.97,4.8
TRP0129253,2026-02-02 19:00:00,DXB,Z04,Z04,CPT00086,Go Plus,completed,25.36,2.79,10.5,2.0,6.7,1.15,4.9
TRP0129294,2026-02-03 15:00:00,DXB,Z04,Z14,CPT01933,Business,completed,37.14,3.2,10.5,2.4,6.4,0.99,4.2
TRP0129594,2026-02-07 09:00:00,DXB,Z04,Z13,CPT02171,Go,completed,31.33,11.16,38.3,2.1,8.8,0.99,4.4
TRP0129595,2026-02-07 09:00:00,DXB,Z04,Z15,CPT01694,Go,completed,19.86,4.9,16.0,2.1,5.8,0.99,4.5
TRP0129674,2026-02-08 06:00:00,DXB,Z04,Z09,CPT00103,Go Plus,completed,40.46,10.45,29.1,2.0,5.4,1.01,4.5
TRP0129866,2026-02-10 19:00:00,DXB,Z04,Z03,CPT00494,Go,completed,22.18,4.13,14.2,1.9,7.2,1.19,4.6
TRP0130220,2026-02-15 06:00:00,DXB,Z04,Z09,CPT01744,Go,completed,41.41,13.35,39.5,1.9,6.7,1.16,4.7
TRP0130274,2026-02-15 17:00:00,DXB,Z04,Z06,CPT00733,Max,completed,30.52,2.65,12.8,2.3,4.5,1.01,4.7
TRP0130447,2026-02-18 05:00:00,DXB,Z04,Z15,CPT02430,Go,completed,24.56,7.07,21.3,2.0,6.8,1.02,4.8
TRP0130772,2026-02-21 17:00:00,DXB,Z04,Z14,CPT00906,Go Plus,completed,26.17,4.01,16.0,2.1,5.9,1.05,4.9
TRP0130822,2026-02-22 07:00:00,DXB,Z04,Z05,CPT00036,Go,completed,17.11,2.31,7.8,1.8,6.4,1.12,4.7
TRP0131021,2026-02-24 15:00:00,DXB,Z04,Z13,CPT02411,Go,completed,12.85,0.8,6.0,2.3,7.6,1.03,4.4
TRP0131213,2026-02-26 23:00:00,DXB,Z04,Z12,CPT00812,Go Plus,completed,25.6,3.88,15.3,2.0,5.7,1.04,4.7
TRP0131364,2026-02-28 12:00:00,DXB,Z04,Z07,CPT00906,Go Plus,cancelled_rider,0.0,0.0,0.0,2.2,7.8,1.17,
TRP0131921,2026-03-06 17:00:00,DXB,Z04,Z07,CPT02489,Go,completed,16.27,2.59,12.3,2.1,6.9,1.03,4.7
TRP0132009,2026-03-07 16:00:00,DXB,Z04,Z06,CPT01115,Go,completed,26.32,8.28,25.3,2.1,5.4,1.0,3.9
TRP0132049,2026-03-08 06:00:00,DXB,Z04,Z12,CPT00736,Go,completed,27.96,6.97,18.2,1.8,6.6,1.17,4.9
TRP0132143,2026-03-09 13:00:00,DXB,Z04,Z12,CPT00501,Go Plus,completed,27.58,5.26,17.0,1.9,4.0,0.99,4.6
TRP0132220,2026-03-10 10:00:00,DXB,Z04,Z07,CPT01536,Go,completed,19.33,4.4,13.5,1.9,6.1,1.01,4.2
TRP0132263,2026-03-10 21:00:00,DXB,Z04,Z06,CPT02042,Go,completed,61.68,13.9,33.6,1.9,10.1,1.68,4.5
TRP0132418,2026-03-12 22:00:00,DXB,Z04,Z03,CPT02037,Go Plus,completed,32.35,7.17,17.9,2.1,3.1,1.0,4.5
TRP0132478,2026-03-13 17:00:00,DXB,Z04,Z04,CPT02009,Go,completed,26.15,7.02,24.7,1.9,7.2,1.09,4.5
TRP0132758,2026-03-16 18:00:00,DXB,Z04,Z13,CPT01094,Go,completed,28.4,8.96,22.0,2.1,6.0,1.03,4.7
TRP0132900,2026-03-18 11:00:00,DXB,Z04,Z11,CPT02403,Business,completed,55.73,6.98,24.4,2.0,7.4,1.09,4.6
TRP0133126,2026-03-20 21:00:00,DXB,Z04,Z13,CPT00425,Go Plus,completed,35.92,8.54,19.3,2.2,5.4,1.01,4.5
TRP0133240,2026-03-22 06:00:00,DXB,Z04,Z11,CPT02576,Go,completed,28.43,7.3,17.1,2.2,6.5,1.16,4.4
TRP0133270,2026-03-22 15:00:00,DXB,Z04,Z14,CPT01346,Max,completed,54.24,8.25,26.5,1.7,6.8,1.14,4.5
TRP0133340,2026-03-23 10:00:00,DXB,Z04,Z10,CPT02174,Go,completed,21.31,5.81,16.9,2.0,4.5,0.98,5.0
TRP0133511,2026-03-25 11:00:00,DXB,Z04,Z05,CPT01819,Go,completed,37.54,10.55,23.1,1.7,7.5,1.23,4.4
TRP0133655,2026-03-27 00:00:00,DXB,Z04,Z05,CPT00578,Go,completed,16.25,2.84,11.6,2.0,5.3,1.0,4.4
TRP0133864,2026-03-29 00:00:00,DXB,Z04,Z04,CPT01412,Go Plus,completed,25.57,4.62,10.6,1.9,6.6,0.97,5.0
TRP0133948,2026-03-29 22:00:00,DXB,Z04,Z15,CPT00937,Business,completed,69.85,12.18,37.7,2.2,7.6,1.0,4.7
TRP0134144,2026-04-01 10:00:00,DXB,Z04,Z03,CPT02065,Go,completed,14.61,1.95,10.7,1.8,5.2,1.0,4.5
TRP0134158,2026-04-01 13:00:00,DXB,Z04,Z01,CPT00980,Go,completed,29.94,6.6,19.8,1.9,7.5,1.29,4.1
TRP0135030,2026-04-11 07:00:00,DXB,Z04,Z05,CPT01583,Go Plus,completed,28.48,4.13,16.8,2.2,4.2,1.13,4.9
TRP0135232,2026-04-13 07:00:00,DXB,Z04,Z02,CPT00285,Go,cancelled_rider,0.0,0.0,0.0,1.9,7.5,1.15,
TRP0135247,2026-04-13 10:00:00,DXB,Z04,Z13,CPT02170,Go,completed,17.18,3.53,14.7,1.8,6.7,0.98,4.7
TRP0135780,2026-04-18 16:00:00,DXB,Z04,Z13,CPT00023,Business,completed,37.99,3.33,10.0,2.3,6.3,1.0,4.8
TRP0135909,2026-04-19 18:00:00,DXB,Z04,Z04,CPT02490,Go Plus,completed,35.24,8.25,26.0,2.2,5.0,1.01,4.5
TRP0135955,2026-04-20 09:00:00,DXB,Z04,Z09,CPT00354,Go Plus,completed,37.97,9.56,20.3,1.9,5.8,1.0,4.7
TRP0136234,2026-04-23 13:00:00,DXB,Z04,Z13,CPT01148,Go,completed,25.94,7.28,22.8,1.5,6.6,1.06,4.9
TRP0136417,2026-04-25 08:00:00,DXB,Z04,Z07,CPT01709,Go,completed,15.35,0.8,5.8,1.8,9.1,1.23,4.3
TRP0136653,2026-04-27 13:00:00,DXB,Z04,Z07,CPT00251,Business,completed,77.64,14.13,31.4,1.7,5.5,1.01,4.1
TRP0136661,2026-04-27 15:00:00,DXB,Z04,Z13,CPT02424,Go,completed,20.12,4.93,15.5,2.2,5.3,1.0,4.6
TRP0136841,2026-04-29 12:00:00,DXB,Z04,Z14,CPT02571,Go,completed,22.86,4.44,15.6,2.1,7.1,1.19,4.3
TRP0137004,2026-05-01 05:00:00,DXB,Z04,Z09,CPT01830,Go,completed,25.56,7.6,26.5,1.9,5.9,1.02,5.0
TRP0137075,2026-05-01 16:00:00,DXB,Z04,Z09,CPT00833,Max,completed,42.54,4.94,14.7,2.0,6.9,1.14,5.0
TRP0137496,2026-05-05 13:00:00,DXB,Z04,Z12,CPT01007,Go,completed,40.83,13.08,32.9,1.9,8.5,1.16,4.5
TRP0137679,2026-05-07 17:00:00,DXB,Z04,Z05,CPT01916,Go,completed,24.88,6.28,15.2,2.1,6.1,1.1,3.8
TRP0137752,2026-05-08 10:00:00,DXB,Z04,Z01,CPT01235,Go,completed,42.27,15.21,25.0,2.3,6.9,1.08,4.0
TRP0137913,2026-05-09 18:00:00,DXB,Z04,Z01,CPT01864,Go,completed,33.77,10.8,30.0,1.5,6.2,1.09,4.1
TRP0138069,2026-05-11 11:00:00,DXB,Z04,Z08,CPT01355,Go,completed,31.6,8.41,27.5,2.1,8.8,1.19,4.6
TRP0138249,2026-05-13 10:00:00,DXB,Z04,Z01,CPT01994,Go Plus,completed,25.39,4.21,15.1,2.1,6.7,1.0,4.4
TRP0138364,2026-05-14 16:00:00,DXB,Z04,Z03,CPT00727,Go,completed,36.58,11.25,45.1,2.0,8.8,1.15,3.9
TRP0138375,2026-05-14 18:00:00,DXB,Z04,Z12,CPT02286,Go,completed,22.17,6.28,20.2,2.2,6.3,0.98,4.8
TRP0138554,2026-05-16 10:00:00,DXB,Z04,Z13,CPT00739,Go Plus,completed,47.1,11.3,37.6,2.1,7.8,1.12,4.8
TRP0139017,2026-05-21 06:00:00,DXB,Z04,Z14,CPT00070,Go,completed,21.33,5.47,15.7,2.2,5.0,1.01,4.5
TRP0139049,2026-05-21 10:00:00,DXB,Z04,Z07,CPT00733,Business,completed,46.72,6.02,19.7,1.8,5.6,0.98,4.2
TRP0139322,2026-05-23 18:00:00,DXB,Z04,Z14,CPT00603,Business,completed,50.9,7.06,27.4,1.8,3.9,0.99,5.0
TRP0139680,2026-05-27 16:00:00,DXB,Z04,Z02,CPT01775,Business,completed,53.92,7.32,17.6,2.0,5.8,1.03,4.4
TRP0139887,2026-05-29 14:00:00,DXB,Z04,Z03,CPT01228,Go,completed,16.89,2.92,12.6,2.1,7.3,1.03,4.6
TRP0139958,2026-05-30 06:00:00,DXB,Z04,Z04,CPT00246,Go,completed,18.66,4.45,17.3,1.8,4.7,0.97,4.4
TRP0139974,2026-05-30 08:00:00,DXB,Z04,Z02,CPT02061,Go Plus,completed,48.15,12.03,38.2,2.0,6.2,1.1,4.7
TRP0140212,2026-06-01 16:00:00,DXB,Z04,Z01,CPT00326,Go Plus,completed,52.63,15.58,34.3,1.9,5.1,1.01,4.2
TRP0140362,2026-06-03 10:00:00,DXB,Z04,Z15,CPT02176,Business,completed,51.89,7.05,26.6,2.3,6.0,1.01,4.3
TRP0140785,2026-06-07 16:00:00,DXB,Z04,Z15,CPT00104,Go,completed,14.68,1.99,11.0,2.1,4.7,1.0,4.6
TRP0141206,2026-06-12 09:00:00,DXB,Z04,Z15,CPT02580,Go,completed,19.03,3.24,12.3,2.3,5.9,1.12,4.6
TRP0141436,2026-06-14 06:00:00,DXB,Z04,Z02,CPT00254,Go Plus,completed,33.38,8.05,17.0,2.2,5.6,0.97,4.8
TRP0141714,2026-06-17 01:00:00,DXB,Z04,Z01,CPT00883,Go,completed,22.19,6.42,21.3,2.0,5.9,0.97,4.5
TRP0141914,2026-06-19 07:00:00,DXB,Z04,Z08,CPT02099,Go,completed,20.66,5.11,17.5,2.2,5.0,1.01,4.6
TRP0141990,2026-06-19 17:00:00,DXB,Z04,Z09,CPT01351,Go,completed,25.98,8.53,22.4,2.0,6.8,0.97,4.7
TRP0142147,2026-06-21 07:00:00,DXB,Z04,Z15,CPT01068,Go,completed,24.39,6.26,22.8,2.0,6.4,1.08,4.0
TRP0142301,2026-06-22 11:00:00,DXB,Z04,Z10,CPT00633,Business,completed,62.02,7.89,23.6,2.0,6.4,1.14,4.8
TRP0142326,2026-06-22 15:00:00,DXB,Z04,Z07,CPT02219,Go,cancelled_rider,0.0,0.0,0.0,2.2,6.1,1.01,
TRP0142473,2026-06-24 00:00:00,DXB,Z04,Z05,CPT00715,Go,completed,30.84,10.24,40.2,2.3,8.0,1.03,4.7
TRP0142691,2026-06-26 08:00:00,DXB,Z04,Z10,CPT01102,Max,completed,26.81,1.82,6.8,2.2,5.0,0.97,5.0
TRP0142702,2026-06-26 09:00:00,DXB,Z04,Z09,CPT01217,Go Plus,completed,32.91,7.84,18.6,2.0,4.9,0.97,5.0
TRP0142788,2026-06-26 23:00:00,DXB,Z04,Z13,CPT00945,Business,completed,105.83,10.07,25.4,2.0,8.5,1.7,4.4
TRP0142827,2026-06-27 11:00:00,DXB,Z04,Z05,CPT00267,Business,completed,42.99,4.72,16.6,2.2,4.1,1.0,4.5
TRP0142888,2026-06-27 19:00:00,DXB,Z04,Z15,CPT01593,Go,completed,26.1,8.45,24.5,1.8,4.5,0.98,4.6
TRP0142962,2026-06-28 13:00:00,DXB,Z04,Z11,CPT02600,Business,completed,57.07,7.19,23.9,2.0,6.6,1.1,4.6
TRP0143188,2026-06-30 23:00:00,DXB,Z04,Z10,CPT01755,Go,cancelled_rider,0.0,0.0,0.0,2.3,6.9,0.98,
TRP0143202,2025-07-01 11:00:00,DXB,Z05,Z06,CPT02132,Go,completed,16.77,2.22,10.1,7.6,8.6,1.11,4.6
TRP0143591,2025-07-06 20:00:00,DXB,Z05,Z08,CPT01322,Max,completed,46.76,8.14,24.3,6.4,9.2,0.99,4.9
TRP0143665,2025-07-08 06:00:00,DXB,Z05,Z06,CPT02292,Go,completed,20.8,5.41,15.3,8.0,7.9,0.99,4.5
TRP0143793,2025-07-10 08:00:00,DXB,Z05,Z05,CPT00688,Go Plus,completed,25.21,3.92,14.8,8.3,5.5,1.02,4.8
TRP0143831,2025-07-10 18:00:00,DXB,Z05,Z15,CPT02583,Go,completed,25.66,8.5,25.2,7.8,7.8,0.96,4.7
TRP0143939,2025-07-12 09:00:00,DXB,Z05,Z05,CPT00132,Go Plus,completed,50.22,14.15,46.8,7.7,7.2,1.03,4.7
TRP0144085,2025-07-13 20:00:00,DXB,Z05,Z12,CPT00697,Go,completed,34.53,13.7,38.9,8.1,7.5,0.95,4.5
TRP0144209,2025-07-16 09:00:00,DXB,Z05,Z01,CPT00945,Go Plus,completed,36.45,7.01,21.8,6.7,5.7,1.14,4.6
TRP0144249,2025-07-16 17:00:00,DXB,Z05,Z12,CPT01127,Go Plus,completed,18.28,1.34,8.0,7.3,9.6,0.98,4.8
TRP0144334,2025-07-17 20:00:00,DXB,Z05,Z11,CPT01119,Go Plus,completed,17.21,0.8,5.1,8.6,8.1,0.99,4.8
TRP0144383,2025-07-18 17:00:00,DXB,Z05,Z08,CPT00686,Business,completed,54.5,8.07,28.1,8.4,9.4,0.99,4.9
TRP0144536,2025-07-20 16:00:00,DXB,Z05,Z10,CPT00831,Go,completed,18.17,3.78,16.7,8.3,7.2,1.01,4.9
TRP0144794,2025-07-24 08:00:00,DXB,Z05,Z06,CPT01916,Max,completed,48.36,8.35,24.5,8.0,7.4,1.01,4.1
TRP0144958,2025-07-26 08:00:00,DXB,Z05,Z03,CPT00321,Business,completed,42.09,2.44,10.7,8.7,8.0,1.21,4.9
TRP0145176,2025-07-29 12:00:00,DXB,Z05,Z04,CPT00212,Go,completed,27.5,5.85,16.3,6.6,8.9,1.26,5.0
TRP0145242,2025-07-30 17:00:00,DXB,Z05,Z08,CPT01961,Business,completed,35.82,2.63,9.9,8.8,7.4,1.01,4.8
TRP0145592,2025-08-04 13:00:00,DXB,Z05,Z02,CPT02465,Go Plus,completed,36.26,8.53,22.2,7.6,8.4,1.02,4.8
TRP0145622,2025-08-04 20:00:00,DXB,Z05,Z04,CPT02177,Go Plus,completed,59.11,16.48,55.9,7.6,8.6,1.09,4.8
TRP0145810,2025-08-08 10:00:00,DXB,Z05,Z08,CPT00700,Go Plus,completed,67.04,18.65,70.5,7.9,8.5,1.13,5.0
TRP0145840,2025-08-08 15:00:00,DXB,Z05,Z08,CPT02245,Business,completed,66.2,10.29,29.5,8.3,6.5,1.05,4.8
TRP0145990,2025-08-10 13:00:00,DXB,Z05,Z15,CPT00671,Max,completed,56.24,11.23,27.1,7.5,6.8,0.99,4.6
TRP0146063,2025-08-11 19:00:00,DXB,Z05,Z04,CPT00505,Go Plus,completed,38.42,8.0,23.6,7.4,9.2,1.12,4.5
TRP0146548,2025-08-18 23:00:00,DXB,Z05,Z10,CPT01421,Go,completed,14.74,1.79,8.5,7.6,8.5,1.03,4.7
TRP0147064,2025-08-26 21:00:00,DXB,Z05,Z09,CPT02448,Go Plus,completed,25.58,3.21,9.7,8.3,10.4,1.11,4.2
TRP0147066,2025-08-26 21:00:00,DXB,Z05,Z15,CPT01768,Max,completed,34.26,2.86,9.0,7.6,8.6,1.11,5.0
TRP0147090,2025-08-27 16:00:00,DXB,Z05,Z12,CPT02582,Go,completed,16.81,3.05,11.5,8.1,8.9,1.01,5.0
TRP0147197,2025-08-29 11:00:00,DXB,Z05,Z02,CPT00323,Go,completed,24.26,4.89,16.5,8.2,8.4,1.21,4.7
TRP0147532,2025-09-03 08:00:00,DXB,Z05,Z10,CPT02402,Max,completed,53.96,5.99,16.8,7.7,5.6,1.33,4.4
TRP0147566,2025-09-03 17:00:00,DXB,Z05,Z08,CPT00412,Go,completed,17.65,3.89,11.4,7.6,4.7,0.97,4.6
TRP0147669,2025-09-05 07:00:00,DXB,Z05,Z06,CPT02436,Go,completed,36.22,13.63,32.0,8.0,5.8,1.0,4.5
TRP0147921,2025-09-08 17:00:00,DXB,Z05,Z14,CPT00037,Go,completed,22.05,4.51,12.3,9.7,9.2,1.14,5.0
TRP0148380,2025-09-15 13:00:00,DXB,Z05,Z06,CPT01155,Business,completed,73.33,10.49,28.7,7.2,9.3,1.15,4.5
TRP0148459,2025-09-16 22:00:00,DXB,Z05,Z11,CPT01340,Go,completed,14.35,1.89,7.1,7.2,8.6,0.99,4.9
TRP0148610,2025-09-19 14:00:00,DXB,Z05,Z12,CPT02465,Go,completed,18.93,2.58,10.7,8.1,12.1,1.2,4.4
TRP0148801,2025-09-22 18:00:00,DXB,Z05,Z07,CPT00548,Business,completed,32.69,1.68,9.7,7.6,10.1,1.02,4.7
TRP0148886,2025-09-24 14:00:00,DXB,Z05,Z11,CPT00484,Go Plus,completed,44.26,9.5,31.5,8.0,8.7,1.17,4.5
TRP0149194,2025-09-29 08:00:00,DXB,Z05,Z02,CPT01158,Go Plus,completed,21.17,1.17,5.4,8.4,11.3,1.16,5.0
TRP0149298,2025-09-30 19:00:00,DXB,Z05,Z09,CPT00090,Go,completed,26.49,6.84,21.3,7.6,8.2,1.12,4.7
TRP0149617,2025-10-04 21:00:00,DXB,Z05,Z15,CPT00181,Max,completed,40.41,5.94,18.9,7.1,9.3,1.0,4.8
TRP0149720,2025-10-06 17:00:00,DXB,Z05,Z03,CPT01564,Go,completed,24.75,5.02,13.8,8.1,10.7,1.22,4.2
TRP0149845,2025-10-09 06:00:00,DXB,Z05,Z10,CPT01420,Go,completed,46.05,18.22,57.5,9.2,10.2,1.03,4.9
TRP0149896,2025-10-09 20:00:00,DXB,Z05,Z09,CPT01988,Business,completed,47.38,5.94,23.3,9.3,8.7,1.0,4.7
TRP0149939,2025-10-10 16:00:00,DXB,Z05,Z11,CPT01337,Go,completed,40.26,15.39,55.7,8.3,8.8,1.02,4.4
TRP0150126,2025-10-13 09:00:00,DXB,Z05,Z09,CPT01080,Go Plus,completed,27.38,4.5,15.2,8.3,4.7,1.05,4.9
TRP0150216,2025-10-14 21:00:00,DXB,Z05,Z10,CPT01610,Go,completed,30.11,7.73,26.4,7.5,9.3,1.19,5.0
TRP0150296,2025-10-16 10:00:00,DXB,Z05,Z01,CPT00192,Go,completed,30.06,10.3,23.9,9.2,9.9,1.0,4.5
TRP0150354,2025-10-17 11:00:00,DXB,Z05,Z02,CPT00580,Max,completed,36.16,4.34,19.1,7.8,5.1,1.02,5.0
TRP0150451,2025-10-18 21:00:00,DXB,Z05,Z06,CPT01221,Go Plus,cancelled_rider,0.0,0.0,0.0,6.7,7.8,1.09,
TRP0150681,2025-10-22 14:00:00,DXB,Z05,Z02,CPT01504,Go Plus,completed,45.05,8.99,32.2,8.5,9.7,1.23,4.7
TRP0150709,2025-10-22 21:00:00,DXB,Z05,Z06,CPT01247,Business,completed,62.97,10.27,38.4,8.3,4.3,1.0,4.9
TRP0150844,2025-10-25 08:00:00,DXB,Z05,Z14,CPT01960,Go Plus,completed,32.51,7.38,28.1,7.7,7.3,0.99,4.9
TRP0150920,2025-10-25 21:00:00,DXB,Z05,Z03,CPT00982,Go Plus,completed,20.71,2.49,11.9,8.5,6.8,0.97,4.7
TRP0150950,2025-10-26 15:00:00,DXB,Z05,Z13,CPT00710,Go Plus,completed,21.3,2.38,8.9,8.5,8.8,1.01,4.8
TRP0151054,2025-10-28 10:00:00,DXB,Z05,Z08,CPT02569,Go,completed,19.2,4.43,12.9,7.5,10.7,1.0,4.4
TRP0151124,2025-10-29 11:00:00,DXB,Z05,Z12,CPT02552,Max,completed,33.99,3.98,14.0,8.6,8.3,0.99,3.9
TRP0151225,2025-10-31 06:00:00,DXB,Z05,Z02,CPT02411,Go Plus,completed,30.12,5.73,19.4,8.2,6.9,1.04,4.5
TRP0151250,2025-10-31 14:00:00,DXB,Z05,Z12,CPT01723,Go,completed,37.58,12.19,44.3,9.6,8.0,1.12,4.7
TRP0151409,2025-11-02 15:00:00,DXB,Z05,Z03,CPT01127,Go,completed,29.65,5.84,18.4,8.7,8.7,1.36,4.2
TRP0151591,2025-11-05 17:00:00,DXB,Z05,Z01,CPT00261,Go Plus,completed,31.61,6.59,21.3,7.5,10.5,1.02,4.6
TRP0152040,2025-11-12 11:00:00,DXB,Z05,Z03,CPT01488,Go Plus,completed,30.92,4.1,16.1,5.8,9.6,1.23,4.7
TRP0152308,2025-11-16 10:00:00,DXB,Z05,Z04,CPT01830,Go Plus,completed,32.63,7.15,23.8,7.9,9.2,1.01,4.9
TRP0152397,2025-11-17 16:00:00,DXB,Z05,Z07,CPT02553,Go,completed,18.01,3.6,12.2,7.1,7.9,1.02,5.0
TRP0152912,2025-11-25 11:00:00,DXB,Z05,Z07,CPT00535,Go,completed,27.69,8.73,28.3,8.0,9.6,1.02,4.2
TRP0153032,2025-11-27 13:00:00,DXB,Z05,Z09,CPT00532,Business,completed,50.79,6.61,23.4,9.5,6.9,1.02,5.0
TRP0153191,2025-11-29 18:00:00,DXB,Z05,Z04,CPT01117,Go,completed,33.03,11.06,39.6,8.6,6.3,1.05,5.0
TRP0153360,2025-12-02 11:00:00,DXB,Z05,Z09,CPT01977,Go Plus,completed,37.43,9.33,25.5,7.7,8.4,1.0,4.6
TRP0153556,2025-12-05 14:00:00,DXB,Z05,Z03,CPT01572,Go,completed,25.19,7.95,26.0,8.4,8.2,0.98,4.9
TRP0153758,2025-12-07 22:00:00,DXB,Z05,Z06,CPT00806,Max,completed,44.74,7.63,22.2,8.8,9.3,0.98,4.8
TRP0153973,2025-12-11 18:00:00,DXB,Z05,Z07,CPT01923,Go,completed,27.13,7.03,18.3,8.4,9.5,1.13,4.1
TRP0154106,2025-12-13 16:00:00,DXB,Z05,Z09,CPT00751,Go,cancelled_rider,0.0,0.0,0.0,9.3,12.6,0.99,
TRP0154141,2025-12-13 20:00:00,DXB,Z05,Z05,CPT01746,Go,completed,19.99,5.43,25.5,7.3,8.4,0.95,4.5
TRP0154234,2025-12-15 15:00:00,DXB,Z05,Z10,CPT00775,Go,completed,38.63,14.13,46.6,8.6,8.5,1.04,4.4
TRP0154381,2025-12-17 19:00:00,DXB,Z05,Z08,CPT01854,Go Plus,completed,38.31,9.87,26.8,7.5,7.3,0.99,4.5
TRP0154871,2025-12-24 13:00:00,DXB,Z05,Z13,CPT00130,Go,completed,28.85,7.05,24.8,8.1,7.9,1.2,4.4
TRP0154988,2025-12-26 07:00:00,DXB,Z05,Z02,CPT01516,Go,completed,35.05,13.19,34.8,9.5,7.3,0.99,4.4
TRP0155531,2026-01-01 22:00:00,DXB,Z05,Z08,CPT01005,Go,completed,34.69,10.36,35.0,8.8,6.9,1.15,4.9
TRP0155537,2026-01-02 00:00:00,DXB,Z05,Z15,CPT01412,Go Plus,completed,48.12,14.3,45.9,7.7,7.6,0.98,4.3
TRP0155746,2026-01-04 17:00:00,DXB,Z05,Z12,CPT02440,Go,completed,18.78,4.31,16.3,7.8,9.1,0.99,4.6
TRP0155790,2026-01-05 12:00:00,DXB,Z05,Z01,CPT02504,Go Plus,completed,33.97,7.86,31.3,7.4,7.8,1.0,4.4
TRP0155809,2026-01-05 19:00:00,DXB,Z05,Z10,CPT02448,Go,completed,23.53,5.31,15.8,7.8,7.8,1.13,5.0
TRP0156063,2026-01-09 22:00:00,DXB,Z05,Z04,CPT01646,Go,completed,18.73,2.22,8.8,7.9,12.9,1.24,4.9
TRP0156178,2026-01-11 11:00:00,DXB,Z05,Z06,CPT00632,Business,completed,39.82,3.73,16.1,9.0,5.8,1.01,4.5
TRP0156192,2026-01-11 15:00:00,DXB,Z05,Z14,CPT00678,Go,completed,26.83,8.27,28.5,8.8,8.1,1.02,5.0
TRP0156278,2026-01-12 17:00:00,DXB,Z05,Z08,CPT02506,Business,completed,58.08,8.75,24.2,6.0,10.1,1.01,4.2
TRP0156296,2026-01-12 20:00:00,DXB,Z05,Z06,CPT00351,Go,completed,41.6,12.64,39.0,8.1,9.0,1.21,4.5
TRP0156409,2026-01-14 20:00:00,DXB,Z05,Z13,CPT02033,Go,completed,28.32,5.92,15.4,9.4,10.3,1.29,4.9
TRP0156412,2026-01-14 21:00:00,DXB,Z05,Z14,CPT01802,Go,completed,59.77,25.42,59.6,7.2,9.9,1.03,4.3
TRP0156473,2026-01-15 17:00:00,DXB,Z05,Z09,CPT02040,Go Plus,completed,28.02,3.34,11.6,7.7,10.9,1.2,4.3
TRP0156541,2026-01-16 12:00:00,DXB,Z05,Z10,CPT00601,Go,completed,35.32,11.73,37.6,8.1,7.7,1.08,4.5
TRP0156734,2026-01-18 16:00:00,DXB,Z05,Z11,CPT01997,Go Plus,completed,39.09,6.3,16.3,8.0,9.1,1.29,4.9
TRP0156793,2026-01-19 15:00:00,DXB,Z05,Z05,CPT02144,Go,completed,33.43,8.99,25.9,7.4,7.5,1.21,4.2
TRP0156850,2026-01-20 13:00:00,DXB,Z05,Z15,CPT00137,Go,completed,42.79,16.51,54.7,7.9,10.6,1.03,4.6
TRP0157514,2026-01-29 17:00:00,DXB,Z05,Z05,CPT02293,Go Plus,completed,40.22,10.69,37.9,6.7,10.6,0.99,4.1
TRP0157746,2026-02-01 15:00:00,DXB,Z05,Z04,CPT00605,Go Plus,completed,38.68,9.7,28.8,9.7,7.8,1.01,5.0
TRP0157774,2026-02-01 19:00:00,DXB,Z05,Z11,CPT00790,Go,completed,32.9,10.52,31.2,8.2,8.4,1.08,5.0
TRP0157868,2026-02-03 11:00:00,DXB,Z05,Z08,CPT01729,Go,completed,21.07,5.56,20.0,7.9,9.5,0.99,4.4
TRP0157933,2026-02-04 14:00:00,DXB,Z05,Z13,CPT01474,Go Plus,completed,47.2,5.29,18.3,8.2,10.8,1.69,4.3
TRP0158199,2026-02-07 16:00:00,DXB,Z05,Z15,CPT00227,Go Plus,completed,29.79,5.71,14.3,7.6,8.2,1.03,5.0
TRP0158204,2026-02-07 18:00:00,DXB,Z05,Z10,CPT02590,Go Plus,completed,46.1,13.84,41.2,8.4,6.6,0.96,4.6
TRP0158618,2026-02-13 12:00:00,DXB,Z05,Z05,CPT01332,Go,completed,39.31,11.91,26.2,9.0,11.2,1.19,4.9
TRP0158654,2026-02-13 18:00:00,DXB,Z05,Z05,CPT01700,Go Plus,completed,17.29,1.07,7.1,7.3,8.6,0.96,4.2
TRP0158745,2026-02-14 17:00:00,DXB,Z05,Z11,CPT01230,Go Plus,completed,24.32,3.45,13.4,7.9,8.2,1.03,4.9
TRP0159200,2026-02-20 22:00:00,DXB,Z05,Z11,CPT02294,Business,completed,55.48,7.74,23.0,7.5,8.3,1.03,4.4
TRP0159430,2026-02-24 09:00:00,DXB,Z05,Z04,CPT00653,Go,completed,33.87,11.66,37.7,7.7,9.3,1.04,5.0
TRP0159990,2026-03-03 17:00:00,DXB,Z05,Z11,CPT01662,Go Plus,completed,27.33,4.92,16.3,8.5,5.9,1.01,4.7
TRP0160043,2026-03-04 16:00:00,DXB,Z05,Z11,CPT01914,Business,cancelled_rider,0.0,0.0,0.0,7.8,8.0,1.03,
TRP0160309,2026-03-07 15:00:00,DXB,Z05,Z04,CPT01914,Go Plus,completed,36.35,9.19,29.6,7.3,7.1,0.98,4.4
TRP0160441,2026-03-09 11:00:00,DXB,Z05,Z14,CPT01768,Go Plus,completed,32.91,7.0,20.4,6.6,6.1,1.03,4.8
TRP0160529,2026-03-10 12:00:00,DXB,Z05,Z07,CPT02170,Go,completed,21.72,6.16,17.8,7.1,7.5,0.97,4.2
TRP0160556,2026-03-10 19:00:00,DXB,Z05,Z07,CPT00709,Business,completed,85.79,10.43,26.7,9.1,9.5,1.35,4.8
TRP0161169,2026-03-18 13:00:00,DXB,Z05,Z15,CPT02125,Go,completed,14.12,1.92,9.5,8.1,8.6,0.97,4.3
TRP0161254,2026-03-19 12:00:00,DXB,Z05,Z04,CPT02600,Go,completed,13.12,1.22,7.5,10.1,10.1,0.99,5.0
TRP0161504,2026-03-22 01:00:00,DXB,Z05,Z11,CPT01224,Go,completed,14.97,2.31,10.9,7.4,8.0,0.98,4.5
TRP0161744,2026-03-25 10:00:00,DXB,Z05,Z10,CPT00303,Business,completed,48.76,6.6,16.1,8.4,9.3,0.98,4.5
TRP0161857,2026-03-26 19:00:00,DXB,Z05,Z03,CPT01742,Go,cancelled_rider,0.0,0.0,0.0,6.9,5.6,1.0,
TRP0162191,2026-03-30 18:00:00,DXB,Z05,Z15,CPT02580,Go,completed,20.24,3.91,11.9,7.7,7.4,1.11,5.0
TRP0162396,2026-04-02 15:00:00,DXB,Z05,Z13,CPT01820,Go,completed,29.26,10.03,22.6,8.7,7.2,0.99,4.2
TRP0162449,2026-04-03 08:00:00,DXB,Z05,Z06,CPT00170,Business,completed,42.13,4.25,14.8,7.4,7.1,1.02,4.8
TRP0162608,2026-04-04 13:00:00,DXB,Z05,Z13,CPT02439,Business,completed,48.48,4.91,19.5,8.0,9.1,1.11,4.6
TRP0162631,2026-04-04 16:00:00,DXB,Z05,Z15,CPT01560,Go Plus,completed,27.02,4.9,20.1,9.5,6.1,1.0,5.0
TRP0162776,2026-04-06 13:00:00,DXB,Z05,Z07,CPT00693,Go,completed,21.13,5.59,16.7,8.8,8.7,0.99,4.8
TRP0162814,2026-04-06 20:00:00,DXB,Z05,Z02,CPT01076,Business,completed,87.33,12.03,35.5,8.8,10.9,1.26,4.4
TRP0162847,2026-04-07 13:00:00,DXB,Z05,Z09,CPT01847,Go Plus,completed,51.12,15.6,34.7,7.8,9.0,0.98,4.5
TRP0162873,2026-04-07 17:00:00,DXB,Z05,Z05,CPT02079,Go,completed,26.71,8.49,21.1,8.7,5.7,1.0,4.7
TRP0162877,2026-04-07 18:00:00,DXB,Z05,Z06,CPT02370,Max,completed,33.92,2.5,8.8,8.9,8.6,1.14,4.9
TRP0162986,2026-04-09 13:00:00,DXB,Z05,Z01,CPT02486,Go,completed,35.26,13.5,38.0,8.3,7.0,0.98,4.8
TRP0163056,2026-04-10 10:00:00,DXB,Z05,Z09,CPT00960,Business,completed,46.27,5.76,20.6,8.1,7.6,0.99,4.7
TRP0163063,2026-04-10 11:00:00,DXB,Z05,Z03,CPT01558,Go Plus,completed,50.88,14.84,45.6,7.3,7.3,1.01,4.8
TRP0163306,2026-04-12 18:00:00,DXB,Z05,Z08,CPT00300,Go Plus,completed,30.92,6.83,21.1,7.6,9.0,0.98,4.8
TRP0163670,2026-04-17 17:00:00,DXB,Z05,Z03,CPT01916,Go,completed,19.73,3.93,16.9,7.4,5.7,1.08,4.6
TRP0163782,2026-04-18 16:00:00,DXB,Z05,Z02,CPT01140,Go Plus,completed,38.87,10.11,34.1,7.5,5.3,0.99,5.0
TRP0164109,2026-04-22 14:00:00,DXB,Z05,Z06,CPT00465,Go,completed,15.36,2.44,9.3,9.0,9.5,0.99,4.4
TRP0164653,2026-04-28 20:00:00,DXB,Z05,Z11,CPT02519,Go Plus,completed,40.22,8.55,20.2,7.4,9.8,1.13,4.9
TRP0164744,2026-04-29 19:00:00,DXB,Z05,Z06,CPT01758,Business,completed,57.25,6.37,22.3,8.6,6.6,1.17,4.7
TRP0165114,2026-05-03 18:00:00,DXB,Z05,Z05,CPT02503,Go,completed,25.77,6.38,21.6,8.8,9.2,1.13,5.0
TRP0165522,2026-05-08 14:00:00,DXB,Z05,Z10,CPT02525,Go Plus,completed,18.89,1.69,8.7,9.3,9.7,0.97,5.0
TRP0165638,2026-05-09 15:00:00,DXB,Z05,Z02,CPT02591,Go,completed,13.99,1.85,7.4,8.1,10.5,0.97,5.0
TRP0165728,2026-05-10 14:00:00,DXB,Z05,Z02,CPT02365,Go,completed,34.24,12.75,37.9,7.7,8.0,0.99,4.6
TRP0165752,2026-05-10 18:00:00,DXB,Z05,Z03,CPT00861,Go,completed,26.47,8.08,26.4,7.9,9.2,1.02,4.1
TRP0165773,2026-05-10 20:00:00,DXB,Z05,Z13,CPT00546,Go Plus,completed,55.32,16.26,51.0,8.9,7.4,1.03,4.6
TRP0165918,2026-05-12 16:00:00,DXB,Z05,Z02,CPT00438,Go Plus,completed,38.49,10.29,29.1,8.3,7.9,0.97,4.9
TRP0166196,2026-05-15 15:00:00,DXB,Z05,Z10,CPT02135,Go,completed,29.63,10.23,28.2,8.6,7.8,0.99,5.0
TRP0166364,2026-05-17 10:00:00,DXB,Z05,Z06,CPT01084,Go Plus,cancelled_rider,0.0,0.0,0.0,7.1,10.2,0.98,
TRP0166406,2026-05-17 21:00:00,DXB,Z05,Z03,CPT01974,Go,completed,34.18,12.53,39.3,9.3,5.5,1.0,5.0
TRP0166831,2026-05-22 22:00:00,DXB,Z05,Z08,CPT01602,Go,completed,20.79,3.19,12.8,6.1,11.3,1.23,4.2
TRP0167088,2026-05-25 20:00:00,DXB,Z05,Z07,CPT00989,Go,completed,23.54,5.12,505.4,7.7,9.2,1.15,4.2
TRP0167359,2026-05-29 08:00:00,DXB,Z05,Z07,CPT02596,Go,completed,26.11,8.31,27.7,9.7,5.7,0.99,5.0
TRP0167424,2026-05-29 16:00:00,DXB,Z05,Z12,CPT00128,Business,completed,70.14,12.66,32.5,9.4,10.5,0.98,4.5
TRP0167586,2026-05-31 09:00:00,DXB,Z05,Z14,CPT01726,Max,completed,30.64,1.35,5.2,8.3,8.2,1.17,5.0
TRP0167860,2026-06-03 11:00:00,DXB,Z05,Z01,CPT01929,Business,completed,64.3,5.72,16.2,8.8,7.4,1.38,4.5
TRP0167957,2026-06-04 14:00:00,DXB,Z05,Z04,CPT00703,Go,completed,59.62,25.96,81.9,8.9,11.4,1.01,4.1
TRP0168277,2026-06-07 17:00:00,DXB,Z05,Z09,CPT02272,Go,completed,44.56,17.67,52.8,9.2,5.4,1.02,5.0
TRP0168458,2026-06-10 06:00:00,DXB,Z05,Z13,CPT01891,Business,completed,43.54,1.94,10.3,8.3,14.1,1.32,4.6
TRP0168667,2026-06-12 17:00:00,DXB,Z05,Z11,CPT00620,Go,completed,20.58,4.26,17.4,8.1,9.8,1.09,5.0
TRP0168687,2026-06-12 20:00:00,DXB,Z05,Z11,CPT02534,Max,completed,36.86,4.12,12.1,9.6,7.0,1.06,4.9
TRP0168872,2026-06-14 18:00:00,DXB,Z05,Z11,CPT00836,Max,completed,42.5,6.75,13.8,8.6,5.5,0.99,4.7
TRP0168984,2026-06-15 21:00:00,DXB,Z05,Z03,CPT00041,Go,completed,22.27,4.9,16.6,7.9,8.4,1.11,5.0
TRP0169058,2026-06-16 19:00:00,DXB,Z05,Z13,CPT00236,Max,completed,40.21,4.28,13.0,6.8,7.2,1.14,4.7
TRP0169082,2026-06-17 07:00:00,DXB,Z05,Z14,CPT00735,Go,completed,23.95,7.13,20.1,8.0,7.9,0.99,4.5
TRP0169369,2026-06-20 12:00:00,DXB,Z05,Z04,CPT01841,Go,completed,21.88,5.88,13.8,8.2,7.7,1.0,4.5
TRP0169441,2026-06-21 01:00:00,DXB,Z05,Z06,CPT02492,Business,completed,35.4,2.61,13.6,8.6,7.1,1.0,5.0
TRP0169611,2026-06-22 19:00:00,DXB,Z05,Z13,CPT01909,Go,completed,26.77,7.21,20.7,8.2,7.9,1.1,4.9
TRP0169639,2026-06-23 09:00:00,DXB,Z05,Z11,CPT00599,Go,completed,24.77,7.58,22.9,8.6,6.1,0.99,4.7
TRP0169747,2026-06-24 17:00:00,DXB,Z05,Z06,CPT00369,Max,completed,37.8,4.3,14.7,8.8,8.3,1.07,4.6
TRP0169778,2026-06-24 22:00:00,DXB,Z05,Z13,CPT01775,Max,completed,48.93,4.77,14.5,9.1,9.9,1.33,3.8
TRP0169791,2026-06-25 08:00:00,DXB,Z05,Z15,CPT00561,Go,completed,33.05,11.07,37.2,8.2,8.9,1.05,4.4
TRP0169825,2026-06-25 15:00:00,DXB,Z05,Z09,CPT02402,Go,completed,21.39,5.85,17.0,8.8,,0.98,4.6
TRP0169867,2026-06-25 20:00:00,DXB,Z05,Z15,CPT00008,Max,completed,63.92,11.82,39.3,9.2,9.6,1.09,4.7
TRP0170027,2026-06-27 16:00:00,DXB,Z05,Z05,CPT00580,Go Plus,completed,19.98,1.74,8.0,7.8,9.9,1.02,4.4
TRP0170045,2026-06-27 18:00:00,DXB,Z05,Z08,CPT02189,Go,completed,31.64,10.34,34.4,6.0,10.6,1.05,4.5
TRP0170122,2026-06-28 14:00:00,DXB,Z05,Z14,CPT01573,Go,completed,14.77,1.96,7.7,9.5,8.4,1.01,4.9
TRP0170156,2026-06-28 19:00:00,DXB,Z05,Z12,CPT00019,Go,completed,32.49,11.27,35.2,7.4,6.4,1.02,4.5
TRP0170241,2026-06-29 19:00:00,DXB,Z05,Z14,CPT02564,Go Plus,completed,20.91,1.28,5.7,8.3,10.5,1.13,4.2
TRP0170494,2025-07-03 18:00:00,DXB,Z06,Z02,CPT02078,Go,completed,17.79,3.48,11.6,6.4,8.9,1.02,5.0
TRP0170532,2025-07-04 14:00:00,DXB,Z06,Z02,CPT00219,Go Plus,completed,37.47,9.35,28.0,6.2,5.5,1.0,4.6
TRP0170568,2025-07-05 04:00:00,DXB,Z06,Z11,CPT00882,Go,completed,28.61,9.07,25.3,6.1,5.9,1.03,5.0
TRP0170647,2025-07-06 10:00:00,DXB,Z06,Z06,CPT00113,Business,completed,35.11,2.53,9.2,7.5,6.9,1.0,4.4
TRP0171005,2025-07-12 18:00:00,DXB,Z06,Z02,CPT00783,Go,completed,26.23,7.18,22.3,5.5,5.8,1.08,4.7
TRP0171151,2025-07-15 07:00:00,DXB,Z06,Z05,CPT00504,Go,completed,29.39,10.43,27.1,7.8,5.2,0.97,5.0
TRP0171239,2025-07-17 03:00:00,DXB,Z06,Z05,CPT01249,Go,completed,16.81,2.96,10.4,6.3,8.5,1.02,4.7
TRP0171321,2025-07-18 16:00:00,DXB,Z06,Z09,CPT02349,Go,completed,18.88,4.16,15.6,9.2,6.8,1.01,4.8
TRP0171339,2025-07-18 19:00:00,DXB,Z06,Z09,CPT00611,Go,completed,20.1,5.37,10.7,7.6,8.4,0.96,5.0
TRP0171402,2025-07-19 18:00:00,DXB,Z06,Z12,CPT02033,Go Plus,completed,30.59,6.42,19.1,6.7,7.6,1.0,4.6
TRP0171404,2025-07-19 19:00:00,DXB,Z06,Z13,CPT00544,Go Plus,completed,41.83,7.53,19.2,6.0,9.9,1.26,3.9
TRP0171567,2025-07-22 15:00:00,DXB,Z06,Z06,CPT00700,Go,completed,24.13,6.97,25.4,7.8,7.3,1.01,4.3
TRP0171688,2025-07-24 18:00:00,DXB,Z06,Z02,CPT02157,Go,completed,25.78,7.08,26.6,7.1,8.1,1.07,4.3
TRP0172041,2025-07-31 12:00:00,DXB,Z06,Z02,CPT02187,Go Plus,completed,35.32,8.9,21.3,6.0,5.1,0.97,5.0
TRP0172348,2025-08-05 19:00:00,DXB,Z06,Z13,CPT01123,Business,completed,77.82,11.74,42.7,7.6,8.5,1.14,4.3
TRP0172769,2025-08-13 03:00:00,DXB,Z06,Z09,CPT02089,Go,completed,20.21,5.09,14.6,7.2,6.1,0.99,5.0
TRP0172930,2025-08-16 00:00:00,DXB,Z06,Z01,CPT01346,Go,cancelled_rider,0.0,0.0,0.0,5.9,6.6,1.05,
TRP0172952,2025-08-16 12:00:00,DXB,Z06,Z02,CPT00920,Go,completed,29.95,7.89,19.7,6.3,7.7,1.17,4.9
TRP0172976,2025-08-16 18:00:00,DXB,Z06,Z03,CPT00434,Go,completed,28.69,7.31,26.1,6.5,7.7,1.17,4.9
TRP0173268,2025-08-21 23:00:00,DXB,Z06,Z02,CPT01059,Go,completed,29.26,9.87,31.9,7.4,,1.0,4.5
TRP0173316,2025-08-22 19:00:00,DXB,Z06,Z05,CPT02381,Go,completed,53.94,18.35,55.6,7.3,5.8,1.2,4.4
TRP0173482,2025-08-26 08:00:00,DXB,Z06,Z06,CPT00426,Business,completed,55.75,4.51,15.0,7.1,7.6,1.32,4.7
TRP0173588,2025-08-28 11:00:00,DXB,Z06,Z08,CPT00152,Go,completed,16.49,3.06,8.6,6.7,7.1,0.99,4.2
TRP0173729,2025-08-30 17:00:00,DXB,Z06,Z06,CPT01917,Go,completed,21.26,5.66,16.6,7.2,6.1,0.99,4.6
TRP0173917,2025-09-03 00:00:00,DXB,Z06,Z04,CPT00234,Max,completed,61.09,12.61,32.4,6.5,7.4,1.0,4.4
TRP0174322,2025-09-10 00:00:00,DXB,Z06,Z02,CPT02179,Go,completed,34.24,4.63,13.8,6.8,10.3,1.75,4.3
TRP0174947,2025-09-20 20:00:00,DXB,Z06,Z05,CPT01908,Go Plus,completed,42.69,11.57,25.8,7.0,9.2,1.0,5.0
TRP0175440,2025-09-30 11:00:00,DXB,Z06,Z03,CPT00624,Go Plus,completed,30.38,6.73,13.7,7.6,7.0,0.97,4.7
TRP0175801,2025-10-07 11:00:00,DXB,Z06,Z04,CPT00085,Go,cancelled_rider,0.0,0.0,0.0,5.9,10.3,1.37,
TRP0176005,2025-10-11 08:00:00,DXB,Z06,Z07,CPT01108,Go Plus,completed,30.74,6.89,25.8,5.9,5.9,0.97,5.0
TRP0176066,2025-10-11 21:00:00,DXB,Z06,Z09,CPT00735,Go,completed,20.84,5.55,17.2,6.6,9.0,0.98,5.0
TRP0176185,2025-10-14 15:00:00,DXB,Z06,Z13,CPT01753,Go Plus,completed,22.5,2.98,11.6,6.7,8.6,1.0,4.7
TRP0176565,2025-10-21 02:00:00,DXB,Z06,Z06,CPT00120,Max,completed,63.27,13.11,35.4,6.5,7.2,1.01,4.2
TRP0176674,2025-10-23 07:00:00,DXB,Z06,Z10,CPT02063,Go,completed,22.12,6.64,25.8,6.7,5.7,0.95,4.8
TRP0176701,2025-10-23 17:00:00,DXB,Z06,Z04,CPT02237,Go,completed,15.77,1.28,8.5,6.3,6.7,1.18,5.0
TRP0176804,2025-10-25 15:00:00,DXB,Z06,Z04,CPT01162,Go,completed,21.31,5.69,17.9,6.4,5.8,0.99,4.5
TRP0176917,2025-10-27 13:00:00,DXB,Z06,Z13,CPT02539,Business,completed,48.84,6.62,19.4,6.5,6.6,0.98,4.8
TRP0177004,2025-10-29 10:00:00,DXB,Z06,Z03,CPT02275,Go Plus,completed,21.54,2.48,7.4,6.4,5.3,1.01,5.0
TRP0177022,2025-10-29 17:00:00,DXB,Z06,Z03,CPT02569,Go Plus,completed,24.86,3.88,14.2,6.6,5.6,1.01,4.0
TRP0177025,2025-10-29 17:00:00,DXB,Z06,Z07,CPT01032,Go,completed,17.01,3.16,12.1,7.5,6.4,1.01,5.0
TRP0177152,2025-10-31 20:00:00,DXB,Z06,Z09,CPT02188,Go,completed,21.05,4.4,16.3,6.4,7.3,1.1,4.6
TRP0177244,2025-11-02 15:00:00,DXB,Z06,Z13,CPT00227,Go,completed,28.07,6.0,14.0,7.0,5.7,1.27,4.2
TRP0177455,2025-11-07 00:00:00,DXB,Z06,Z03,CPT02189,Max,completed,38.97,5.35,15.5,5.4,5.6,1.01,5.0
TRP0177493,2025-11-07 17:00:00,DXB,Z06,Z07,CPT01449,Go,completed,20.81,3.75,13.9,7.3,7.7,1.16,5.0
TRP0177740,2025-11-11 20:00:00,DXB,Z06,Z08,CPT02372,Go,completed,16.44,3.03,12.4,7.1,6.2,0.99,5.0
TRP0177774,2025-11-12 17:00:00,DXB,Z06,Z09,CPT00504,Go,completed,39.41,15.57,47.2,6.5,5.6,0.99,4.8
TRP0178525,2025-11-26 16:00:00,DXB,Z06,Z09,CPT02272,Go,completed,15.45,2.24,11.1,7.4,8.0,1.02,4.7
TRP0178673,2025-11-29 08:00:00,DXB,Z06,Z12,CPT01402,Max,completed,31.08,2.1,8.5,7.3,9.5,1.09,4.6
TRP0178677,2025-11-29 09:00:00,DXB,Z06,Z03,CPT00360,Go,completed,38.16,14.08,42.1,7.4,6.0,1.03,4.2
TRP0179569,2025-12-15 18:00:00,DXB,Z06,Z01,CPT01029,Go Plus,completed,28.83,3.8,13.9,6.1,9.0,1.18,4.3
TRP0179607,2025-12-16 17:00:00,DXB,Z06,Z04,CPT02251,Go Plus,completed,22.17,3.13,12.3,6.5,7.0,0.97,4.7
TRP0179637,2025-12-17 11:00:00,DXB,Z06,Z01,CPT01750,Go,completed,35.12,9.0,30.1,6.1,6.4,1.27,4.2
TRP0179671,2025-12-18 08:00:00,DXB,Z06,Z03,CPT00215,Max,completed,35.67,4.41,13.8,5.7,6.9,1.0,4.5
TRP0179805,2025-12-20 02:00:00,DXB,Z06,Z10,CPT02135,Go,completed,31.57,11.29,33.7,6.5,6.5,0.99,4.6
TRP0180116,2025-12-25 22:00:00,DXB,Z06,Z02,CPT00968,Go,completed,37.3,14.63,35.0,8.1,7.1,0.98,4.2
TRP0180387,2025-12-30 19:00:00,DXB,Z06,Z11,CPT02319,Business,completed,52.64,7.4,24.4,6.6,5.0,1.0,4.9
TRP0180582,2026-01-02 22:00:00,DXB,Z06,Z12,CPT01411,Go,completed,12.36,0.8,5.1,6.0,6.1,0.99,4.2
TRP0180602,2026-01-03 10:00:00,DXB,Z06,Z09,CPT01610,Business,completed,67.15,11.81,28.2,7.5,6.7,0.98,4.6
TRP0180609,2026-01-03 12:00:00,DXB,Z06,Z02,CPT00598,Go Plus,completed,28.48,5.77,18.3,7.4,8.9,0.98,4.8
TRP0180863,2026-01-08 08:00:00,DXB,Z06,Z07,CPT01604,Go Plus,completed,64.98,20.25,45.4,6.6,6.7,1.03,4.3
TRP0180899,2026-01-08 21:00:00,DXB,Z06,Z12,CPT00470,Go,completed,27.36,9.3,17.4,7.5,6.6,0.97,4.3
TRP0180944,2026-01-09 19:00:00,DXB,Z06,Z07,CPT01878,Go Plus,completed,23.1,1.88,8.8,6.7,9.2,1.16,4.7
TRP0181035,2026-01-11 07:00:00,DXB,Z06,Z08,CPT01034,Go Plus,completed,36.12,9.09,23.7,5.3,8.3,0.98,4.6
TRP0181183,2026-01-14 09:00:00,DXB,Z06,Z14,CPT00107,Go Plus,completed,25.88,4.2,13.5,5.6,7.2,1.02,4.9
TRP0181406,2026-01-17 17:00:00,DXB,Z06,Z05,CPT00530,Business,completed,41.06,3.96,14.9,6.6,5.1,1.02,4.3
TRP0181526,2026-01-20 07:00:00,DXB,Z06,Z13,CPT00912,Go Plus,completed,48.94,13.82,26.3,6.5,5.2,1.02,4.7
TRP0181687,2026-01-22 18:00:00,DXB,Z06,Z09,CPT00348,Go Plus,cancelled_rider,0.0,0.0,0.0,7.1,8.2,1.11,
TRP0181984,2026-01-27 09:00:00,DXB,Z06,Z04,CPT00227,Go Plus,completed,48.58,10.63,29.0,7.7,6.1,1.2,4.9
TRP0182116,2026-01-29 12:00:00,DXB,Z06,Z14,CPT01958,Go,completed,26.68,8.62,31.7,5.8,7.4,0.99,5.0
TRP0182205,2026-01-30 19:00:00,DXB,Z06,Z04,CPT01186,Go,completed,35.38,13.18,46.5,5.9,5.8,1.0,4.1
TRP0182808,2026-02-08 21:00:00,DXB,Z06,Z13,CPT02424,Go,completed,30.49,10.21,28.5,7.8,4.8,1.02,4.6
TRP0183259,2026-02-16 02:00:00,DXB,Z06,Z02,CPT00353,Business,completed,49.4,6.23,26.9,6.9,6.8,1.02,4.9
TRP0183426,2026-02-19 11:00:00,DXB,Z06,Z11,CPT01268,Go Plus,cancelled_rider,0.0,0.0,0.0,6.8,4.8,1.01,
TRP0183759,2026-02-24 09:00:00,DXB,Z06,Z14,CPT01118,Business,completed,60.16,7.31,24.9,7.1,6.7,1.15,4.8
TRP0183854,2026-02-26 07:00:00,DXB,Z06,Z01,CPT01950,Go Plus,completed,19.93,1.97,9.3,7.7,5.9,0.99,4.6
TRP0184526,2026-03-07 18:00:00,DXB,Z06,Z12,CPT02332,Go,completed,38.34,14.37,48.1,5.8,7.8,1.02,4.2
TRP0184607,2026-03-08 21:00:00,DXB,Z06,Z03,CPT00067,Go,completed,22.99,6.36,24.3,5.7,4.8,1.01,4.5
TRP0184630,2026-03-09 09:00:00,DXB,Z06,Z03,CPT01117,Business,completed,54.73,4.94,18.3,6.6,9.3,1.25,4.6
TRP0185360,2026-03-21 05:00:00,DXB,Z06,Z08,CPT01378,Business,completed,55.38,7.57,14.8,7.0,5.3,1.04,4.5
TRP0185574,2026-03-23 21:00:00,DXB,Z06,Z09,CPT02281,Go Plus,completed,34.16,5.32,20.2,5.8,8.0,1.22,4.6
TRP0185651,2026-03-25 14:00:00,DXB,Z06,Z10,CPT01877,Go,completed,26.7,8.63,27.8,6.6,6.4,0.99,4.8
TRP0185813,2026-03-27 20:00:00,DXB,Z06,Z10,CPT01792,Go,completed,23.3,5.61,18.0,6.5,9.6,1.09,3.8
TRP0185872,2026-03-28 15:00:00,DXB,Z06,Z05,CPT00270,Go,completed,21.55,5.82,17.1,6.8,7.1,0.99,4.7
TRP0185969,2026-03-29 18:00:00,DXB,Z06,Z07,CPT00729,Go,completed,28.84,7.61,27.8,6.6,10.4,1.15,4.8
TRP0186516,2026-04-06 11:00:00,DXB,Z06,Z12,CPT00100,Go,completed,15.89,1.21,7.2,6.7,6.9,1.2,4.6
TRP0186699,2026-04-09 17:00:00,DXB,Z06,Z13,CPT00068,Go,completed,40.01,15.68,32.8,6.2,6.3,1.0,4.8
TRP0186717,2026-04-09 21:00:00,DXB,Z06,Z05,CPT00984,Go Plus,completed,31.44,5.14,16.2,6.8,6.9,1.14,5.0
TRP0186738,2026-04-10 08:00:00,DXB,Z06,Z05,CPT02058,Go,completed,27.65,9.46,18.9,7.1,6.6,0.97,4.7
TRP0186758,2026-04-10 13:00:00,DXB,Z06,Z04,CPT01519,Business,completed,81.69,15.47,41.7,6.8,5.6,1.0,5.0
TRP0187262,2026-04-17 12:00:00,DXB,Z06,Z07,CPT02356,Go,completed,17.28,2.32,6.5,6.2,5.8,1.13,5.0
TRP0187357,2026-04-18 13:00:00,DXB,Z06,Z12,CPT00600,Business,completed,86.07,13.04,36.9,6.0,7.0,1.18,4.5
TRP0187843,2026-04-25 13:00:00,DXB,Z06,Z05,CPT02127,Go Plus,completed,79.47,23.07,56.8,6.5,9.1,1.14,4.6
TRP0187901,2026-04-26 08:00:00,DXB,Z06,Z06,CPT00976,Go Plus,completed,27.3,5.26,16.9,6.8,7.1,0.98,4.7
TRP0187902,2026-04-26 08:00:00,DXB,Z06,Z09,CPT00601,Go,completed,36.2,14.02,44.5,7.4,6.4,0.98,5.0
TRP0188008,2026-04-27 17:00:00,DXB,Z06,Z07,CPT01819,Business,completed,47.87,6.21,14.5,5.9,6.5,0.99,4.4
TRP0188035,2026-04-28 07:00:00,DXB,Z06,Z11,CPT01886,Business,completed,37.92,3.31,11.0,7.2,6.3,1.0,5.0
TRP0188464,2026-05-03 17:00:00,DXB,Z06,Z07,CPT01896,Business,completed,66.58,8.86,33.7,6.4,5.8,1.15,4.8
TRP0188820,2026-05-09 03:00:00,DXB,Z06,Z12,CPT01662,Go,completed,18.65,4.34,12.6,6.8,6.5,0.98,5.0
TRP0189052,2026-05-12 18:00:00,DXB,Z06,Z13,CPT02205,Go Plus,completed,22.65,1.24,3.8,5.2,6.3,1.23,4.3
TRP0189346,2026-05-16 12:00:00,DXB,Z06,Z01,CPT00527,Go,cancelled_rider,0.0,0.0,0.0,6.2,7.2,1.16,
TRP0189388,2026-05-16 19:00:00,DXB,Z06,Z04,CPT01401,Business,completed,52.92,6.02,24.2,6.9,6.7,1.11,4.7
TRP0189554,2026-05-19 12:00:00,DXB,Z06,Z04,CPT00651,Go,completed,62.73,21.62,59.0,5.3,7.5,1.23,4.6
TRP0189768,2026-05-22 14:00:00,DXB,Z06,Z02,CPT01729,Go Plus,completed,21.35,2.4,9.8,6.6,6.6,1.01,4.2
TRP0189938,2026-05-24 10:00:00,DXB,Z06,Z08,CPT00500,Go,completed,23.81,4.87,15.9,7.0,8.7,1.19,4.9
TRP0190222,2026-05-28 18:00:00,DXB,Z06,Z08,CPT02183,Go Plus,completed,47.46,13.4,38.2,6.0,5.0,1.01,4.9
TRP0190231,2026-05-28 19:00:00,DXB,Z06,Z13,CPT01414,Go Plus,completed,46.1,13.84,48.1,6.7,5.2,0.96,4.5
TRP0190372,2026-05-30 14:00:00,DXB,Z06,Z13,CPT00552,Business,completed,57.49,8.59,23.9,5.9,7.3,1.01,5.0
TRP0190465,2026-05-31 15:00:00,DXB,Z06,Z01,CPT01846,Go,completed,24.68,4.56,14.3,7.6,10.5,1.27,4.7
TRP0190701,2026-06-03 22:00:00,DXB,Z06,Z08,CPT02300,Business,completed,89.84,7.12,21.5,6.1,9.1,1.74,4.8
TRP0190859,2026-06-06 06:00:00,DXB,Z06,Z02,CPT01821,Max,completed,46.13,7.35,23.7,6.3,6.0,1.03,5.0
TRP0190925,2026-06-06 22:00:00,DXB,Z06,Z04,CPT01204,Go Plus,completed,38.48,5.81,19.6,6.2,5.7,1.32,4.8
TRP0191400,2026-06-13 12:00:00,DXB,Z06,Z01,CPT00765,Go,completed,24.94,6.42,15.2,7.3,7.7,1.09,5.0
TRP0191431,2026-06-13 17:00:00,DXB,Z06,Z07,CPT00429,Go Plus,completed,24.82,4.18,14.5,6.5,6.8,0.98,4.3
TRP0191490,2026-06-14 11:00:00,DXB,Z06,Z11,CPT02473,Go Plus,completed,35.32,9.06,27.5,6.6,5.5,0.96,4.7
TRP0191530,2026-06-14 18:00:00,DXB,Z06,Z03,CPT00072,Go,completed,27.89,9.13,27.6,6.1,6.2,1.0,5.0
TRP0191939,2026-06-20 07:00:00,DXB,Z06,Z07,CPT01625,Go Plus,completed,33.17,7.66,19.9,7.0,5.7,0.99,5.0
TRP0191954,2026-06-20 09:00:00,DXB,Z06,Z04,CPT02145,Go,completed,30.54,11.07,33.4,5.2,5.9,0.97,4.7
TRP0191994,2026-06-20 17:00:00,DXB,Z06,Z11,CPT01546,Go,completed,28.17,8.98,30.1,6.9,5.6,1.02,4.6
TRP0192202,2026-06-23 09:00:00,DXB,Z06,Z14,CPT00611,Go,completed,25.01,7.44,19.3,5.5,5.5,1.01,4.6
TRP0192484,2026-06-27 08:00:00,DXB,Z06,Z09,CPT01858,Go,completed,24.76,6.11,20.7,5.9,6.3,1.11,4.7
TRP0192516,2026-06-27 15:00:00,DXB,Z06,Z10,CPT01959,Go,completed,34.75,12.84,35.5,6.9,5.8,1.0,4.4
TRP0192597,2026-06-28 12:00:00,DXB,Z06,Z11,CPT01211,Go,completed,16.29,3.04,12.5,5.7,5.6,0.98,4.5
TRP0192643,2026-06-28 20:00:00,DXB,Z06,Z04,CPT00126,Go,completed,17.28,3.49,13.6,5.3,6.1,0.99,5.0
TRP0192748,2026-06-30 18:00:00,DXB,Z06,Z05,CPT00703,Business,completed,83.24,15.67,46.9,6.7,6.9,1.01,4.6
TRP0192930,2025-07-04 12:00:00,AUH,Z07,Z15,CPT02333,Go,completed,15.86,2.8,14.0,10.0,10.2,0.98,4.6
TRP0193050,2025-07-06 05:00:00,AUH,Z07,Z07,CPT01152,Go,completed,28.79,9.31,24.6,7.9,6.8,1.02,5.0
TRP0193216,2025-07-08 22:00:00,AUH,Z07,Z01,CPT00339,Business,completed,74.49,9.6,30.3,9.1,9.8,1.23,4.9
TRP0193970,2025-07-22 09:00:00,AUH,Z07,Z11,CPT00811,Go Plus,completed,29.35,5.77,22.0,9.5,7.9,1.01,4.8
TRP0194017,2025-07-23 07:00:00,AUH,Z07,Z15,CPT02212,Max,completed,63.94,8.07,21.2,9.8,10.4,1.36,3.9
TRP0194196,2025-07-26 06:00:00,AUH,Z07,Z01,CPT00289,Go,completed,36.15,13.79,40.8,10.4,8.8,0.99,4.8
TRP0194282,2025-07-27 09:00:00,AUH,Z07,Z08,CPT01450,Go,completed,20.21,4.98,15.4,10.7,9.5,1.0,4.8
TRP0194487,2025-07-31 05:00:00,AUH,Z07,Z01,CPT00330,Go,completed,29.12,2.8,13.1,7.8,19.7,1.8,4.7
TRP0194549,2025-08-01 07:00:00,AUH,Z07,Z11,CPT00330,Go,completed,25.57,7.74,23.5,7.5,7.4,1.01,4.9
TRP0194648,2025-08-02 20:00:00,AUH,Z07,Z13,CPT00158,Go Plus,completed,29.01,5.75,13.9,8.6,6.2,1.0,4.9
TRP0194714,2025-08-04 07:00:00,AUH,Z07,Z15,CPT01665,Max,completed,71.7,14.32,42.3,10.7,9.9,1.08,5.0
TRP0194719,2025-08-04 08:00:00,AUH,Z07,Z14,CPT01437,Go,completed,36.62,10.83,29.1,9.2,7.5,1.18,4.7
TRP0194968,2025-08-09 06:00:00,AUH,Z07,Z07,CPT02103,Go Plus,completed,40.38,10.76,31.5,9.6,6.1,0.99,4.8
TRP0195077,2025-08-10 19:00:00,AUH,Z07,Z04,CPT00024,Go,completed,17.56,3.94,12.8,8.4,8.2,0.96,4.2
TRP0195151,2025-08-12 12:00:00,AUH,Z07,Z11,CPT00411,Max,completed,46.86,7.87,20.1,6.8,7.4,1.01,4.1
TRP0195252,2025-08-14 10:00:00,AUH,Z07,Z03,CPT01816,Go,completed,17.46,2.26,10.8,8.8,7.7,1.15,5.0
TRP0195483,2025-08-18 14:00:00,AUH,Z07,Z10,CPT01375,Go,completed,15.54,2.54,10.6,8.3,8.2,0.99,4.8
TRP0195512,2025-08-19 06:00:00,AUH,Z07,Z10,CPT01816,Go,completed,56.63,25.94,70.9,9.3,7.3,0.96,4.5
TRP0195581,2025-08-20 08:00:00,AUH,Z07,Z06,CPT01985,Go,completed,25.69,7.67,24.5,8.4,7.3,1.02,4.3
TRP0195583,2025-08-20 08:00:00,AUH,Z07,Z04,CPT02051,Go,completed,25.77,7.71,28.7,9.2,12.2,1.02,4.7
TRP0195642,2025-08-21 15:00:00,AUH,Z07,Z10,CPT02434,Go Plus,completed,30.19,6.0,17.6,9.3,9.1,1.02,4.7
TRP0195774,2025-08-23 18:00:00,AUH,Z07,Z10,CPT00489,Go,completed,25.45,7.54,22.6,8.2,8.3,1.02,5.0
TRP0196525,2025-09-06 05:00:00,AUH,Z07,Z10,CPT00935,Go,completed,12.57,0.92,3.0,8.2,9.3,0.99,4.5
TRP0196626,2025-09-07 16:00:00,AUH,Z07,Z13,CPT01062,Business,completed,63.12,5.96,16.7,8.6,14.1,1.33,4.4
TRP0196636,2025-09-07 20:00:00,AUH,Z07,Z13,CPT01763,Business,completed,43.29,3.42,11.2,7.2,7.5,1.13,4.8
TRP0196736,2025-09-10 04:00:00,AUH,Z07,Z10,CPT00801,Go,completed,24.32,7.07,21.8,9.9,8.7,1.01,4.1
TRP0196853,2025-09-12 07:00:00,AUH,Z07,Z14,CPT00413,Go,completed,28.45,8.56,28.3,9.3,11.1,1.06,4.7
TRP0196944,2025-09-13 14:00:00,AUH,Z07,Z11,CPT01791,Go Plus,completed,25.14,4.1,15.5,8.6,8.7,1.0,5.0
TRP0197025,2025-09-15 01:00:00,AUH,Z07,Z04,CPT02336,Go,completed,30.61,10.94,38.1,8.8,13.2,0.98,4.2
TRP0197043,2025-09-15 08:00:00,AUH,Z07,Z01,CPT00297,Go,completed,23.58,6.93,27.3,9.6,9.9,0.99,5.0
TRP0197165,2025-09-18 01:00:00,AUH,Z07,Z14,CPT00894,Go,completed,14.66,2.14,8.6,11.2,9.4,0.98,4.6
TRP0197452,2025-09-23 08:00:00,AUH,Z07,Z07,CPT01422,Go Plus,completed,30.91,4.84,15.6,8.2,8.3,1.15,5.0
TRP0197463,2025-09-23 10:00:00,AUH,Z07,Z10,CPT00296,Go,completed,36.85,14.38,41.3,8.8,5.9,0.98,4.5
TRP0197484,2025-09-23 18:00:00,AUH,Z07,Z11,CPT01293,Business,completed,39.23,1.71,7.5,9.7,11.2,1.22,4.9
TRP0197789,2025-09-28 17:00:00,AUH,Z07,Z10,CPT02288,Max,completed,36.51,2.8,11.2,8.9,10.2,1.19,4.9
TRP0197812,2025-09-29 06:00:00,AUH,Z07,Z10,CPT01132,Go Plus,completed,69.68,16.75,46.6,6.8,9.8,1.27,4.2
TRP0198020,2025-10-03 08:00:00,AUH,Z07,Z15,CPT00047,Go Plus,completed,37.73,9.62,24.0,8.7,11.4,0.99,4.6
TRP0198545,2025-10-13 05:00:00,AUH,Z07,Z04,CPT00691,Go,completed,31.38,3.86,9.7,9.5,10.2,1.73,4.6
TRP0199098,2025-10-22 13:00:00,AUH,Z07,Z14,CPT01667,Go,completed,44.86,18.55,59.5,9.8,11.5,0.99,5.0
TRP0199178,2025-10-24 05:00:00,AUH,Z07,Z06,CPT00576,Go,completed,27.94,9.95,33.0,7.2,10.3,0.95,4.8
TRP0199184,2025-10-24 07:00:00,AUH,Z07,Z15,CPT01953,Go Plus,completed,40.4,10.77,25.2,10.5,12.6,0.99,4.9
TRP0199247,2025-10-25 07:00:00,AUH,Z07,Z10,CPT01465,Go,completed,24.27,7.58,23.9,9.2,11.2,0.97,4.8
TRP0199323,2025-10-26 07:00:00,AUH,Z07,Z08,CPT02047,Go,completed,34.27,12.58,41.0,8.7,8.7,1.0,5.0
TRP0199817,2025-11-04 19:00:00,AUH,Z07,Z15,CPT00842,Go,completed,20.88,5.23,17.8,9.7,7.6,1.01,5.0
TRP0199910,2025-11-06 20:00:00,AUH,Z07,Z04,CPT02585,Business,completed,93.46,15.55,39.5,7.2,9.7,1.14,4.0
TRP0200188,2025-11-11 18:00:00,AUH,Z07,Z03,CPT01240,Go,completed,21.96,5.47,19.9,9.2,9.5,1.04,4.3
TRP0200215,2025-11-12 02:00:00,AUH,Z07,Z11,CPT00486,Max,completed,29.17,2.22,11.8,9.6,9.7,1.01,4.5
TRP0200255,2025-11-12 19:00:00,AUH,Z07,Z01,CPT01570,Go Plus,completed,26.41,4.53,11.0,6.7,7.8,1.01,4.9
TRP0200924,2025-11-24 15:00:00,AUH,Z07,Z11,CPT02134,Go,completed,35.92,14.07,44.8,9.4,10.5,0.97,5.0
TRP0201560,2025-12-05 12:00:00,AUH,Z07,Z02,CPT00699,Business,completed,51.84,5.75,14.4,8.9,11.9,1.11,4.9
TRP0201593,2025-12-05 21:00:00,AUH,Z07,Z12,CPT01596,Go,completed,23.72,6.75,20.5,9.3,8.4,1.01,4.8
TRP0201775,2025-12-09 08:00:00,AUH,Z07,Z05,CPT00547,Go,completed,40.87,15.5,44.8,10.2,12.0,1.03,4.9
TRP0201935,2025-12-12 08:00:00,AUH,Z07,Z04,CPT01940,Go,completed,35.45,12.84,37.1,9.3,6.2,1.02,4.3
TRP0202233,2025-12-17 18:00:00,AUH,Z07,Z15,CPT02273,Go Plus,completed,19.81,1.92,9.2,8.6,8.9,0.99,4.6
TRP0202314,2025-12-19 05:00:00,AUH,Z07,Z13,CPT00660,Max,completed,29.35,2.37,7.1,8.3,10.0,1.0,4.7
TRP0202340,2025-12-19 15:00:00,AUH,Z07,Z11,CPT02509,Go,completed,29.46,9.98,30.0,8.9,10.3,1.0,5.0
TRP0202400,2025-12-20 11:00:00,AUH,Z07,Z03,CPT01574,Go,completed,13.45,1.4,9.4,9.2,7.7,0.99,4.8
TRP0202552,2025-12-23 08:00:00,AUH,Z07,Z12,CPT00754,Business,completed,44.97,5.27,13.2,8.3,10.0,1.0,4.7
TRP0202823,2025-12-28 05:00:00,AUH,Z07,Z08,CPT02454,Go,completed,21.55,5.94,14.9,9.7,8.1,0.98,4.3
TRP0203179,2026-01-03 08:00:00,AUH,Z07,Z10,CPT01814,Go,completed,47.61,19.04,51.5,9.4,9.2,1.03,3.9
TRP0203195,2026-01-03 16:00:00,AUH,Z07,Z12,CPT02352,Go Plus,completed,24.76,3.94,14.7,9.5,7.7,1.0,4.4
TRP0203275,2026-01-04 22:00:00,AUH,Z07,Z11,CPT02299,Business,completed,67.14,8.45,27.3,9.2,14.5,1.19,4.4
TRP0203720,2026-01-12 11:00:00,AUH,Z07,Z13,CPT01300,Go,completed,23.4,6.58,19.6,10.3,9.4,1.01,5.0
TRP0203780,2026-01-13 11:00:00,AUH,Z07,Z03,CPT00382,Go Plus,completed,28.68,5.14,14.2,7.3,7.7,1.04,4.2
TRP0203805,2026-01-13 18:00:00,AUH,Z07,Z11,CPT01986,Go Plus,completed,26.0,4.58,18.9,8.8,7.2,0.99,4.3
TRP0203858,2026-01-14 19:00:00,AUH,Z07,Z03,CPT00875,Go,completed,25.58,7.88,22.4,10.1,8.3,1.0,5.0
TRP0203859,2026-01-14 19:00:00,AUH,Z07,Z09,CPT01581,Business,completed,43.75,4.93,16.8,9.4,8.7,1.0,4.9
TRP0203929,2026-01-16 06:00:00,AUH,Z07,Z10,CPT00289,Go,completed,33.37,6.94,23.2,9.4,8.8,1.4,5.0
TRP0204561,2026-01-26 05:00:00,AUH,Z07,Z03,CPT00768,Business,completed,31.15,1.26,5.3,6.5,9.1,1.02,4.9
TRP0204641,2026-01-27 18:00:00,AUH,Z07,Z04,CPT00162,Business,completed,79.36,10.0,33.6,8.2,13.6,1.28,4.9
TRP0204700,2026-01-29 05:00:00,AUH,Z07,Z11,CPT02107,Business,completed,43.7,5.04,15.6,8.9,7.3,0.99,5.0
TRP0204783,2026-01-30 07:00:00,AUH,Z07,Z08,CPT01279,Go,completed,33.8,11.62,23.6,9.5,8.5,1.04,4.5
TRP0205004,2026-02-02 12:00:00,AUH,Z07,Z02,CPT01285,Go,completed,30.76,6.19,20.0,9.1,11.8,1.37,4.6
TRP0205137,2026-02-04 19:00:00,AUH,Z07,Z14,CPT01707,Go,completed,22.32,4.73,12.7,8.9,12.5,1.13,4.9
TRP0205356,2026-02-07 20:00:00,AUH,Z07,Z15,CPT00602,Go,completed,17.03,3.35,13.3,10.2,7.6,0.99,4.7
TRP0205458,2026-02-09 20:00:00,AUH,Z07,Z02,CPT02136,Max,completed,34.37,3.99,10.5,8.8,8.9,1.0,5.0
TRP0205462,2026-02-09 21:00:00,AUH,Z07,Z08,CPT00491,Go,completed,27.68,9.17,30.3,9.2,11.3,0.99,4.4
TRP0205836,2026-02-15 16:00:00,AUH,Z07,Z09,CPT02156,Go,completed,24.48,7.42,30.3,10.9,7.3,0.99,4.9
TRP0205844,2026-02-15 18:00:00,AUH,Z07,Z07,CPT00634,Go Plus,completed,29.74,6.06,15.8,10.1,10.1,1.0,4.9
TRP0205846,2026-02-15 19:00:00,AUH,Z07,Z13,CPT01500,Go Plus,completed,46.79,4.98,12.3,9.4,8.6,1.72,4.3
TRP0205915,2026-02-17 07:00:00,AUH,Z07,Z12,CPT00045,Go,completed,38.37,14.19,31.7,8.0,9.2,1.03,5.0
TRP0206099,2026-02-19 21:00:00,AUH,Z07,Z13,CPT02159,Business,completed,108.21,17.62,55.7,9.9,11.7,1.21,4.2
TRP0206287,2026-02-22 05:00:00,AUH,Z07,Z02,CPT01030,Go,completed,21.95,6.16,22.9,7.3,7.2,0.98,5.0
TRP0206746,2026-03-01 06:00:00,AUH,Z07,Z13,CPT00737,Go Plus,completed,38.06,9.6,26.6,6.6,8.1,1.0,4.8
TRP0206908,2026-03-03 20:00:00,AUH,Z07,Z11,CPT01388,Go Plus,completed,57.18,7.55,24.9,7.8,14.3,1.72,4.3
TRP0207142,2026-03-07 18:00:00,AUH,Z07,Z01,CPT01008,Business,completed,45.45,5.53,15.1,9.1,8.4,0.99,5.0
TRP0207375,2026-03-11 07:00:00,AUH,Z07,Z12,CPT01043,Go,completed,22.45,4.34,18.0,9.8,10.3,1.18,4.7
TRP0207490,2026-03-13 06:00:00,AUH,Z07,Z09,CPT01777,Max,completed,32.66,2.57,9.8,8.9,8.6,1.09,4.3
TRP0207583,2026-03-14 08:00:00,AUH,Z07,Z14,CPT02493,Go,completed,28.75,7.93,28.1,8.9,10.9,1.12,4.3
TRP0207926,2026-03-19 18:00:00,AUH,Z07,Z08,CPT02256,Go,completed,19.87,2.93,10.2,9.6,10.6,1.21,4.8
TRP0207986,2026-03-20 12:00:00,AUH,Z07,Z09,CPT01079,Go,completed,36.14,13.02,39.9,7.8,11.5,1.03,4.6
TRP0208100,2026-03-21 16:00:00,AUH,Z07,Z14,CPT02493,Go Plus,completed,23.96,3.4,11.5,8.7,9.7,1.02,5.0
TRP0208192,2026-03-22 16:00:00,AUH,Z07,Z13,CPT00711,Go Plus,completed,53.29,11.84,35.7,9.8,13.0,1.23,4.5
TRP0208345,2026-03-25 03:00:00,AUH,Z07,Z07,CPT00495,Go,completed,19.92,4.82,14.8,9.6,7.4,1.0,4.3
TRP0208802,2026-04-01 06:00:00,AUH,Z07,Z03,CPT01160,Go,completed,18.13,3.57,11.2,9.3,6.2,1.03,4.5
TRP0209136,2026-04-05 15:00:00,AUH,Z07,Z10,CPT00294,Go,completed,37.7,14.43,33.3,9.2,8.1,1.0,4.3
TRP0209295,2026-04-07 23:00:00,AUH,Z07,Z15,CPT01815,Go,completed,31.22,10.76,28.3,10.5,9.9,1.01,4.8
TRP0209392,2026-04-09 13:00:00,AUH,Z07,Z04,CPT00488,Go,completed,36.9,14.0,33.9,8.4,8.2,1.0,4.9
TRP0209422,2026-04-10 03:00:00,AUH,Z07,Z11,CPT01850,Go Plus,completed,87.33,14.52,44.3,8.7,14.2,1.76,4.5
TRP0210150,2026-04-19 17:00:00,AUH,Z07,Z12,CPT00344,Go,completed,17.08,2.37,9.5,9.7,15.1,1.11,4.7
TRP0211065,2026-05-02 07:00:00,AUH,Z07,Z12,CPT02508,Max,completed,63.61,12.08,28.4,8.9,11.2,1.07,4.2
TRP0211231,2026-05-04 15:00:00,AUH,Z07,Z07,CPT01965,Go,completed,31.84,11.44,34.6,6.5,9.3,0.99,4.4
TRP0211636,2026-05-09 23:00:00,AUH,Z07,Z07,CPT01740,Go,completed,30.18,10.37,30.0,8.9,10.9,1.0,4.0
TRP0212081,2026-05-16 05:00:00,AUH,Z07,Z03,CPT00371,Go Plus,completed,23.28,3.41,13.1,8.9,10.2,0.99,4.9
TRP0212314,2026-05-19 08:00:00,AUH,Z07,Z11,CPT01239,Business,completed,33.79,1.55,5.9,9.8,10.3,1.07,4.6
TRP0212434,2026-05-21 00:00:00,AUH,Z07,Z12,CPT00802,Go Plus,completed,22.72,2.79,12.3,8.9,9.5,1.03,4.5
TRP0212449,2026-05-21 07:00:00,AUH,Z07,Z11,CPT02352,Go,completed,22.65,6.42,20.9,9.2,7.8,0.99,4.8
TRP0212470,2026-05-21 11:00:00,AUH,Z07,Z04,CPT00413,Go,completed,35.63,9.34,30.3,9.5,9.5,1.26,4.4
TRP0212561,2026-05-22 16:00:00,AUH,Z07,Z12,CPT01964,Business,completed,65.71,11.79,45.0,7.5,9.4,0.96,4.9
TRP0212587,2026-05-22 23:00:00,AUH,Z07,Z06,CPT01965,Go Plus,completed,19.25,1.68,8.6,9.1,11.2,0.99,4.0
TRP0212602,2026-05-23 06:00:00,AUH,Z07,Z07,CPT01038,Go,completed,23.47,6.87,23.6,8.4,9.1,0.99,4.6
TRP0212619,2026-05-23 08:00:00,AUH,Z07,Z14,CPT01971,Go,completed,28.18,9.76,31.8,9.0,6.2,0.97,4.8
TRP0212654,2026-05-23 16:00:00,AUH,Z07,Z03,CPT01799,Go,completed,17.17,3.43,11.9,9.7,8.9,0.99,5.0
TRP0212690,2026-05-23 22:00:00,AUH,Z07,Z01,CPT00588,Go Plus,completed,42.43,8.45,19.9,7.8,8.0,1.2,4.9
TRP0212783,2026-05-25 11:00:00,AUH,Z07,Z05,CPT02455,Go,completed,20.58,5.18,15.1,8.1,7.7,1.0,4.8
TRP0213195,2026-05-30 15:00:00,AUH,Z07,Z10,CPT01985,Go,completed,28.9,7.64,28.2,8.9,11.5,1.15,4.2
TRP0213533,2026-06-04 12:00:00,AUH,Z07,Z08,CPT01030,Business,completed,38.82,1.84,7.8,7.2,10.1,1.19,4.5
TRP0214248,2026-06-13 15:00:00,AUH,Z07,Z02,CPT01832,Business,completed,89.79,17.97,55.1,8.6,9.5,0.99,5.0
TRP0214557,2026-06-17 21:00:00,AUH,Z07,Z04,CPT01385,Go,completed,30.88,11.26,26.1,8.2,8.9,0.97,4.5
TRP0214637,2026-06-18 19:00:00,AUH,Z07,Z12,CPT01071,Go,completed,28.01,7.22,22.8,10.1,10.6,1.15,4.7
TRP0215063,2026-06-23 23:00:00,AUH,Z07,Z08,CPT00200,Go,completed,26.03,7.85,27.1,9.4,9.4,1.02,4.5
TRP0215396,2026-06-28 05:00:00,AUH,Z07,Z12,CPT02393,Go,completed,13.4,1.37,7.3,10.3,8.3,0.99,5.0
TRP0215467,2026-06-29 06:00:00,AUH,Z07,Z13,CPT02044,Go,completed,38.84,14.84,31.3,8.2,8.9,1.01,5.0
TRP0215524,2026-06-30 06:00:00,AUH,Z07,Z02,CPT02559,Business,completed,53.0,7.5,19.8,8.3,9.3,1.0,5.0
TRP0215645,2025-07-02 08:00:00,AUH,Z08,Z02,CPT02592,Go,cancelled_rider,0.0,0.0,0.0,7.0,7.8,1.71,
TRP0215836,2025-07-05 17:00:00,AUH,Z08,Z13,CPT00525,Go Plus,completed,25.32,4.51,14.0,7.3,4.9,0.97,4.7
TRP0215888,2025-07-06 15:00:00,AUH,Z08,Z11,CPT00691,Go,completed,26.3,5.61,15.7,6.6,6.4,1.23,4.8
TRP0215929,2025-07-07 08:00:00,AUH,Z08,Z02,CPT02155,Go,cancelled_rider,0.0,0.0,0.0,7.2,7.5,0.99,
TRP0216041,2025-07-10 06:00:00,AUH,Z08,Z09,CPT02359,Go,completed,34.12,8.35,25.1,6.6,8.0,1.29,4.6
TRP0216172,2025-07-12 14:00:00,AUH,Z08,Z12,CPT00796,Go,completed,26.19,5.95,18.1,7.0,6.3,1.19,4.8
TRP0216241,2025-07-13 18:00:00,AUH,Z08,Z05,CPT01681,Go,completed,22.78,6.37,18.0,6.9,8.8,1.0,4.3
TRP0216722,2025-07-24 18:00:00,AUH,Z08,Z04,CPT01577,Go,completed,24.01,4.96,17.5,5.7,7.7,1.19,4.3
TRP0216783,2025-07-25 18:00:00,AUH,Z08,Z09,CPT02057,Go,completed,16.27,2.85,13.3,8.3,,1.0,5.0
TRP0217603,2025-08-10 16:00:00,AUH,Z08,Z02,CPT00155,Go Plus,completed,43.77,12.22,38.1,7.1,5.5,0.99,5.0
TRP0217723,2025-08-13 16:00:00,AUH,Z08,Z06,CPT02445,Go Plus,completed,40.72,8.74,28.8,6.2,8.4,1.13,4.6
TRP0218023,2025-08-19 11:00:00,AUH,Z08,Z03,CPT00804,Go Plus,cancelled_rider,0.0,0.0,0.0,6.8,6.8,1.03,
TRP0218220,2025-08-23 11:00:00,AUH,Z08,Z09,CPT00506,Go,completed,55.79,19.61,64.3,5.3,5.9,1.18,5.0
TRP0218410,2025-08-26 22:00:00,AUH,Z08,Z15,CPT01457,Go,completed,14.61,2.03,8.9,7.0,6.6,0.99,4.7
TRP0218728,2025-09-02 12:00:00,AUH,Z08,Z05,CPT01716,Go,completed,30.13,9.42,26.5,8.8,6.1,1.06,4.8
TRP0218738,2025-09-02 15:00:00,AUH,Z08,Z07,CPT00964,Go,completed,25.6,7.89,27.6,6.1,5.8,1.0,5.0
TRP0219029,2025-09-07 23:00:00,AUH,Z08,Z08,CPT01710,Go Plus,completed,32.31,7.29,23.1,6.6,7.8,0.99,5.0
TRP0219047,2025-09-08 09:00:00,AUH,Z08,Z06,CPT02158,Go,completed,29.12,7.86,21.1,7.3,8.2,1.14,4.3
TRP0219311,2025-09-13 13:00:00,AUH,Z08,Z05,CPT00200,Go Plus,completed,28.31,5.33,17.8,7.0,8.0,1.01,4.4
TRP0219328,2025-09-13 17:00:00,AUH,Z08,Z14,CPT00274,Go,completed,20.05,4.89,14.2,7.1,10.4,1.0,4.2
TRP0219492,2025-09-17 04:00:00,AUH,Z08,Z02,CPT00698,Go Plus,completed,27.48,4.65,10.5,8.2,4.9,1.04,4.5
TRP0219851,2025-09-24 14:00:00,AUH,Z08,Z02,CPT01494,Go,completed,24.54,5.2,13.6,7.3,7.7,1.19,4.6
TRP0219940,2025-09-26 13:00:00,AUH,Z08,Z03,CPT01684,Business,completed,45.64,4.2,17.0,7.3,7.7,1.11,4.7
TRP0220254,2025-10-03 11:00:00,AUH,Z08,Z11,CPT00200,Go Plus,cancelled_rider,0.0,0.0,0.0,8.0,10.1,1.38,
TRP0220305,2025-10-04 08:00:00,AUH,Z08,Z01,CPT00394,Go Plus,completed,46.95,10.93,32.3,7.1,7.5,1.14,4.1
TRP0220503,2025-10-08 13:00:00,AUH,Z08,Z11,CPT02215,Go Plus,completed,29.9,6.52,19.8,6.5,6.8,0.97,4.8
TRP0220643,2025-10-11 07:00:00,AUH,Z08,Z04,CPT01754,Max,completed,65.49,14.46,45.2,6.3,5.4,0.98,4.9
TRP0220871,2025-10-16 11:00:00,AUH,Z08,Z07,CPT00820,Go,completed,35.11,12.3,40.3,7.1,6.6,1.04,5.0
TRP0220983,2025-10-18 18:00:00,AUH,Z08,Z06,CPT01581,Go Plus,completed,28.9,5.58,20.9,7.4,4.9,1.01,4.4
TRP0221593,2025-10-31 14:00:00,AUH,Z08,Z15,CPT02151,Business,completed,80.25,15.07,41.7,7.3,6.0,1.0,5.0
TRP0221959,2025-11-08 08:00:00,AUH,Z08,Z12,CPT02396,Go Plus,completed,32.03,7.17,25.7,6.0,8.1,0.99,5.0
TRP0222171,2025-11-12 17:00:00,AUH,Z08,Z13,CPT01077,Business,completed,50.48,6.8,20.0,7.8,6.6,1.0,4.8
TRP0222173,2025-11-12 18:00:00,AUH,Z08,Z03,CPT00330,Go,completed,21.8,6.08,18.6,7.5,7.1,0.98,4.8
TRP0222276,2025-11-14 18:00:00,AUH,Z08,Z02,CPT02026,Go,completed,21.19,4.66,15.5,7.9,10.3,1.08,4.3
TRP0222323,2025-11-15 16:00:00,AUH,Z08,Z05,CPT01282,Go,completed,28.69,6.17,17.0,6.7,5.2,1.28,4.4
TRP0222467,2025-11-18 16:00:00,AUH,Z08,Z12,CPT01417,Business,completed,45.19,5.33,17.8,7.4,8.5,1.0,4.7
TRP0223344,2025-12-06 10:00:00,AUH,Z08,Z01,CPT00772,Go,completed,27.39,8.86,23.5,7.7,8.6,1.0,5.0
TRP0223362,2025-12-06 15:00:00,AUH,Z08,Z08,CPT00887,Go,completed,23.0,6.61,25.6,7.2,6.9,0.99,4.4
TRP0223545,2025-12-10 18:00:00,AUH,Z08,Z12,CPT02195,Go Plus,completed,54.97,17.03,34.2,7.2,7.3,0.99,5.0
TRP0223778,2025-12-14 15:00:00,AUH,Z08,Z05,CPT02280,Go,completed,16.35,1.74,7.8,7.3,7.2,1.15,5.0
TRP0224039,2025-12-19 18:00:00,AUH,Z08,Z14,CPT01586,Go,completed,22.26,5.85,14.2,7.4,6.6,1.02,4.7
TRP0224235,2025-12-23 17:00:00,AUH,Z08,Z11,CPT02011,Business,completed,48.58,5.88,17.3,7.4,7.1,1.03,4.9
TRP0224341,2025-12-25 19:00:00,AUH,Z08,Z13,CPT00053,Go Plus,completed,43.45,10.06,26.7,6.3,7.7,1.11,4.5
TRP0224440,2025-12-27 11:00:00,AUH,Z08,Z11,CPT01940,Business,completed,40.87,3.8,10.6,6.7,6.8,1.03,5.0
TRP0224475,2025-12-28 05:00:00,AUH,Z08,Z09,CPT01812,Go Plus,completed,43.49,11.37,37.3,6.9,4.9,1.03,4.5
TRP0224499,2025-12-28 15:00:00,AUH,Z08,Z04,CPT02038,Business,completed,40.77,3.99,12.4,6.5,6.1,1.01,4.3
TRP0224595,2025-12-30 18:00:00,AUH,Z08,Z01,CPT01405,Go,completed,24.02,7.04,26.1,6.5,7.3,1.0,4.4
TRP0224761,2026-01-03 08:00:00,AUH,Z08,Z11,CPT01786,Go Plus,completed,35.08,5.74,18.0,7.6,7.9,1.21,5.0
TRP0224950,2026-01-07 17:00:00,AUH,Z08,Z01,CPT00444,Go,completed,25.6,8.03,28.6,7.2,6.0,0.99,4.0
TRP0225060,2026-01-09 11:00:00,AUH,Z08,Z11,CPT01786,Go Plus,completed,23.83,3.86,13.9,6.8,7.5,0.97,4.7
TRP0225189,2026-01-11 15:00:00,AUH,Z08,Z01,CPT01522,Go,completed,32.61,8.99,29.6,7.5,9.3,1.18,4.9
TRP0225416,2026-01-16 05:00:00,AUH,Z08,Z15,CPT00147,Business,completed,39.85,4.19,12.8,8.2,7.0,0.97,5.0
TRP0225495,2026-01-17 11:00:00,AUH,Z08,Z14,CPT02015,Go,completed,25.64,7.38,24.9,7.9,8.6,1.04,5.0
TRP0225550,2026-01-18 04:00:00,AUH,Z08,Z14,CPT01541,Go,completed,24.36,7.63,22.2,7.4,6.8,0.97,4.7
TRP0225668,2026-01-20 17:00:00,AUH,Z08,Z11,CPT00482,Go Plus,completed,34.56,8.26,24.6,5.6,7.9,0.99,5.0
TRP0225682,2026-01-20 20:00:00,AUH,Z08,Z08,CPT00056,Business,completed,37.41,3.17,11.0,7.2,6.6,1.0,5.0
TRP0225810,2026-01-23 09:00:00,AUH,Z08,Z11,CPT02047,Go,completed,26.96,9.08,27.0,6.6,8.0,0.97,4.1
TRP0225908,2026-01-25 06:00:00,AUH,Z08,Z05,CPT01620,Go,completed,44.07,17.41,57.2,8.9,8.2,1.02,4.1
TRP0226421,2026-02-02 20:00:00,AUH,Z08,Z01,CPT01707,Go,completed,12.36,0.8,7.9,7.3,7.1,0.99,4.3
TRP0226461,2026-02-03 16:00:00,AUH,Z08,Z01,CPT00724,Go,completed,13.66,1.59,8.8,5.9,7.7,0.98,4.8
TRP0226681,2026-02-07 18:00:00,AUH,Z08,Z08,CPT02385,Max,completed,68.02,11.82,36.1,6.2,9.3,1.16,4.4
TRP0227060,2026-02-14 11:00:00,AUH,Z08,Z15,CPT02399,Go,completed,34.21,9.21,21.7,6.7,7.8,1.22,4.8
TRP0227225,2026-02-17 16:00:00,AUH,Z08,Z01,CPT01012,Go Plus,completed,55.05,16.37,31.6,8.0,7.6,1.02,4.8
TRP0227700,2026-02-25 16:00:00,AUH,Z08,Z02,CPT02256,Go Plus,completed,49.89,10.95,24.7,7.5,9.1,1.21,4.7
TRP0227736,2026-02-26 12:00:00,AUH,Z08,Z05,CPT02273,Business,completed,69.26,8.81,26.3,7.3,8.3,1.2,4.7
TRP0227792,2026-02-27 12:00:00,AUH,Z08,Z08,CPT01873,Go,completed,12.73,0.8,4.5,7.1,8.5,1.02,5.0
TRP0228101,2026-03-05 07:00:00,AUH,Z08,Z12,CPT00064,Max,completed,38.29,5.38,18.2,8.4,5.6,0.99,4.3
TRP0228169,2026-03-06 12:00:00,AUH,Z08,Z13,CPT02594,Go,completed,22.78,4.23,17.0,8.4,10.4,1.21,4.9
TRP0228309,2026-03-08 14:00:00,AUH,Z08,Z08,CPT00909,Go Plus,completed,31.77,6.79,24.2,6.3,9.9,1.01,4.5
TRP0228341,2026-03-09 06:00:00,AUH,Z08,Z10,CPT01457,Go,completed,14.55,2.0,7.6,6.2,6.8,0.99,4.9
TRP0228448,2026-03-11 09:00:00,AUH,Z08,Z06,CPT01840,Go,completed,25.76,2.15,12.0,7.5,10.2,1.72,4.9
TRP0229100,2026-03-21 21:00:00,AUH,Z08,Z05,CPT02107,Go,completed,36.53,8.26,25.4,7.7,8.7,1.39,4.1
TRP0229404,2026-03-27 13:00:00,AUH,Z08,Z07,CPT00495,Go Plus,completed,38.6,3.24,10.8,7.0,8.5,1.67,4.8
TRP0229426,2026-03-27 19:00:00,AUH,Z08,Z15,CPT01316,Go Plus,completed,18.04,1.08,7.0,7.6,8.5,1.0,5.0
TRP0229635,2026-03-31 11:00:00,AUH,Z08,Z11,CPT00691,Go,completed,21.83,4.59,16.4,6.4,10.2,1.12,4.7
TRP0229778,2026-04-02 15:00:00,AUH,Z08,Z05,CPT00511,Max,completed,42.31,6.83,21.9,7.1,7.7,0.98,4.1
TRP0229808,2026-04-03 06:00:00,AUH,Z08,Z05,CPT00478,Max,completed,29.49,2.71,10.8,8.0,6.3,0.97,4.9
TRP0229858,2026-04-03 17:00:00,AUH,Z08,Z05,CPT00699,Business,completed,84.59,15.37,42.6,6.1,5.3,1.04,4.8
TRP0229863,2026-04-03 19:00:00,AUH,Z08,Z12,CPT00133,Go Plus,completed,41.94,9.63,24.5,7.2,6.5,1.1,4.8
TRP0230050,2026-04-06 17:00:00,AUH,Z08,Z12,CPT01030,Go Plus,completed,41.77,11.36,28.7,7.1,8.1,0.99,4.7
TRP0230109,2026-04-07 18:00:00,AUH,Z08,Z11,CPT02399,Business,completed,40.47,3.8,12.7,8.0,6.5,1.02,5.0
TRP0230146,2026-04-08 12:00:00,AUH,Z08,Z10,CPT02283,Go,completed,16.52,3.26,12.8,6.8,7.9,0.97,5.0
TRP0230340,2026-04-11 11:00:00,AUH,Z08,Z04,CPT01540,Go,completed,26.73,6.51,14.2,7.6,7.7,1.16,4.9
TRP0230356,2026-04-11 16:00:00,AUH,Z08,Z01,CPT00238,Go Plus,completed,30.52,6.39,19.4,6.6,8.4,1.0,4.6
TRP0230358,2026-04-11 16:00:00,AUH,Z08,Z04,CPT00134,Go Plus,completed,41.23,10.95,33.6,8.1,6.9,1.0,5.0
TRP0230895,2026-04-19 21:00:00,AUH,Z08,Z09,CPT01174,Go Plus,completed,30.7,6.21,15.8,6.9,5.0,1.02,4.3
TRP0230898,2026-04-19 23:00:00,AUH,Z08,Z01,CPT01361,Business,completed,57.46,8.9,25.5,6.9,7.0,0.99,5.0
TRP0230970,2026-04-21 11:00:00,AUH,Z08,Z10,CPT01888,Business,completed,47.66,6.15,16.9,6.1,8.2,0.99,4.6
TRP0230997,2026-04-21 17:00:00,AUH,Z08,Z14,CPT02562,Max,completed,47.8,8.17,24.0,6.7,8.3,1.01,4.7
TRP0231336,2026-04-26 16:00:00,AUH,Z08,Z10,CPT00395,Business,cancelled_rider,0.0,0.0,0.0,8.0,8.8,1.0,
TRP0231342,2026-04-26 17:00:00,AUH,Z08,Z05,CPT02412,Go,completed,26.08,8.01,23.8,8.4,6.0,1.01,4.3
TRP0231434,2026-04-28 07:00:00,AUH,Z08,Z02,CPT01508,Go,completed,31.58,8.16,27.6,7.4,8.7,1.21,4.0
TRP0231451,2026-04-28 11:00:00,AUH,Z08,Z07,CPT00521,Go,completed,27.72,9.19,22.6,7.6,7.2,0.99,4.9
TRP0231493,2026-04-29 08:00:00,AUH,Z08,Z09,CPT02364,Business,completed,49.54,4.44,14.4,6.7,8.2,1.18,4.7
TRP0231573,2026-04-30 11:00:00,AUH,Z08,Z02,CPT00604,Go,completed,34.63,7.52,20.9,7.2,9.8,1.39,4.6
TRP0231802,2026-05-03 12:00:00,AUH,Z08,Z07,CPT02308,Go,completed,26.03,8.41,21.6,6.6,9.9,0.98,4.2
TRP0232221,2026-05-09 17:00:00,AUH,Z08,Z15,CPT01237,Go,completed,28.01,9.35,20.1,7.2,8.6,0.99,4.4
TRP0232527,2026-05-14 16:00:00,AUH,Z08,Z06,CPT01279,Business,completed,82.96,6.66,20.5,8.0,9.6,1.66,4.7
TRP0232539,2026-05-14 18:00:00,AUH,Z08,Z01,CPT02160,Go,completed,29.96,7.33,22.4,6.3,5.8,1.22,4.0
TRP0233362,2026-05-27 08:00:00,AUH,Z08,Z14,CPT01786,Go,completed,29.96,8.26,26.5,8.7,8.4,1.14,4.2
TRP0233609,2026-05-30 18:00:00,AUH,Z08,Z09,CPT01859,Go,completed,46.38,19.38,41.5,6.7,8.0,0.99,4.8
TRP0233920,2026-06-04 17:00:00,AUH,Z08,Z11,CPT00602,Go,completed,30.46,9.16,35.7,7.7,9.6,1.09,4.5
TRP0233937,2026-06-05 00:00:00,AUH,Z08,Z13,CPT00549,Go Plus,completed,30.98,6.72,17.0,7.7,10.6,0.99,4.8
TRP0234029,2026-06-06 08:00:00,AUH,Z08,Z15,CPT01990,Go Plus,cancelled_rider,0.0,0.0,0.0,6.1,9.0,1.24,
TRP0234091,2026-06-07 06:00:00,AUH,Z08,Z08,CPT01326,Business,completed,37.79,2.97,12.7,7.2,6.1,1.03,4.8
TRP0234217,2026-06-09 07:00:00,AUH,Z08,Z10,CPT01309,Business,completed,47.78,6.05,13.3,7.8,9.0,1.0,4.4
TRP0234277,2026-06-10 08:00:00,AUH,Z08,Z10,CPT02313,Go Plus,completed,30.69,4.96,12.9,7.6,8.4,1.13,4.6
TRP0234876,2026-06-18 20:00:00,AUH,Z08,Z11,CPT00588,Go,completed,27.99,9.65,34.5,8.6,6.5,0.97,4.5
TRP0235095,2026-06-21 18:00:00,AUH,Z08,Z13,CPT00162,Go Plus,completed,24.51,3.15,15.6,9.1,6.1,1.07,5.0
TRP0235229,2026-06-23 22:00:00,AUH,Z08,Z01,CPT00525,Go,completed,32.24,8.11,26.1,7.7,7.2,1.24,4.7
TRP0235680,2026-06-30 00:00:00,AUH,Z08,Z04,CPT02462,Go Plus,completed,56.34,17.62,35.8,6.9,6.7,0.99,5.0
TRP0235702,2026-06-30 11:00:00,AUH,Z08,Z11,CPT02427,Business,completed,48.34,2.58,10.8,6.7,8.6,1.37,5.0
TRP0235955,2025-07-05 23:00:00,AUH,Z09,Z05,CPT01711,Go,completed,21.57,5.83,17.8,6.6,5.4,0.99,5.0
TRP0236263,2025-07-12 22:00:00,AUH,Z09,Z07,CPT01279,Go,completed,31.89,11.12,35.7,6.7,5.4,1.01,4.8
TRP0236463,2025-07-18 07:00:00,AUH,Z09,Z10,CPT02053,Go,completed,41.57,16.3,52.1,6.5,8.3,1.01,4.3
TRP0236710,2025-07-24 07:00:00,AUH,Z09,Z03,CPT00842,Go,completed,20.54,4.94,17.0,7.3,9.1,1.02,4.8
TRP0237481,2025-08-11 14:00:00,AUH,Z09,Z14,CPT01274,Go,completed,24.79,7.32,22.3,6.2,8.1,1.01,4.9
TRP0237499,2025-08-11 22:00:00,AUH,Z09,Z09,CPT02393,Go Plus,completed,32.79,3.74,13.8,7.1,10.8,1.35,3.9
TRP0237511,2025-08-12 12:00:00,AUH,Z09,Z07,CPT01132,Go,completed,45.38,8.57,23.2,6.7,11.7,1.69,4.8
TRP0237512,2025-08-12 13:00:00,AUH,Z09,Z06,CPT02220,Go Plus,completed,33.4,7.76,24.8,7.4,4.2,0.99,5.0
TRP0237534,2025-08-12 21:00:00,AUH,Z09,Z08,CPT00075,Go,completed,12.35,1.31,6.0,6.2,5.1,0.92,4.7
TRP0237564,2025-08-13 18:00:00,AUH,Z09,Z11,CPT02248,Go,completed,69.58,30.22,97.4,7.0,6.4,1.04,4.1
TRP0237658,2025-08-15 20:00:00,AUH,Z09,Z11,CPT00801,Go,completed,34.39,11.11,28.8,6.0,9.3,1.09,4.8
TRP0237682,2025-08-16 10:00:00,AUH,Z09,Z09,CPT00370,Go,completed,38.69,14.76,44.3,6.7,8.9,1.01,4.5
TRP0237745,2025-08-17 18:00:00,AUH,Z09,Z12,CPT00297,Max,completed,97.3,19.73,40.9,7.4,9.9,1.17,4.7
TRP0237911,2025-08-22 08:00:00,AUH,Z09,Z13,CPT00161,Go Plus,completed,32.91,7.27,16.5,7.5,6.4,1.01,4.5
TRP0238358,2025-09-02 18:00:00,AUH,Z09,Z04,CPT01391,Go,completed,24.71,7.41,23.7,7.2,6.2,1.0,4.5
TRP0238697,2025-09-10 17:00:00,AUH,Z09,Z08,CPT00991,Max,completed,33.01,3.66,15.7,8.0,7.0,0.99,4.5
TRP0238716,2025-09-11 06:00:00,AUH,Z09,Z06,CPT01714,Go,completed,21.54,5.47,16.3,7.0,6.8,1.02,4.9
TRP0238897,2025-09-15 07:00:00,AUH,Z09,Z10,CPT01964,Go,completed,46.09,19.22,64.8,5.7,5.9,0.99,5.0
TRP0239265,2025-09-23 20:00:00,AUH,Z09,Z01,CPT00691,Go Plus,completed,56.46,11.2,34.1,5.8,6.4,1.35,5.0
TRP0239450,2025-09-27 22:00:00,AUH,Z09,Z06,CPT01903,Go,completed,53.27,22.01,47.8,7.7,8.3,1.03,4.9
TRP0239467,2025-09-28 16:00:00,AUH,Z09,Z07,CPT02334,Go,completed,12.85,1.07,8.0,6.8,6.0,0.99,4.9
TRP0239625,2025-10-02 20:00:00,AUH,Z09,Z08,CPT01132,Go Plus,completed,36.14,8.94,27.0,7.8,8.5,0.99,4.8
TRP0239700,2025-10-04 14:00:00,AUH,Z09,Z09,CPT02396,Go Plus,completed,28.0,3.17,9.1,8.0,8.0,1.22,5.0
TRP0240030,2025-10-13 07:00:00,AUH,Z09,Z09,CPT01163,Go,completed,31.47,4.24,16.0,7.7,11.7,1.67,4.2
TRP0240042,2025-10-13 13:00:00,AUH,Z09,Z04,CPT01226,Go,completed,24.12,4.57,16.2,7.4,8.7,1.24,4.4
TRP0240105,2025-10-14 22:00:00,AUH,Z09,Z12,CPT02329,Go,completed,23.34,6.93,21.1,6.5,6.1,0.98,4.7
TRP0240107,2025-10-14 22:00:00,AUH,Z09,Z03,CPT01910,Business,completed,111.35,24.34,56.0,6.2,4.9,0.98,4.4
TRP0240384,2025-10-21 12:00:00,AUH,Z09,Z13,CPT00420,Go Plus,completed,42.7,11.76,35.5,6.2,7.2,0.99,5.0
TRP0240603,2025-10-26 05:00:00,AUH,Z09,Z15,CPT00712,Go Plus,completed,41.09,10.89,29.2,6.5,9.5,1.0,4.2
TRP0240624,2025-10-26 14:00:00,AUH,Z09,Z07,CPT01303,Go,completed,16.29,2.77,7.9,8.1,6.6,1.01,5.0
TRP0240932,2025-11-02 06:00:00,AUH,Z09,Z01,CPT01294,Go Plus,cancelled_rider,0.0,0.0,0.0,7.9,6.8,0.94,
TRP0240976,2025-11-03 00:00:00,AUH,Z09,Z03,CPT02546,Go,completed,25.1,7.62,21.9,6.3,7.5,1.0,4.6
TRP0241374,2025-11-13 10:00:00,AUH,Z09,Z09,CPT02476,Go Plus,completed,42.22,11.02,35.2,6.8,7.8,1.02,4.3
TRP0241422,2025-11-14 10:00:00,AUH,Z09,Z10,CPT00571,Go,completed,50.9,21.03,61.6,7.9,6.8,1.02,4.3
TRP0241502,2025-11-15 22:00:00,AUH,Z09,Z02,CPT00291,Go Plus,completed,29.6,6.0,21.9,7.5,6.4,1.0,4.9
TRP0242228,2025-12-02 20:00:00,AUH,Z09,Z04,CPT00177,Go Plus,completed,58.66,13.7,38.1,6.9,7.8,1.23,4.5
TRP0242319,2025-12-05 10:00:00,AUH,Z09,Z11,CPT00859,Go,completed,48.3,14.94,53.1,7.6,10.3,1.25,4.7
TRP0242327,2025-12-05 13:00:00,AUH,Z09,Z14,CPT01146,Go,completed,35.92,14.07,33.0,8.2,6.4,0.97,5.0
TRP0242524,2025-12-10 18:00:00,AUH,Z09,Z12,CPT00158,Go,completed,26.43,8.78,29.1,7.6,7.1,0.97,4.6
TRP0242558,2025-12-11 17:00:00,AUH,Z09,Z06,CPT02568,Go,completed,19.85,4.68,14.7,6.3,7.5,1.01,4.5
TRP0243630,2026-01-06 12:00:00,AUH,Z09,Z12,CPT02578,Go Plus,completed,34.61,8.13,28.3,5.9,7.9,1.0,4.5
TRP0243740,2026-01-09 08:00:00,AUH,Z09,Z06,CPT01824,Go,completed,27.48,9.21,22.3,6.5,6.0,0.98,4.7
TRP0243742,2026-01-09 09:00:00,AUH,Z09,Z13,CPT01850,Go,completed,24.54,7.19,22.4,7.2,8.8,1.01,4.5
TRP0244479,2026-01-25 12:00:00,AUH,Z09,Z04,CPT02194,Go,completed,28.19,3.07,11.8,7.2,10.2,1.69,4.1
TRP0244898,2026-02-03 19:00:00,AUH,Z09,Z13,CPT01798,Go Plus,completed,21.35,2.49,9.1,7.3,8.3,1.0,4.1
TRP0244995,2026-02-05 21:00:00,AUH,Z09,Z06,CPT00238,Go,completed,31.2,10.43,35.2,6.6,6.2,1.03,4.6
TRP0245431,2026-02-14 20:00:00,AUH,Z09,Z01,CPT00795,Go,completed,18.66,3.75,13.6,6.2,7.9,1.04,4.4
TRP0245493,2026-02-16 06:00:00,AUH,Z09,Z15,CPT00698,Business,completed,47.43,6.36,15.5,6.9,8.2,0.97,5.0
TRP0245557,2026-02-17 14:00:00,AUH,Z09,Z09,CPT00377,Go,completed,21.91,5.78,17.0,6.7,6.2,1.01,4.8
TRP0245624,2026-02-18 18:00:00,AUH,Z09,Z13,CPT02184,Go,completed,22.6,6.52,15.0,7.5,7.7,0.98,5.0
TRP0245799,2026-02-22 04:00:00,AUH,Z09,Z10,CPT00556,Business,completed,44.04,5.01,17.6,7.2,6.6,1.0,4.1
TRP0246155,2026-03-02 12:00:00,AUH,Z09,Z13,CPT02509,Go Plus,completed,37.71,9.45,25.8,6.3,6.1,1.0,4.8
TRP0246211,2026-03-03 19:00:00,AUH,Z09,Z02,CPT00394,Go,completed,25.52,7.58,22.0,6.9,7.7,1.02,4.3
TRP0246251,2026-03-04 14:00:00,AUH,Z09,Z12,CPT01577,Go,completed,17.98,3.97,14.5,7.6,5.8,0.98,4.7
TRP0246276,2026-03-04 21:00:00,AUH,Z09,Z13,CPT00557,Go Plus,completed,33.91,7.28,20.6,7.4,6.1,1.04,4.2
TRP0246359,2026-03-06 16:00:00,AUH,Z09,Z13,CPT00773,Business,completed,55.71,7.24,23.1,6.4,8.3,1.07,4.9
TRP0246564,2026-03-10 18:00:00,AUH,Z09,Z04,CPT00731,Go Plus,completed,22.48,3.37,11.0,6.2,7.9,0.96,4.6
TRP0246750,2026-03-14 19:00:00,AUH,Z09,Z13,CPT01323,Go Plus,completed,26.31,4.49,15.1,7.2,6.5,1.01,5.0
TRP0247070,2026-03-20 18:00:00,AUH,Z09,Z09,CPT02345,Go Plus,completed,38.5,10.12,23.2,7.6,4.6,0.98,4.8
TRP0247335,2026-03-26 12:00:00,AUH,Z09,Z05,CPT02399,Go,completed,24.47,7.15,16.5,7.1,5.7,1.01,4.5
TRP0247372,2026-03-27 06:00:00,AUH,Z09,Z01,CPT00339,Business,completed,71.61,12.87,42.3,6.5,5.9,0.99,4.1
TRP0247501,2026-03-28 22:00:00,AUH,Z09,Z02,CPT01828,Business,completed,88.06,17.24,50.4,6.3,5.4,1.0,4.8
TRP0247591,2026-03-30 20:00:00,AUH,Z09,Z15,CPT00156,Go,completed,20.93,5.37,21.8,7.2,6.1,1.0,4.4
TRP0247608,2026-03-31 08:00:00,AUH,Z09,Z11,CPT01533,Go,completed,38.12,14.06,41.2,5.6,7.2,1.03,4.2
TRP0247657,2026-03-31 22:00:00,AUH,Z09,Z08,CPT01661,Business,completed,124.85,17.55,50.6,7.8,10.3,1.4,5.0
TRP0247699,2026-04-01 20:00:00,AUH,Z09,Z11,CPT02108,Go,completed,37.87,14.32,42.6,5.2,5.2,1.01,4.8
TRP0247705,2026-04-01 22:00:00,AUH,Z09,Z09,CPT00827,Go,completed,45.01,12.21,43.9,7.4,9.1,1.34,4.8
TRP0247718,2026-04-02 10:00:00,AUH,Z09,Z01,CPT00955,Go,completed,16.79,3.22,13.8,8.0,8.8,0.99,4.7
TRP0247987,2026-04-06 21:00:00,AUH,Z09,Z15,CPT00556,Go,completed,35.46,14.02,43.9,6.5,10.4,0.96,4.6
TRP0248136,2026-04-10 08:00:00,AUH,Z09,Z11,CPT02131,Go,completed,34.18,9.2,25.0,8.6,6.7,1.22,4.5
TRP0248298,2026-04-12 18:00:00,AUH,Z09,Z04,CPT01054,Go,completed,16.05,1.73,6.0,8.0,6.2,1.13,4.4
TRP0248677,2026-04-19 23:00:00,AUH,Z09,Z06,CPT01816,Go Plus,completed,43.93,11.73,36.0,7.8,7.3,1.02,4.8
TRP0248857,2026-04-23 22:00:00,AUH,Z09,Z15,CPT02431,Go Plus,completed,27.2,4.75,16.3,7.2,6.2,1.02,4.6
TRP0248910,2026-04-24 19:00:00,AUH,Z09,Z08,CPT00554,Go,completed,19.44,4.56,16.3,7.5,4.9,1.0,4.7
TRP0248914,2026-04-24 20:00:00,AUH,Z09,Z11,CPT01354,Go,completed,20.77,4.45,11.4,6.6,8.0,1.08,4.6
TRP0249047,2026-04-26 21:00:00,AUH,Z09,Z13,CPT01996,Go,completed,48.9,11.56,36.9,6.3,10.4,1.51,4.3
TRP0249078,2026-04-27 15:00:00,AUH,Z09,Z09,CPT01239,Business,completed,37.34,3.47,15.1,6.5,5.2,0.97,4.7
TRP0249250,2026-05-01 07:00:00,AUH,Z09,Z12,CPT01815,Go,cancelled_rider,0.0,0.0,0.0,6.9,7.4,0.99,
TRP0249344,2026-05-02 14:00:00,AUH,Z09,Z05,CPT00293,Max,completed,35.02,4.2,14.5,8.1,6.9,1.0,5.0
TRP0249894,2026-05-12 18:00:00,AUH,Z09,Z12,CPT01216,Go Plus,completed,39.54,8.7,24.0,5.5,7.5,1.1,4.4
TRP0249902,2026-05-12 21:00:00,AUH,Z09,Z15,CPT02493,Max,completed,35.2,4.49,19.2,7.2,7.8,0.98,4.7
TRP0250077,2026-05-16 06:00:00,AUH,Z09,Z13,CPT01179,Go,completed,32.31,12.06,37.4,6.6,6.0,0.97,4.8
TRP0250338,2026-05-20 20:00:00,AUH,Z09,Z07,CPT02484,Go,completed,36.33,14.09,46.4,6.6,8.6,0.98,4.0
TRP0250728,2026-05-27 17:00:00,AUH,Z09,Z12,CPT02462,Go Plus,completed,22.65,3.24,10.8,7.8,8.6,0.98,4.8
TRP0250855,2026-05-29 18:00:00,AUH,Z09,Z07,CPT01185,Business,completed,30.45,1.41,6.6,7.7,4.4,0.98,4.8
TRP0250913,2026-05-30 17:00:00,AUH,Z09,Z12,CPT00482,Go,completed,21.36,5.6,19.0,6.8,8.1,1.0,4.7
TRP0251159,2026-06-04 17:00:00,AUH,Z09,Z04,CPT01661,Go Plus,completed,25.32,3.2,9.8,7.1,8.1,1.1,4.7
TRP0251679,2026-06-13 12:00:00,AUH,Z09,Z02,CPT02194,Go,completed,31.51,10.92,24.2,8.3,6.6,1.01,4.9
TRP0251841,2026-06-15 21:00:00,AUH,Z09,Z08,CPT00875,Go Plus,completed,49.19,13.53,34.7,5.9,6.3,1.04,4.7
TRP0251917,2026-06-17 08:00:00,AUH,Z09,Z01,CPT00731,Go,completed,32.3,11.87,39.2,6.9,6.2,0.98,4.7
TRP0251963,2026-06-18 12:00:00,AUH,Z09,Z07,CPT00547,Business,cancelled_rider,0.0,0.0,0.0,7.4,9.8,1.77,
TRP0252500,2026-06-27 10:00:00,AUH,Z09,Z08,CPT02350,Go Plus,completed,62.65,19.54,61.9,7.3,8.5,1.02,4.2
TRP0252643,2026-06-29 22:00:00,AUH,Z09,Z08,CPT02162,Go Plus,completed,29.9,5.88,13.3,7.1,7.4,1.02,5.0
TRP0252778,2025-07-03 22:00:00,AUH,Z10,Z07,CPT02364,Go,completed,25.22,7.42,18.6,8.1,12.4,1.02,4.7
TRP0252798,2025-07-04 14:00:00,AUH,Z10,Z10,CPT00099,Go,completed,12.57,0.99,8.4,11.2,9.4,0.98,4.3
TRP0252844,2025-07-05 17:00:00,AUH,Z10,Z04,CPT01468,Go,completed,39.09,14.57,40.2,9.4,8.8,1.03,4.4
TRP0253358,2025-07-20 16:00:00,AUH,Z10,Z04,CPT01759,Go Plus,completed,53.0,12.2,32.9,9.3,9.2,1.2,4.9
TRP0253463,2025-07-24 14:00:00,AUH,Z10,Z03,CPT02052,Go Plus,completed,24.56,4.29,14.3,9.6,8.4,0.96,4.9
TRP0253755,2025-08-03 14:00:00,AUH,Z10,Z03,CPT01900,Go,completed,64.7,29.38,80.1,9.5,9.4,0.99,4.8
TRP0253838,2025-08-06 08:00:00,AUH,Z10,Z01,CPT01871,Go,completed,25.78,7.85,23.0,9.9,9.3,1.01,5.0
TRP0254104,2025-08-14 09:00:00,AUH,Z10,Z04,CPT00053,Go Plus,completed,39.58,3.14,9.4,10.6,8.9,1.73,5.0
TRP0254123,2025-08-15 07:00:00,AUH,Z10,Z02,CPT00525,Business,completed,78.56,9.96,31.6,9.2,9.4,1.27,4.8
TRP0254134,2025-08-15 18:00:00,AUH,Z10,Z04,CPT02242,Go,completed,21.31,5.69,20.7,8.4,9.9,0.99,4.4
TRP0254358,2025-08-22 18:00:00,AUH,Z10,Z11,CPT01627,Business,completed,69.63,12.12,31.1,10.0,7.8,1.0,4.5
TRP0254400,2025-08-23 22:00:00,AUH,Z10,Z02,CPT00230,Go Plus,completed,44.35,12.09,21.0,9.8,9.1,1.01,4.6
TRP0254715,2025-09-02 07:00:00,AUH,Z10,Z04,CPT02151,Go,completed,20.39,2.16,8.4,8.8,13.7,1.36,4.8
TRP0254847,2025-09-06 19:00:00,AUH,Z10,Z08,CPT01702,Business,completed,54.73,7.83,20.7,8.8,9.9,1.01,4.4
TRP0254851,2025-09-06 21:00:00,AUH,Z10,Z01,CPT01599,Go,completed,29.93,7.65,24.3,8.2,10.6,1.19,5.0
TRP0254988,2025-09-11 06:00:00,AUH,Z10,Z04,CPT00936,Max,completed,40.07,5.96,20.1,9.6,8.0,0.99,4.7
TRP0255120,2025-09-15 10:00:00,AUH,Z10,Z12,CPT00471,Go,completed,27.37,9.0,17.5,10.1,11.3,0.99,4.3
TRP0255296,2025-09-20 18:00:00,AUH,Z10,Z01,CPT00394,Go,completed,36.71,14.3,33.9,7.7,7.9,0.98,4.6
TRP0255311,2025-09-20 21:00:00,AUH,Z10,Z11,CPT01814,Go,completed,17.78,2.41,9.2,9.5,9.1,1.15,4.5
TRP0255618,2025-10-01 13:00:00,AUH,Z10,Z12,CPT01515,Go Plus,completed,44.05,12.15,36.6,9.3,11.1,1.0,4.7
TRP0255632,2025-10-01 20:00:00,AUH,Z10,Z07,CPT01561,Business,completed,42.17,2.54,12.6,8.5,7.6,1.2,4.2
TRP0255680,2025-10-03 13:00:00,AUH,Z10,Z06,CPT00551,Go,completed,35.48,5.47,15.2,11.4,12.1,1.68,5.0
TRP0256069,2025-10-15 10:00:00,AUH,Z10,Z03,CPT00466,Go,completed,34.58,5.05,14.2,9.6,10.4,1.7,4.6
TRP0256244,2025-10-20 18:00:00,AUH,Z10,Z01,CPT01815,Go,completed,36.09,13.18,39.0,9.1,11.4,1.02,4.4
TRP0256299,2025-10-23 10:00:00,AUH,Z10,Z08,CPT02123,Go,completed,33.44,12.31,39.7,10.6,8.6,0.99,4.6
TRP0256321,2025-10-23 19:00:00,AUH,Z10,Z12,CPT02406,Go Plus,completed,42.9,11.3,37.4,9.3,10.1,1.02,4.8
TRP0256493,2025-10-28 23:00:00,AUH,Z10,Z09,CPT00932,Go,completed,17.8,3.58,12.0,9.6,9.1,1.01,4.8
TRP0256985,2025-11-13 11:00:00,AUH,Z10,Z13,CPT01843,Go,completed,42.74,17.87,53.7,8.4,11.2,0.97,4.6
TRP0257027,2025-11-14 18:00:00,AUH,Z10,Z15,CPT01391,Business,completed,37.81,3.28,8.1,9.5,7.3,1.0,4.5
TRP0257425,2025-11-26 14:00:00,AUH,Z10,Z07,CPT02431,Go Plus,completed,33.48,7.51,21.5,8.7,9.2,1.01,4.8
TRP0257457,2025-11-27 11:00:00,AUH,Z10,Z12,CPT02280,Business,completed,68.16,8.96,28.8,8.8,10.6,1.17,4.3
TRP0257707,2025-12-05 14:00:00,AUH,Z10,Z14,CPT02366,Go Plus,completed,32.35,7.31,23.4,9.5,7.0,0.99,5.0
TRP0258003,2025-12-13 19:00:00,AUH,Z10,Z02,CPT01817,Go,completed,29.65,10.41,29.7,8.1,11.0,0.98,4.6
TRP0258102,2025-12-17 15:00:00,AUH,Z10,Z14,CPT02598,Go Plus,completed,42.53,11.5,27.9,9.3,11.0,1.0,4.3
TRP0258371,2025-12-26 06:00:00,AUH,Z10,Z06,CPT02216,Go,completed,24.43,6.75,19.7,10.2,13.4,1.04,4.1
TRP0258510,2025-12-29 22:00:00,AUH,Z10,Z08,CPT01417,Business,completed,34.97,2.59,10.5,10.1,13.4,0.99,3.9
TRP0258571,2026-01-01 13:00:00,AUH,Z10,Z14,CPT00453,Go Plus,completed,35.94,8.4,25.7,8.5,9.2,1.02,4.4
TRP0258734,2026-01-05 16:00:00,AUH,Z10,Z06,CPT01985,Go,cancelled_rider,0.0,0.0,0.0,10.3,14.1,1.35,
TRP0259123,2026-01-17 14:00:00,AUH,Z10,Z11,CPT01232,Go,completed,39.88,15.61,41.7,8.9,8.0,1.0,4.7
TRP0259228,2026-01-20 15:00:00,AUH,Z10,Z03,CPT00420,Go,completed,47.05,18.99,58.2,8.6,7.2,1.02,4.3
TRP0259338,2026-01-23 21:00:00,AUH,Z10,Z14,CPT02443,Go,completed,34.64,12.06,28.9,8.5,10.3,1.04,4.9
TRP0259392,2026-01-25 10:00:00,AUH,Z10,Z10,CPT02594,Go Plus,completed,76.5,12.44,29.1,9.0,13.3,1.71,4.0
TRP0259408,2026-01-25 18:00:00,AUH,Z10,Z03,CPT01985,Go,completed,18.62,2.44,7.5,11.0,10.5,1.2,4.3
TRP0259442,2026-01-26 19:00:00,AUH,Z10,Z01,CPT00754,Go Plus,completed,38.23,9.51,28.6,8.2,9.9,1.01,5.0
TRP0259763,2026-02-05 13:00:00,AUH,Z10,Z09,CPT01990,Go,completed,53.83,22.58,57.7,9.5,11.0,1.02,4.1
TRP0259776,2026-02-05 17:00:00,AUH,Z10,Z11,CPT01132,Go,completed,22.75,6.35,22.5,9.1,10.9,1.0,4.9
TRP0259953,2026-02-10 05:00:00,AUH,Z10,Z10,CPT00904,Go,completed,40.53,14.92,42.7,8.8,8.2,1.05,4.3
TRP0260233,2026-02-17 12:00:00,AUH,Z10,Z12,CPT02222,Go Plus,completed,47.52,7.35,24.9,10.6,11.8,1.45,4.6
TRP0260587,2026-02-26 14:00:00,AUH,Z10,Z12,CPT01781,Go Plus,completed,30.0,2.86,11.8,8.2,7.9,1.35,4.6
TRP0261331,2026-03-18 16:00:00,AUH,Z10,Z14,CPT00830,Max,completed,54.22,10.75,26.4,8.9,12.3,0.98,4.7
TRP0262020,2026-04-04 23:00:00,AUH,Z10,Z07,CPT00509,Go Plus,completed,62.4,20.78,63.1,9.5,10.7,0.97,4.6
TRP0262056,2026-04-05 19:00:00,AUH,Z10,Z10,CPT00294,Go,completed,18.21,4.1,9.3,8.4,8.4,0.98,5.0
TRP0262417,2026-04-15 19:00:00,AUH,Z10,Z15,CPT01667,Go Plus,completed,57.32,18.04,38.0,9.1,8.3,0.99,4.8
TRP0262547,2026-04-19 00:00:00,AUH,Z10,Z11,CPT02333,Go,completed,33.07,12.11,28.2,8.7,8.9,0.99,4.8
TRP0262615,2026-04-21 00:00:00,AUH,Z10,Z06,CPT01681,Go Plus,completed,25.9,4.21,12.6,7.8,11.0,1.02,4.8
TRP0262658,2026-04-22 11:00:00,AUH,Z10,Z12,CPT00399,Go Plus,completed,32.79,7.22,25.6,9.9,7.3,1.01,4.8
TRP0262714,2026-04-23 19:00:00,AUH,Z10,Z12,CPT01545,Go,completed,22.96,6.72,23.8,8.9,10.1,0.98,4.4
TRP0262728,2026-04-24 04:00:00,AUH,Z10,Z11,CPT02404,Go,completed,27.69,9.02,35.4,10.3,10.9,1.0,4.2
TRP0262815,2026-04-25 18:00:00,AUH,Z10,Z08,CPT01293,Business,completed,43.27,3.51,13.5,8.2,12.3,1.12,4.3
TRP0262873,2026-04-26 22:00:00,AUH,Z10,Z11,CPT01045,Go,completed,30.11,10.33,33.8,10.0,12.6,1.0,4.7
TRP0262886,2026-04-27 10:00:00,AUH,Z10,Z15,CPT00133,Go,completed,31.97,11.69,30.0,10.8,7.5,0.98,4.9
TRP0262891,2026-04-27 12:00:00,AUH,Z10,Z12,CPT01105,Go,cancelled_rider,0.0,0.0,0.0,9.9,11.6,1.25,
TRP0263067,2026-05-01 19:00:00,AUH,Z10,Z02,CPT02107,Go,completed,16.04,2.99,8.7,11.4,10.1,0.97,4.7
TRP0263100,2026-05-02 14:00:00,AUH,Z10,Z12,CPT00444,Go,completed,43.39,14.45,48.8,10.2,10.3,1.15,4.7
TRP0263106,2026-05-02 15:00:00,AUH,Z10,Z09,CPT01659,Business,completed,65.49,10.79,18.2,9.1,4.6,1.01,5.0
TRP0263145,2026-05-03 14:00:00,AUH,Z10,Z05,CPT00060,Go,completed,12.91,1.03,7.1,9.2,5.0,1.0,4.8
TRP0263518,2026-05-12 16:00:00,AUH,Z10,Z08,CPT00413,Business,cancelled_rider,0.0,0.0,0.0,8.0,8.9,1.02,
TRP0263545,2026-05-13 03:00:00,AUH,Z10,Z07,CPT01479,Business,completed,49.37,6.63,27.0,10.1,,0.99,4.9
TRP0263632,2026-05-15 07:00:00,AUH,Z10,Z02,CPT00213,Go,completed,59.04,20.43,59.2,6.9,13.1,1.21,4.5
TRP0263652,2026-05-15 16:00:00,AUH,Z10,Z01,CPT02585,Max,completed,76.26,13.93,47.7,9.4,10.9,1.17,4.0
TRP0263717,2026-05-16 18:00:00,AUH,Z10,Z09,CPT00971,Go,completed,26.48,6.72,20.3,10.8,6.1,1.13,4.7
TRP0263835,2026-05-19 19:00:00,AUH,Z10,Z15,CPT02578,Go,completed,24.69,7.14,17.5,10.5,7.7,1.02,5.0
TRP0264026,2026-05-23 16:00:00,AUH,Z10,Z08,CPT00481,Business,completed,47.25,6.31,19.6,9.8,8.3,0.97,4.7
TRP0264136,2026-05-26 14:00:00,AUH,Z10,Z03,CPT01089,Go,completed,15.03,2.26,9.1,9.5,7.6,0.99,5.0
TRP0264230,2026-05-28 21:00:00,AUH,Z10,Z06,CPT00904,Go Plus,cancelled_rider,0.0,0.0,0.0,10.7,7.6,1.13,
TRP0264910,2026-06-13 10:00:00,AUH,Z10,Z13,CPT00701,Go,completed,47.02,19.22,42.5,9.3,8.0,1.01,4.6
TRP0265182,2026-06-19 07:00:00,AUH,Z10,Z02,CPT00711,Go,completed,21.12,3.73,12.8,9.8,10.0,1.18,5.0
TRP0265459,2026-06-25 20:00:00,AUH,Z10,Z01,CPT02549,Go Plus,completed,50.21,14.35,40.2,8.1,9.4,1.02,4.6
TRP0265470,2026-06-26 00:00:00,AUH,Z10,Z07,CPT00106,Go Plus,completed,19.14,1.63,9.5,9.3,8.9,0.99,4.5
TRP0265490,2026-06-26 12:00:00,AUH,Z10,Z08,CPT02406,Go,completed,25.08,6.16,19.9,9.7,12.2,1.12,4.6
TRP0265600,2026-06-28 06:00:00,AUH,Z10,Z09,CPT01465,Go Plus,completed,27.75,1.9,9.1,9.8,11.9,1.39,4.5
TRP0265659,2026-06-29 16:00:00,AUH,Z10,Z14,CPT02542,Max,completed,59.95,12.05,28.1,8.4,9.1,1.01,4.7
TRP0265667,2026-06-29 19:00:00,AUH,Z10,Z01,CPT00413,Go Plus,completed,35.09,5.35,17.9,10.8,10.4,1.25,5.0
TRP0265771,2025-07-03 11:00:00,AUH,Z11,Z01,CPT01250,Go Plus,completed,22.99,3.49,10.5,4.1,7.3,0.97,4.4
TRP0265983,2025-07-08 20:00:00,AUH,Z11,Z12,CPT01262,Go,completed,30.13,10.02,26.4,4.6,7.6,1.02,4.3
TRP0265996,2025-07-09 11:00:00,AUH,Z11,Z07,CPT02280,Go,completed,35.32,13.34,35.8,4.2,6.2,0.99,4.5
TRP0266448,2025-07-21 07:00:00,AUH,Z11,Z10,CPT00446,Business,completed,64.77,10.59,31.4,4.5,6.8,1.01,4.8
TRP0266582,2025-07-25 17:00:00,AUH,Z11,Z04,CPT00556,Business,completed,47.04,4.24,12.8,5.2,9.0,1.14,5.0
TRP0266645,2025-07-27 13:00:00,AUH,Z11,Z02,CPT01770,Go,completed,41.05,15.81,48.7,4.5,7.2,1.02,5.0
TRP0267111,2025-08-09 07:00:00,AUH,Z11,Z01,CPT01900,Go Plus,completed,42.46,6.99,21.5,4.9,12.5,1.33,4.2
TRP0267370,2025-08-16 11:00:00,AUH,Z11,Z10,CPT00044,Business,completed,41.65,4.83,17.3,5.8,9.2,0.96,4.6
TRP0267507,2025-08-20 12:00:00,AUH,Z11,Z06,CPT01812,Go Plus,completed,41.95,11.08,32.9,4.9,10.6,1.01,4.3
TRP0267568,2025-08-21 18:00:00,AUH,Z11,Z13,CPT00997,Business,cancelled_rider,0.0,0.0,0.0,4.9,8.5,1.19,
TRP0267705,2025-08-25 16:00:00,AUH,Z11,Z02,CPT01272,Go,completed,20.98,5.51,18.9,4.9,10.9,0.99,4.7
TRP0268311,2025-09-12 02:00:00,AUH,Z11,Z15,CPT00012,Go,completed,22.0,5.83,20.5,4.6,7.6,1.01,5.0
TRP0268367,2025-09-13 12:00:00,AUH,Z11,Z05,CPT00850,Business,completed,56.13,5.25,15.5,4.4,9.3,1.25,4.2
TRP0268654,2025-09-21 13:00:00,AUH,Z11,Z04,CPT01025,Go,completed,32.42,6.57,18.4,4.9,9.8,1.4,4.6
TRP0268885,2025-09-29 09:00:00,AUH,Z11,Z14,CPT00967,Go,completed,18.84,4.24,16.7,4.1,11.3,1.0,4.2
TRP0268957,2025-09-30 21:00:00,AUH,Z11,Z06,CPT02256,Go Plus,completed,30.42,6.75,26.2,4.9,8.8,0.97,4.5
TRP0269243,2025-10-09 16:00:00,AUH,Z11,Z07,CPT00446,Go Plus,completed,33.71,8.04,28.5,5.2,6.9,0.98,5.0
TRP0269339,2025-10-12 16:00:00,AUH,Z11,Z15,CPT00420,Go,completed,23.35,6.55,22.2,5.4,9.4,1.01,5.0
TRP0269396,2025-10-14 07:00:00,AUH,Z11,Z09,CPT00133,Go,completed,16.06,2.91,11.1,5.1,7.9,0.98,4.5
TRP0269584,2025-10-19 17:00:00,AUH,Z11,Z10,CPT00660,Go Plus,completed,25.11,3.88,15.0,5.4,7.1,1.02,4.8
TRP0269606,2025-10-20 16:00:00,AUH,Z11,Z09,CPT01479,Go,completed,28.95,7.66,26.4,5.4,6.9,1.15,4.1
TRP0269702,2025-10-23 07:00:00,AUH,Z11,Z12,CPT01964,Go,completed,20.73,5.26,14.6,5.3,8.0,1.0,4.6
TRP0270266,2025-11-07 15:00:00,AUH,Z11,Z13,CPT02530,Go,completed,20.12,4.93,16.3,5.0,9.8,1.0,4.3
TRP0270323,2025-11-08 19:00:00,AUH,Z11,Z02,CPT01780,Go,completed,19.03,4.24,14.0,4.6,4.7,1.01,4.5
TRP0270434,2025-11-11 23:00:00,AUH,Z11,Z02,CPT00588,Go,completed,14.1,1.83,9.3,5.3,5.3,0.98,4.7
TRP0270551,2025-11-15 18:00:00,AUH,Z11,Z08,CPT01903,Go,completed,19.41,3.59,15.3,5.6,11.7,1.1,4.5
TRP0270568,2025-11-16 02:00:00,AUH,Z11,Z05,CPT01503,Business,completed,34.54,2.47,9.8,4.7,11.7,0.99,4.8
TRP0270780,2025-11-22 06:00:00,AUH,Z11,Z02,CPT00208,Go,completed,35.11,13.62,37.6,5.1,7.9,0.97,4.1
TRP0270848,2025-11-23 14:00:00,AUH,Z11,Z15,CPT00842,Max,completed,35.16,4.36,15.4,4.5,8.8,0.99,4.4
TRP0271500,2025-12-12 14:00:00,AUH,Z11,Z03,CPT01239,Go,completed,18.9,4.17,11.8,5.0,6.7,1.01,4.7
TRP0271592,2025-12-14 12:00:00,AUH,Z11,Z14,CPT00048,Go Plus,completed,22.98,3.28,14.4,5.4,7.5,0.99,4.6
TRP0271600,2025-12-14 15:00:00,AUH,Z11,Z05,CPT02366,Go,completed,31.51,7.9,27.7,6.4,,1.23,4.7
TRP0271619,2025-12-14 19:00:00,AUH,Z11,Z02,CPT01303,Go Plus,cancelled_rider,0.0,0.0,0.0,4.1,8.4,0.99,
TRP0271645,2025-12-15 12:00:00,AUH,Z11,Z14,CPT00066,Business,completed,71.66,13.09,32.2,4.0,7.0,0.98,4.7
TRP0272060,2025-12-26 13:00:00,AUH,Z11,Z04,CPT01829,Go,completed,33.72,4.47,12.8,5.0,13.5,1.75,4.7
TRP0272366,2026-01-03 12:00:00,AUH,Z11,Z03,CPT00339,Go Plus,completed,39.35,11.41,31.1,4.7,9.5,0.93,4.9
TRP0272493,2026-01-07 07:00:00,AUH,Z11,Z11,CPT00296,Go Plus,completed,32.93,7.28,17.3,5.6,8.3,1.01,4.9
TRP0272520,2026-01-08 07:00:00,AUH,Z11,Z09,CPT00147,Go,completed,16.66,3.34,12.8,5.1,10.0,0.97,4.5
TRP0272539,2026-01-08 17:00:00,AUH,Z11,Z11,CPT00950,Go,completed,43.79,18.21,46.7,4.4,8.4,0.98,4.7
TRP0272758,2026-01-14 18:00:00,AUH,Z11,Z05,CPT01805,Go Plus,completed,39.02,10.01,27.4,5.1,8.8,1.0,4.2
TRP0273425,2026-01-31 14:00:00,AUH,Z11,Z15,CPT02484,Go Plus,completed,36.21,8.51,21.6,4.2,,1.02,4.6
TRP0273723,2026-02-08 11:00:00,AUH,Z11,Z07,CPT00780,Go Plus,completed,30.0,5.68,17.2,4.4,10.2,1.04,4.2
TRP0273853,2026-02-11 18:00:00,AUH,Z11,Z05,CPT00347,Go Plus,completed,28.68,5.61,15.0,3.8,7.0,1.0,4.3
TRP0274023,2026-02-15 15:00:00,AUH,Z11,Z01,CPT00411,Go Plus,completed,49.55,14.28,41.4,4.8,6.1,1.01,5.0
TRP0274170,2026-02-19 18:00:00,AUH,Z11,Z07,CPT01152,Go,completed,37.63,13.8,34.4,5.3,8.3,1.03,4.8
TRP0274439,2026-02-26 08:00:00,AUH,Z11,Z13,CPT02542,Go Plus,completed,45.87,12.73,37.3,5.8,7.9,1.01,4.0
TRP0274479,2026-02-27 10:00:00,AUH,Z11,Z10,CPT01279,Go,completed,16.36,2.64,10.1,4.6,8.1,1.03,4.3
TRP0274555,2026-02-28 18:00:00,AUH,Z11,Z03,CPT01465,Max,cancelled_rider,0.0,0.0,0.0,4.0,9.9,1.0,
TRP0274752,2026-03-05 09:00:00,AUH,Z11,Z12,CPT01910,Go,completed,19.64,4.78,14.3,4.8,7.7,0.99,4.8
TRP0275088,2026-03-12 13:00:00,AUH,Z11,Z01,CPT01872,Business,completed,71.78,12.52,39.2,4.9,6.7,1.01,4.4
TRP0275445,2026-03-19 22:00:00,AUH,Z11,Z13,CPT00375,Go,completed,15.18,2.34,11.4,5.3,6.9,0.99,5.0
TRP0275592,2026-03-22 21:00:00,AUH,Z11,Z07,CPT00171,Go,completed,17.43,3.67,11.9,5.0,9.2,0.98,4.7
TRP0275662,2026-03-24 20:00:00,AUH,Z11,Z15,CPT01911,Go,completed,28.4,9.56,25.7,5.4,8.8,0.99,4.2
TRP0275669,2026-03-25 06:00:00,AUH,Z11,Z10,CPT01226,Max,completed,27.0,1.79,6.7,5.2,10.0,0.98,4.7
TRP0275790,2026-03-27 20:00:00,AUH,Z11,Z12,CPT00012,Go,completed,22.61,5.92,17.4,5.3,9.5,1.03,4.6
TRP0276819,2026-04-18 19:00:00,AUH,Z11,Z07,CPT01930,Business,completed,35.59,2.97,9.3,4.8,9.8,0.97,4.3
TRP0276874,2026-04-19 22:00:00,AUH,Z11,Z07,CPT01444,Go,completed,18.79,4.21,14.9,5.3,8.0,1.0,5.0
TRP0276909,2026-04-20 19:00:00,AUH,Z11,Z02,CPT01437,Max,cancelled_rider,0.0,0.0,0.0,4.0,8.1,1.05,
TRP0277057,2026-04-23 20:00:00,AUH,Z11,Z07,CPT00162,Business,cancelled_rider,0.0,0.0,0.0,3.6,7.3,1.02,
TRP0277227,2026-04-27 12:00:00,AUH,Z11,Z13,CPT02389,Go,completed,24.11,7.22,25.4,3.8,6.1,0.99,4.2
TRP0277478,2026-05-03 07:00:00,AUH,Z11,Z15,CPT01417,Go,cancelled_rider,0.0,0.0,0.0,4.4,7.9,1.02,
TRP0278046,2026-05-15 13:00:00,AUH,Z11,Z03,CPT01104,Business,cancelled_rider,0.0,0.0,0.0,4.1,8.5,0.99,
TRP0278063,2026-05-15 19:00:00,AUH,Z11,Z03,CPT01388,Go,completed,23.91,7.11,24.1,4.9,6.9,0.99,5.0
TRP0278251,2026-05-19 15:00:00,AUH,Z11,Z07,CPT01512,Business,completed,42.63,4.62,13.2,4.7,7.9,1.0,4.6
TRP0278439,2026-05-22 20:00:00,AUH,Z11,Z07,CPT00787,Max,completed,43.32,6.47,23.6,5.0,7.7,1.03,4.7
TRP0278610,2026-05-26 17:00:00,AUH,Z11,Z02,CPT02178,Business,completed,53.61,7.67,26.9,4.4,10.4,1.0,4.3
TRP0278683,2026-05-28 11:00:00,AUH,Z11,Z14,CPT00399,Go,completed,34.31,8.89,20.8,4.9,10.7,1.25,4.3
TRP0278736,2026-05-29 13:00:00,AUH,Z11,Z09,CPT02412,Go,completed,45.01,19.4,62.5,4.8,7.8,0.96,5.0
TRP0278758,2026-05-29 19:00:00,AUH,Z11,Z15,CPT01394,Go Plus,completed,63.78,16.6,45.1,5.2,12.1,1.17,4.8
TRP0278830,2026-05-30 22:00:00,AUH,Z11,Z13,CPT01696,Go,completed,22.31,4.45,18.4,5.1,11.3,1.16,5.0
TRP0278913,2026-06-01 16:00:00,AUH,Z11,Z03,CPT00178,Go,completed,34.77,13.23,35.7,5.5,,0.98,4.7
TRP0278966,2026-06-03 09:00:00,AUH,Z11,Z05,CPT01320,Go,completed,30.99,10.32,32.4,5.2,6.0,1.03,5.0
TRP0279579,2026-06-14 20:00:00,AUH,Z11,Z09,CPT00932,Go Plus,completed,32.37,4.25,20.4,4.9,8.8,1.27,4.8
TRP0279652,2026-06-16 18:00:00,AUH,Z11,Z10,CPT02352,Max,completed,31.54,2.78,10.7,4.4,8.3,1.03,5.0
TRP0279732,2026-06-18 19:00:00,AUH,Z11,Z04,CPT00204,Go Plus,completed,51.96,15.74,42.5,4.9,8.5,0.99,4.6
TRP0279857,2026-06-20 21:00:00,AUH,Z11,Z13,CPT00495,Max,completed,40.65,5.76,23.2,4.9,8.5,1.02,5.0
TRP0280229,2026-06-27 20:00:00,AUH,Z11,Z08,CPT02329,Business,completed,49.88,4.52,18.2,4.6,7.9,1.18,4.4
TRP0280275,2026-06-28 17:00:00,AUH,Z11,Z06,CPT00850,Go Plus,completed,34.48,7.93,24.5,4.4,7.4,1.01,4.3
TRP0280653,2025-07-05 18:00:00,SHJ,Z12,Z13,CPT00435,Business,cancelled_rider,0.0,0.0,0.0,8.0,7.9,1.01,
TRP0280715,2025-07-06 17:00:00,SHJ,Z12,Z07,CPT00864,Go Plus,completed,40.58,9.85,41.9,7.1,8.4,1.05,4.6
TRP0281045,2025-07-12 22:00:00,SHJ,Z12,Z05,CPT01452,Business,completed,40.4,3.89,14.1,7.0,6.5,1.01,4.7
TRP0281047,2025-07-12 22:00:00,SHJ,Z12,Z07,CPT00582,Go,completed,28.94,9.54,26.0,7.2,6.9,1.01,4.6
TRP0281232,2025-07-16 17:00:00,SHJ,Z12,Z11,CPT00541,Go Plus,completed,52.11,15.58,30.9,8.2,8.5,1.0,4.7
TRP0281240,2025-07-16 18:00:00,SHJ,Z12,Z15,CPT00687,Go Plus,completed,28.17,4.3,13.1,7.3,7.7,1.1,5.0
TRP0281352,2025-07-18 15:00:00,SHJ,Z12,Z15,CPT01936,Go,completed,15.56,2.3,11.6,7.5,5.8,1.02,4.8
TRP0281375,2025-07-18 20:00:00,SHJ,Z12,Z09,CPT00474,Go,completed,58.09,22.6,62.2,7.2,8.4,1.1,4.6
TRP0281386,2025-07-18 23:00:00,SHJ,Z12,Z03,CPT00423,Business,completed,64.25,11.37,30.0,7.7,7.1,0.96,5.0
TRP0281451,2025-07-19 19:00:00,SHJ,Z12,Z04,CPT01241,Go,completed,30.16,10.52,26.9,7.6,7.2,0.99,4.8
TRP0281558,2025-07-21 16:00:00,SHJ,Z12,Z01,CPT00202,Go Plus,completed,42.94,11.86,37.7,7.6,5.3,0.99,4.6
TRP0281777,2025-07-26 08:00:00,SHJ,Z12,Z13,CPT01276,Go,cancelled_rider,0.0,0.0,0.0,6.3,8.8,1.02,
TRP0281835,2025-07-27 08:00:00,SHJ,Z12,Z06,CPT02409,Go,completed,40.2,10.15,29.2,6.6,8.4,1.35,5.0
TRP0282569,2025-08-09 16:00:00,SHJ,Z12,Z03,CPT02236,Go,completed,26.3,7.99,29.6,8.2,6.6,1.02,4.6
TRP0282658,2025-08-11 07:00:00,SHJ,Z12,Z11,CPT01635,Go,completed,27.82,9.4,22.7,7.0,6.9,0.98,4.2
TRP0282687,2025-08-11 18:00:00,SHJ,Z12,Z11,CPT02130,Business,completed,81.96,11.91,39.7,7.4,11.6,1.19,4.6
TRP0282851,2025-08-14 19:00:00,SHJ,Z12,Z01,CPT01367,Go,completed,15.98,2.69,11.6,6.4,6.1,1.0,4.5
TRP0283236,2025-08-21 19:00:00,SHJ,Z12,Z09,CPT00738,Go,completed,29.55,8.98,31.4,6.4,7.4,1.07,4.4
TRP0283510,2025-08-26 06:00:00,SHJ,Z12,Z10,CPT00080,Go,completed,19.26,3.97,18.1,9.2,8.2,1.05,4.8
TRP0283524,2025-08-26 13:00:00,SHJ,Z12,Z05,CPT02467,Go Plus,completed,57.48,17.62,45.1,8.1,6.8,1.01,4.4
TRP0283768,2025-08-30 22:00:00,SHJ,Z12,Z07,CPT01265,Go,completed,30.04,10.29,38.2,7.6,5.5,1.0,4.9
TRP0283870,2025-09-01 20:00:00,SHJ,Z12,Z05,CPT01852,Go Plus,completed,31.7,7.03,15.8,7.7,5.4,0.99,4.8
TRP0284042,2025-09-05 19:00:00,SHJ,Z12,Z07,CPT00890,Go,completed,26.73,6.3,19.9,6.8,8.0,1.18,4.4
TRP0284775,2025-09-19 21:00:00,SHJ,Z12,Z03,CPT00640,Max,completed,35.78,4.33,13.5,6.7,5.9,1.01,4.5
TRP0285109,2025-09-26 06:00:00,SHJ,Z12,Z09,CPT01184,Go,completed,21.48,5.55,16.1,6.2,8.4,1.01,4.7
TRP0285201,2025-09-27 16:00:00,SHJ,Z12,Z07,CPT00714,Business,completed,55.8,7.13,26.9,7.6,7.2,1.08,5.0
TRP0285435,2025-10-01 18:00:00,SHJ,Z12,Z02,CPT01281,Go,completed,25.95,8.37,29.4,7.3,8.0,0.98,4.4
TRP0285587,2025-10-04 09:00:00,SHJ,Z12,Z06,CPT01833,Go,completed,45.36,19.33,53.3,8.6,9.5,0.97,4.5
TRP0285834,2025-10-09 06:00:00,SHJ,Z12,Z12,CPT00613,Go,cancelled_rider,0.0,0.0,0.0,7.5,7.0,1.02,
TRP0285968,2025-10-11 15:00:00,SHJ,Z12,Z10,CPT02588,Go,completed,16.36,2.64,11.2,6.6,7.4,1.03,4.3
TRP0286086,2025-10-13 19:00:00,SHJ,Z12,Z09,CPT00817,Business,completed,59.98,9.44,37.2,8.1,5.8,1.0,4.7
TRP0286095,2025-10-13 23:00:00,SHJ,Z12,Z02,CPT00050,Go,completed,19.59,4.86,16.3,8.3,5.7,0.98,4.7
TRP0286239,2025-10-16 16:00:00,SHJ,Z12,Z07,CPT01139,Go Plus,completed,38.66,10.19,29.8,7.8,7.3,0.98,4.7
TRP0286289,2025-10-17 16:00:00,SHJ,Z12,Z08,CPT00367,Go Plus,completed,28.03,5.7,20.2,8.6,6.3,0.97,4.3
TRP0286450,2025-10-20 15:00:00,SHJ,Z12,Z13,CPT02253,Go,completed,35.33,13.74,41.1,5.4,8.2,0.97,4.3
TRP0286814,2025-10-27 14:00:00,SHJ,Z12,Z04,CPT00469,Max,completed,58.71,6.24,20.2,8.6,10.0,1.42,4.9
TRP0286847,2025-10-28 00:00:00,SHJ,Z12,Z01,CPT01521,Go Plus,completed,52.83,6.55,17.1,6.1,8.6,1.71,4.4
TRP0286934,2025-10-29 18:00:00,SHJ,Z12,Z08,CPT00241,Go Plus,completed,37.8,6.48,16.5,8.9,8.5,1.23,4.3
TRP0287013,2025-10-31 09:00:00,SHJ,Z12,Z09,CPT01157,Go,completed,24.62,7.23,20.2,7.4,7.4,1.01,4.6
TRP0287088,2025-11-01 11:00:00,SHJ,Z12,Z11,CPT00198,Business,completed,70.51,6.97,20.9,7.0,8.4,1.38,5.0
TRP0287122,2025-11-01 20:00:00,SHJ,Z12,Z06,CPT01569,Go Plus,completed,38.01,10.08,29.6,6.5,6.6,0.97,5.0
TRP0287212,2025-11-03 15:00:00,SHJ,Z12,Z05,CPT00769,Business,completed,100.36,15.26,47.5,8.6,7.9,1.24,4.6
TRP0287432,2025-11-07 17:00:00,SHJ,Z12,Z05,CPT02289,Go Plus,completed,32.6,6.13,17.9,7.2,7.5,1.09,4.4
TRP0287540,2025-11-09 13:00:00,SHJ,Z12,Z15,CPT01563,Max,completed,35.37,4.09,15.5,8.0,6.5,1.02,4.3
TRP0287674,2025-11-12 10:00:00,SHJ,Z12,Z02,CPT01207,Go Plus,completed,74.67,25.18,79.6,6.4,8.9,1.0,4.4
TRP0288635,2025-12-01 08:00:00,SHJ,Z12,Z02,CPT01597,Go Plus,completed,26.05,4.38,13.8,7.0,7.2,1.01,4.6
TRP0288819,2025-12-05 00:00:00,SHJ,Z12,Z04,CPT02437,Max,completed,39.42,5.88,19.6,8.3,7.9,0.98,4.5
TRP0288889,2025-12-06 06:00:00,SHJ,Z12,Z13,CPT00838,Go,completed,15.93,2.75,8.1,7.5,6.7,0.99,5.0
TRP0288908,2025-12-06 14:00:00,SHJ,Z12,Z09,CPT00121,Go,completed,20.01,4.87,16.9,7.9,8.3,1.0,4.7
TRP0289025,2025-12-08 18:00:00,SHJ,Z12,Z15,CPT00870,Go,completed,21.55,4.55,15.5,7.7,7.3,1.11,5.0
TRP0289029,2025-12-08 19:00:00,SHJ,Z12,Z08,CPT01928,Go,completed,44.05,18.35,40.0,8.4,7.8,0.98,5.0
TRP0289161,2025-12-11 02:00:00,SHJ,Z12,Z03,CPT02217,Business,completed,80.51,6.09,25.5,7.2,13.5,1.68,5.0
TRP0289470,2025-12-16 21:00:00,SHJ,Z12,Z15,CPT01616,Go,completed,17.58,3.46,12.1,8.8,8.6,1.01,5.0
TRP0289513,2025-12-17 19:00:00,SHJ,Z12,Z10,CPT01998,Go Plus,completed,36.88,9.42,26.3,7.9,7.9,0.98,4.1
TRP0289520,2025-12-17 22:00:00,SHJ,Z12,Z07,CPT00383,Go Plus,cancelled_rider,0.0,0.0,0.0,6.9,13.3,1.66,
TRP0289611,2025-12-19 16:00:00,SHJ,Z12,Z08,CPT01670,Business,completed,30.95,1.29,4.5,9.2,8.4,1.01,4.4
TRP0289648,2025-12-19 21:00:00,SHJ,Z12,Z15,CPT01281,Go,completed,31.74,11.56,28.2,8.5,8.2,0.98,4.7
TRP0289925,2025-12-24 18:00:00,SHJ,Z12,Z13,CPT01874,Go,completed,37.9,11.87,33.6,8.5,8.6,1.15,5.0
TRP0290191,2025-12-29 15:00:00,SHJ,Z12,Z12,CPT01041,Go,completed,29.57,6.74,18.6,7.9,8.0,1.26,4.6
TRP0290235,2025-12-30 07:00:00,SHJ,Z12,Z04,CPT01431,Go Plus,completed,30.89,6.55,23.0,8.4,7.8,1.0,4.6
TRP0290608,2026-01-05 18:00:00,SHJ,Z12,Z06,CPT01171,Go Plus,completed,26.24,4.8,14.6,8.0,8.6,0.98,4.4
TRP0290627,2026-01-06 10:00:00,SHJ,Z12,Z02,CPT00393,Go Plus,completed,35.87,8.98,27.2,8.6,9.8,0.98,4.3
TRP0290802,2026-01-09 19:00:00,SHJ,Z12,Z09,CPT01046,Go,completed,14.38,1.53,6.4,7.7,10.0,1.04,4.6
TRP0290860,2026-01-10 17:00:00,SHJ,Z12,Z02,CPT00247,Go,completed,14.26,1.61,6.7,8.2,7.2,1.02,4.8
TRP0290867,2026-01-10 18:00:00,SHJ,Z12,Z01,CPT00587,Business,completed,44.02,5.13,16.3,6.0,5.8,0.99,4.3
TRP0290870,2026-01-10 19:00:00,SHJ,Z12,Z11,CPT01721,Go,completed,41.91,16.05,53.3,7.8,7.0,1.03,4.6
TRP0290978,2026-01-12 22:00:00,SHJ,Z12,Z03,CPT01907,Go,completed,17.53,3.53,11.6,7.8,6.7,1.0,4.7
TRP0290997,2026-01-13 16:00:00,SHJ,Z12,Z10,CPT00902,Go,completed,27.9,8.84,29.4,7.5,9.9,1.02,4.3
TRP0291060,2026-01-14 16:00:00,SHJ,Z12,Z03,CPT01349,Max,completed,30.61,2.68,8.9,8.6,5.8,1.01,3.6
TRP0291247,2026-01-17 20:00:00,SHJ,Z12,Z11,CPT02472,Go,completed,42.84,15.3,45.3,7.0,9.5,1.09,4.6
TRP0291267,2026-01-18 10:00:00,SHJ,Z12,Z06,CPT01263,Go,completed,36.63,14.26,39.2,8.3,7.5,0.98,4.5
TRP0291335,2026-01-19 16:00:00,SHJ,Z12,Z15,CPT01808,Business,completed,76.66,10.09,21.2,8.4,10.4,1.23,4.7
TRP0291458,2026-01-22 06:00:00,SHJ,Z12,Z01,CPT01362,Go,completed,15.57,2.64,11.1,8.0,6.3,0.98,4.8
TRP0291498,2026-01-22 21:00:00,SHJ,Z12,Z15,CPT00873,Go,completed,17.83,3.89,12.7,8.1,6.0,0.98,4.6
TRP0291947,2026-01-30 20:00:00,SHJ,Z12,Z09,CPT00468,Go,completed,29.06,9.76,27.8,7.4,7.6,1.0,4.5
TRP0292096,2026-02-02 15:00:00,SHJ,Z12,Z02,CPT00284,Go,completed,18.01,3.99,12.2,7.4,6.5,0.98,5.0
TRP0292097,2026-02-02 15:00:00,SHJ,Z12,Z12,CPT00101,Go,completed,17.62,3.77,11.1,8.0,7.4,0.98,4.5
TRP0292281,2026-02-06 14:00:00,SHJ,Z12,Z10,CPT00784,Go Plus,completed,88.96,31.64,77.2,8.1,6.3,0.99,4.7
TRP0292350,2026-02-07 18:00:00,SHJ,Z12,Z14,CPT00406,Business,completed,94.15,17.22,43.6,6.1,7.5,1.07,4.4
TRP0292559,2026-02-11 12:00:00,SHJ,Z12,Z13,CPT00006,Max,completed,69.89,10.94,35.0,8.1,8.7,1.25,5.0
TRP0292598,2026-02-12 06:00:00,SHJ,Z12,Z08,CPT00656,Go,completed,31.0,10.48,30.9,8.7,7.5,1.02,5.0
TRP0292842,2026-02-16 07:00:00,SHJ,Z12,Z09,CPT01280,Go Plus,completed,34.01,5.99,16.1,7.6,10.2,1.15,4.8
TRP0294001,2026-03-07 07:00:00,SHJ,Z12,Z15,CPT01774,Go,completed,19.78,4.64,15.4,8.3,7.8,1.01,4.7
TRP0294322,2026-03-12 09:00:00,SHJ,Z12,Z15,CPT01477,Go,completed,21.69,5.66,19.4,7.5,8.0,1.01,4.6
TRP0294429,2026-03-13 20:00:00,SHJ,Z12,Z13,CPT02066,Max,completed,38.21,5.23,16.8,7.5,9.9,1.0,4.7
TRP0294777,2026-03-19 04:00:00,SHJ,Z12,Z13,CPT02409,Go,completed,21.81,5.5,17.0,6.1,7.1,1.03,4.5
TRP0295117,2026-03-23 17:00:00,SHJ,Z12,Z14,CPT01612,Go,completed,32.02,10.86,29.4,6.8,8.9,1.03,5.0
TRP0295261,2026-03-25 18:00:00,SHJ,Z12,Z14,CPT01597,Go Plus,completed,55.59,17.3,57.3,8.4,9.8,0.99,4.6
TRP0295346,2026-03-26 21:00:00,SHJ,Z12,Z15,CPT00840,Go,completed,26.72,8.79,29.4,8.7,6.6,0.98,4.2
TRP0295445,2026-03-28 12:00:00,SHJ,Z12,Z06,CPT01942,Go,completed,35.21,10.32,25.8,6.3,8.7,1.17,4.5
TRP0295644,2026-03-31 07:00:00,SHJ,Z12,Z14,CPT00231,Max,completed,59.07,11.77,35.1,6.6,9.3,1.01,4.7
TRP0295701,2026-03-31 21:00:00,SHJ,Z12,Z04,CPT01371,Go,completed,36.14,13.99,38.8,7.4,8.0,0.98,4.7
TRP0295756,2026-04-01 19:00:00,SHJ,Z12,Z13,CPT01363,Go,completed,45.1,14.37,36.0,8.9,7.4,1.2,4.8
TRP0295867,2026-04-03 13:00:00,SHJ,Z12,Z09,CPT00596,Go,completed,24.4,7.11,23.9,5.2,8.6,1.01,4.1
TRP0296338,2026-04-09 20:00:00,SHJ,Z12,Z15,CPT02130,Go,completed,37.81,14.49,38.0,7.4,6.9,1.0,4.5
TRP0296648,2026-04-13 20:00:00,SHJ,Z12,Z08,CPT02432,Go Plus,completed,26.71,4.44,14.9,7.6,6.4,1.03,4.6
TRP0296973,2026-04-18 14:00:00,SHJ,Z12,Z14,CPT00897,Go,completed,28.58,9.66,27.1,8.0,5.5,0.99,4.4
TRP0297004,2026-04-18 20:00:00,SHJ,Z12,Z11,CPT02113,Go Plus,completed,42.06,11.3,28.5,7.3,7.4,1.0,5.0
TRP0297462,2026-04-25 20:00:00,SHJ,Z12,Z04,CPT01157,Go,completed,38.39,14.2,27.9,6.6,6.1,1.03,4.7
TRP0297594,2026-04-27 23:00:00,SHJ,Z12,Z15,CPT01889,Go Plus,completed,32.23,7.12,18.9,7.6,5.6,1.0,4.4
TRP0297728,2026-04-30 08:00:00,SHJ,Z12,Z06,CPT02243,Go,completed,13.66,1.51,6.6,8.3,7.4,0.99,4.3
TRP0297947,2026-05-03 02:00:00,SHJ,Z12,Z05,CPT00769,Go Plus,completed,24.07,3.75,13.6,7.0,4.6,0.99,4.5
TRP0297992,2026-05-03 19:00:00,SHJ,Z12,Z06,CPT01418,Go,completed,38.87,11.86,41.4,8.0,6.8,1.18,4.9
TRP0298118,2026-05-05 17:00:00,SHJ,Z12,Z01,CPT01381,Go,completed,17.1,3.3,11.9,7.7,10.7,1.0,4.9
TRP0298272,2026-05-07 19:00:00,SHJ,Z12,Z05,CPT00944,Max,completed,47.07,6.46,19.4,7.0,8.3,1.12,4.2
TRP0298605,2026-05-11 18:00:00,SHJ,Z12,Z06,CPT01874,Go,completed,18.95,4.3,12.7,7.9,8.4,1.0,4.8
TRP0298786,2026-05-14 15:00:00,SHJ,Z12,Z01,CPT01676,Go,completed,50.47,18.41,46.6,8.2,9.1,1.12,4.6
TRP0298997,2026-05-17 11:00:00,SHJ,Z12,Z03,CPT00607,Business,cancelled_rider,0.0,0.0,0.0,6.8,7.6,0.98,
TRP0299159,2026-05-19 17:00:00,SHJ,Z12,Z08,CPT01774,Go,cancelled_rider,0.0,0.0,0.0,8.0,5.7,1.04,
TRP0299270,2026-05-21 13:00:00,SHJ,Z12,Z09,CPT01521,Go,completed,35.63,9.97,25.3,7.9,9.5,1.21,4.3
TRP0299474,2026-05-23 21:00:00,SHJ,Z12,Z02,CPT01739,Go,completed,22.38,6.4,20.3,7.6,7.3,0.98,4.9
TRP0299736,2026-05-27 19:00:00,SHJ,Z12,Z04,CPT01654,Go,cancelled_rider,0.0,0.0,0.0,6.5,7.2,1.02,
TRP0299781,2026-05-28 12:00:00,SHJ,Z12,Z11,CPT01563,Go Plus,completed,28.09,5.24,17.6,8.3,5.6,1.01,4.5
TRP0299824,2026-05-28 22:00:00,SHJ,Z12,Z14,CPT01739,Business,completed,118.14,25.27,77.1,9.3,7.3,1.01,5.0
TRP0300001,2026-05-30 19:00:00,SHJ,Z12,Z09,CPT00667,Go Plus,completed,30.22,6.8,27.8,8.0,6.8,0.96,4.4
TRP0300016,2026-05-30 21:00:00,SHJ,Z12,Z15,CPT01647,Go Plus,completed,21.94,1.25,6.3,7.2,7.9,1.19,4.4
TRP0300069,2026-05-31 16:00:00,SHJ,Z12,Z13,CPT01525,Business,completed,48.41,5.96,21.0,8.2,8.3,1.02,5.0
TRP0300227,2026-06-02 20:00:00,SHJ,Z12,Z03,CPT02494,Go Plus,completed,37.28,9.11,26.9,7.3,8.8,1.01,4.7
TRP0300274,2026-06-03 15:00:00,SHJ,Z12,Z15,CPT00813,Go,completed,23.07,3.5,14.8,9.5,9.9,1.32,4.5
TRP0300369,2026-06-05 06:00:00,SHJ,Z12,Z13,CPT01190,Go,completed,29.96,10.25,33.3,7.3,8.5,1.0,4.4
TRP0300623,2026-06-07 22:00:00,SHJ,Z12,Z05,CPT00518,Go,completed,13.2,1.26,6.9,8.2,8.4,0.99,5.0
TRP0300637,2026-06-08 05:00:00,SHJ,Z12,Z12,CPT00692,Max,completed,29.4,2.2,8.8,7.9,8.4,1.02,5.0
TRP0300775,2026-06-10 11:00:00,SHJ,Z12,Z11,CPT02469,Go,completed,29.06,10.25,30.9,7.1,9.3,0.97,5.0
TRP0300916,2026-06-12 10:00:00,SHJ,Z12,Z10,CPT01169,Go Plus,completed,38.56,9.65,31.9,8.3,6.3,1.01,4.8
TRP0301026,2026-06-13 15:00:00,SHJ,Z12,Z06,CPT02105,Go Plus,completed,42.12,11.15,31.2,8.1,8.6,1.01,4.1
TRP0301234,2026-06-16 16:00:00,SHJ,Z12,Z11,CPT01641,Go,completed,18.2,3.7,18.8,8.2,7.4,1.02,4.7
TRP0301868,2026-06-25 18:00:00,SHJ,Z12,Z14,CPT00218,Go,completed,57.51,20.4,56.6,6.8,9.6,1.18,4.2
TRP0302051,2026-06-27 19:00:00,SHJ,Z12,Z13,CPT00196,Go,completed,41.6,16.32,45.6,7.2,8.7,1.01,4.3
TRP0302303,2026-06-30 22:00:00,SHJ,Z12,Z03,CPT02243,Go,completed,26.53,8.25,23.5,8.3,7.9,1.01,4.3
TRP0302642,2025-07-08 20:00:00,SHJ,Z13,Z12,CPT00121,Go,completed,24.86,7.36,22.7,8.0,6.3,1.01,4.7
TRP0302774,2025-07-12 09:00:00,SHJ,Z13,Z11,CPT00877,Go,completed,24.6,7.35,22.6,7.5,6.1,1.0,4.8
TRP0303189,2025-07-20 19:00:00,SHJ,Z13,Z05,CPT00864,Business,completed,55.86,8.61,20.2,7.4,8.7,0.98,5.0
TRP0303388,2025-07-25 10:00:00,SHJ,Z13,Z04,CPT02374,Business,completed,35.84,3.04,13.0,7.0,8.3,0.97,4.6
TRP0303759,2025-08-01 11:00:00,SHJ,Z13,Z10,CPT00393,Business,completed,93.45,12.15,25.8,8.0,10.2,1.34,4.1
TRP0303767,2025-08-01 15:00:00,SHJ,Z13,Z08,CPT00284,Go,completed,26.56,8.41,27.0,7.0,6.8,1.0,5.0
TRP0303834,2025-08-02 18:00:00,SHJ,Z13,Z09,CPT02045,Go,completed,26.58,8.42,24.7,7.5,5.9,1.0,4.5
TRP0303967,2025-08-06 00:00:00,SHJ,Z13,Z08,CPT02036,Go Plus,completed,26.92,4.86,14.9,7.4,6.8,1.0,4.9
TRP0304057,2025-08-08 11:00:00,SHJ,Z13,Z03,CPT01103,Business,completed,86.22,16.97,50.0,7.0,7.9,0.99,4.7
TRP0304109,2025-08-09 12:00:00,SHJ,Z13,Z08,CPT01424,Go Plus,completed,20.58,2.16,7.1,8.5,5.5,1.0,4.5
TRP0304238,2025-08-11 20:00:00,SHJ,Z13,Z08,CPT01790,Go,completed,25.81,7.73,21.6,7.6,5.1,1.02,4.5
TRP0304315,2025-08-13 19:00:00,SHJ,Z13,Z04,CPT02046,Go,completed,32.42,12.5,33.5,7.7,7.0,0.95,5.0
TRP0304512,2025-08-17 07:00:00,SHJ,Z13,Z15,CPT02073,Business,completed,44.74,5.33,17.6,7.9,6.8,0.99,4.6
TRP0304538,2025-08-17 17:00:00,SHJ,Z13,Z01,CPT00314,Go,completed,43.92,13.2,42.0,7.9,8.3,1.24,4.6
TRP0304953,2025-08-26 19:00:00,SHJ,Z13,Z13,CPT01569,Business,completed,46.79,6.04,19.4,7.2,7.3,0.98,4.6
TRP0305022,2025-08-28 20:00:00,SHJ,Z13,Z14,CPT01719,Go,completed,26.75,8.81,21.7,6.4,6.4,0.98,4.4
TRP0305028,2025-08-28 22:00:00,SHJ,Z13,Z03,CPT01424,Go,completed,20.51,4.82,14.5,6.8,9.8,1.03,4.6
TRP0305451,2025-09-06 20:00:00,SHJ,Z13,Z05,CPT01787,Go,completed,43.63,17.64,54.0,7.8,9.5,1.0,4.9
TRP0305683,2025-09-12 10:00:00,SHJ,Z13,Z05,CPT01358,Go Plus,completed,30.9,6.17,16.6,8.8,7.6,1.03,5.0
TRP0305777,2025-09-14 12:00:00,SHJ,Z13,Z08,CPT01833,Business,completed,50.0,6.95,23.1,6.4,7.5,0.98,5.0
TRP0306200,2025-09-24 05:00:00,SHJ,Z13,Z02,CPT01677,Go,completed,29.96,10.41,38.0,8.4,6.2,0.99,4.7
TRP0306292,2025-09-26 10:00:00,SHJ,Z13,Z05,CPT01371,Go,completed,91.28,22.74,75.6,7.7,8.3,1.72,5.0
TRP0306411,2025-09-28 13:00:00,SHJ,Z13,Z04,CPT00381,Go,completed,20.69,4.81,14.0,7.6,8.4,1.04,5.0
TRP0306484,2025-09-29 20:00:00,SHJ,Z13,Z15,CPT01126,Go,completed,26.35,8.44,23.8,8.4,6.7,0.99,4.6
TRP0306740,2025-10-05 13:00:00,SHJ,Z13,Z03,CPT02104,Go Plus,completed,45.87,13.12,33.2,7.3,6.1,0.99,4.9
TRP0306894,2025-10-08 17:00:00,SHJ,Z13,Z11,CPT00364,Go,completed,12.36,0.87,5.0,7.4,9.7,0.98,5.0
TRP0306927,2025-10-09 14:00:00,SHJ,Z13,Z12,CPT00840,Business,completed,45.91,5.66,11.0,7.2,7.5,0.99,5.0
TRP0307135,2025-10-13 14:00:00,SHJ,Z13,Z08,CPT00101,Go,completed,22.88,3.08,13.6,7.3,7.5,1.37,4.6
TRP0307160,2025-10-14 10:00:00,SHJ,Z13,Z15,CPT02392,Go,completed,42.45,16.55,40.8,5.8,7.5,1.02,4.4
TRP0307167,2025-10-14 12:00:00,SHJ,Z13,Z04,CPT01676,Go Plus,completed,62.23,8.28,26.1,7.6,11.0,1.78,4.4
TRP0307198,2025-10-14 22:00:00,SHJ,Z13,Z04,CPT00524,Business,completed,51.96,7.21,25.8,6.5,6.7,1.0,4.9
TRP0307279,2025-10-16 22:00:00,SHJ,Z13,Z07,CPT02036,Go,completed,34.64,12.78,31.3,7.9,7.8,1.0,4.0
TRP0307335,2025-10-17 21:00:00,SHJ,Z13,Z11,CPT00722,Go,cancelled_rider,0.0,0.0,0.0,6.8,10.0,1.33,
TRP0307418,2025-10-19 22:00:00,SHJ,Z13,Z03,CPT01543,Go,completed,39.07,12.91,44.8,7.1,7.9,1.12,4.0
TRP0307608,2025-10-24 12:00:00,SHJ,Z13,Z02,CPT00250,Go,completed,27.26,6.65,22.3,8.2,8.2,1.17,4.8
TRP0307890,2025-10-30 20:00:00,SHJ,Z13,Z01,CPT00187,Business,completed,48.55,6.0,25.7,6.5,8.9,1.02,4.1
TRP0308013,2025-11-02 11:00:00,SHJ,Z13,Z09,CPT01732,Go Plus,completed,43.43,9.2,35.6,7.4,5.7,1.17,4.3
TRP0308079,2025-11-03 21:00:00,SHJ,Z13,Z05,CPT00144,Max,completed,54.11,3.17,9.8,7.8,,1.7,4.7
TRP0308243,2025-11-08 06:00:00,SHJ,Z13,Z08,CPT00890,Go,completed,40.22,11.31,33.6,7.0,7.5,1.26,4.7
TRP0308294,2025-11-09 06:00:00,SHJ,Z13,Z15,CPT01499,Go,completed,18.55,4.08,14.4,7.1,8.8,1.0,4.8
TRP0308680,2025-11-17 10:00:00,SHJ,Z13,Z15,CPT00975,Go,completed,63.89,25.74,46.7,7.1,6.9,1.09,4.6
TRP0308930,2025-11-22 18:00:00,SHJ,Z13,Z14,CPT00153,Go,completed,19.16,4.11,15.4,8.1,3.8,1.03,5.0
TRP0309342,2025-11-30 21:00:00,SHJ,Z13,Z13,CPT00439,Business,completed,62.15,6.7,21.8,7.6,8.1,1.24,4.5
TRP0309380,2025-12-01 19:00:00,SHJ,Z13,Z02,CPT01178,Go,completed,38.69,10.92,42.8,6.2,8.4,1.24,4.8
TRP0309395,2025-12-02 10:00:00,SHJ,Z13,Z11,CPT01732,Go,completed,31.57,6.6,20.2,7.4,12.1,1.36,4.2
TRP0309408,2025-12-02 14:00:00,SHJ,Z13,Z10,CPT00082,Go,completed,41.8,16.65,36.9,8.5,6.0,1.0,5.0
TRP0309778,2025-12-10 15:00:00,SHJ,Z13,Z04,CPT00116,Go Plus,completed,24.18,3.59,9.3,7.4,7.7,1.01,5.0
TRP0309859,2025-12-12 11:00:00,SHJ,Z13,Z14,CPT00753,Go,completed,35.01,8.39,30.2,7.9,7.9,1.32,4.5
TRP0309934,2025-12-13 16:00:00,SHJ,Z13,Z13,CPT00741,Go Plus,completed,48.75,14.79,32.1,8.2,6.7,0.97,4.7
TRP0310803,2025-12-31 12:00:00,SHJ,Z13,Z08,CPT02432,Business,completed,31.09,1.5,6.1,8.2,5.7,0.99,4.6
TRP0310888,2026-01-02 07:00:00,SHJ,Z13,Z07,CPT00127,Go,completed,19.05,4.56,12.7,7.2,6.4,0.98,4.6
TRP0310924,2026-01-02 17:00:00,SHJ,Z13,Z07,CPT01336,Go,completed,19.47,3.37,14.1,7.6,6.9,1.13,4.9
TRP0310961,2026-01-03 12:00:00,SHJ,Z13,Z01,CPT00250,Go Plus,completed,37.85,9.04,28.2,7.0,7.9,1.03,4.5
TRP0311056,2026-01-06 07:00:00,SHJ,Z13,Z03,CPT01103,Go,completed,20.32,5.26,17.3,6.6,8.1,0.98,4.7
TRP0311386,2026-01-13 07:00:00,SHJ,Z13,Z02,CPT00939,Go,completed,21.52,5.57,17.0,6.4,7.0,1.01,5.0
TRP0311568,2026-01-17 01:00:00,SHJ,Z13,Z06,CPT00315,Go,completed,31.2,10.75,27.9,8.2,8.1,1.01,4.5
TRP0312234,2026-01-29 18:00:00,SHJ,Z13,Z08,CPT01343,Go,completed,18.32,4.16,13.4,8.1,8.3,0.98,4.7
TRP0312254,2026-01-29 22:00:00,SHJ,Z13,Z15,CPT00778,Go Plus,completed,26.76,4.79,15.3,8.1,8.3,1.0,5.0
TRP0312358,2026-01-31 23:00:00,SHJ,Z13,Z02,CPT02512,Go,completed,32.59,11.85,31.2,6.4,8.8,0.99,5.0
TRP0312445,2026-02-02 17:00:00,SHJ,Z13,Z05,CPT02230,Go,completed,59.08,21.12,41.1,6.7,8.6,1.18,4.5
TRP0312833,2026-02-10 08:00:00,SHJ,Z13,Z01,CPT01706,Go,completed,32.26,11.32,31.1,8.3,5.7,1.01,4.3
TRP0312907,2026-02-11 17:00:00,SHJ,Z13,Z06,CPT02276,Go Plus,completed,41.03,10.69,24.7,7.3,8.7,1.01,4.8
TRP0313039,2026-02-14 10:00:00,SHJ,Z13,Z04,CPT00032,Go Plus,completed,32.76,5.74,15.0,7.2,9.4,1.13,4.8
TRP0313243,2026-02-18 14:00:00,SHJ,Z13,Z13,CPT00379,Go,completed,16.63,3.32,10.5,7.9,8.1,0.97,5.0
TRP0313714,2026-02-27 07:00:00,SHJ,Z13,Z06,CPT01597,Go Plus,completed,25.98,4.57,15.3,7.2,8.0,0.99,4.7
TRP0313978,2026-03-04 06:00:00,SHJ,Z13,Z05,CPT01983,Max,completed,51.88,9.64,30.0,8.0,7.5,1.0,5.0
TRP0314574,2026-03-15 06:00:00,SHJ,Z13,Z12,CPT01095,Go,cancelled_rider,0.0,0.0,0.0,8.3,7.2,1.01,
TRP0314940,2026-03-22 04:00:00,SHJ,Z13,Z15,CPT00424,Go,completed,22.41,6.29,17.2,7.2,7.8,0.99,4.8
TRP0314994,2026-03-22 19:00:00,SHJ,Z13,Z03,CPT00026,Go Plus,completed,31.04,7.02,19.4,6.4,8.8,0.97,4.5
TRP0315081,2026-03-24 12:00:00,SHJ,Z13,Z11,CPT02384,Business,completed,42.75,5.02,19.9,7.9,7.5,0.97,4.7
TRP0315107,2026-03-25 00:00:00,SHJ,Z13,Z07,CPT02247,Go,completed,19.46,4.47,13.9,6.8,5.8,1.01,5.0
TRP0315273,2026-03-27 17:00:00,SHJ,Z13,Z12,CPT00722,Max,completed,51.24,9.27,29.0,7.1,7.1,1.01,5.0
TRP0315278,2026-03-27 19:00:00,SHJ,Z13,Z07,CPT02269,Go Plus,completed,41.05,10.7,35.7,7.4,9.3,1.01,4.6
TRP0315444,2026-03-30 17:00:00,SHJ,Z13,Z06,CPT00533,Max,completed,50.49,9.19,26.6,5.6,7.9,1.0,5.0
TRP0315532,2026-03-31 22:00:00,SHJ,Z13,Z08,CPT01171,Go,completed,20.71,4.92,14.9,5.9,9.4,1.03,5.0
TRP0315628,2026-04-02 17:00:00,SHJ,Z13,Z05,CPT00093,Go Plus,completed,37.14,7.39,17.7,6.4,7.5,1.13,4.1
TRP0315719,2026-04-04 07:00:00,SHJ,Z13,Z12,CPT02495,Go Plus,completed,43.15,12.14,36.0,7.1,6.2,0.98,5.0
TRP0315867,2026-04-06 13:00:00,SHJ,Z13,Z03,CPT00985,Go,completed,12.48,0.8,6.7,7.0,7.4,1.0,4.0
TRP0316092,2026-04-10 11:00:00,SHJ,Z13,Z10,CPT02531,Go,completed,64.58,25.22,60.2,7.1,6.5,1.12,4.3
TRP0316112,2026-04-10 15:00:00,SHJ,Z13,Z08,CPT00692,Business,completed,90.36,14.05,47.3,6.0,8.9,1.18,4.9
TRP0316206,2026-04-11 20:00:00,SHJ,Z13,Z03,CPT00393,Business,completed,53.68,7.69,26.6,7.6,8.5,1.0,4.9
TRP0316291,2026-04-13 12:00:00,SHJ,Z13,Z05,CPT00315,Go,completed,24.82,6.25,22.9,7.5,6.7,1.1,5.0
TRP0316429,2026-04-15 21:00:00,SHJ,Z13,Z08,CPT01016,Business,completed,51.27,7.02,24.0,6.5,6.7,1.0,4.8
TRP0316453,2026-04-16 13:00:00,SHJ,Z13,Z10,CPT02247,Go,completed,29.61,10.06,25.7,7.1,6.1,1.0,4.8
TRP0316544,2026-04-17 23:00:00,SHJ,Z13,Z10,CPT00774,Go Plus,completed,45.06,12.58,36.4,9.0,5.5,1.0,5.0
TRP0316774,2026-04-21 20:00:00,SHJ,Z13,Z03,CPT02451,Go,completed,87.68,28.15,68.5,7.6,10.4,1.39,4.7
TRP0316937,2026-04-24 13:00:00,SHJ,Z13,Z05,CPT00144,Go Plus,completed,51.47,14.67,52.3,7.7,5.9,1.03,4.7
TRP0317043,2026-04-25 17:00:00,SHJ,Z13,Z10,CPT01082,Go,completed,20.82,5.31,15.8,7.0,5.9,1.0,4.8
TRP0317114,2026-04-26 17:00:00,SHJ,Z13,Z05,CPT02529,Go Plus,completed,42.64,11.37,31.2,7.1,6.7,1.01,4.8
TRP0317198,2026-04-27 21:00:00,SHJ,Z13,Z06,CPT01592,Business,completed,60.01,6.22,23.7,8.4,7.9,1.24,5.0
TRP0317200,2026-04-27 21:00:00,SHJ,Z13,Z15,CPT01016,Go,completed,24.97,4.94,16.8,7.8,9.0,1.24,4.6
TRP0317397,2026-05-01 15:00:00,SHJ,Z13,Z04,CPT01771,Business,completed,50.44,6.38,19.9,6.8,5.7,1.03,4.8
TRP0317885,2026-05-08 19:00:00,SHJ,Z13,Z10,CPT01532,Business,completed,70.29,12.11,33.1,7.4,7.9,1.01,4.0
TRP0318024,2026-05-10 20:00:00,SHJ,Z13,Z10,CPT02253,Go Plus,completed,35.76,8.62,23.2,7.5,7.6,1.0,4.3
TRP0318038,2026-05-11 11:00:00,SHJ,Z13,Z08,CPT00393,Max,completed,52.32,9.78,26.3,7.9,7.8,1.0,4.9
TRP0318097,2026-05-12 12:00:00,SHJ,Z13,Z08,CPT00808,Go,completed,35.4,13.38,39.6,7.5,7.4,0.99,5.0
TRP0318173,2026-05-13 15:00:00,SHJ,Z13,Z03,CPT01654,Go,completed,32.61,8.62,31.7,6.8,4.2,1.21,4.7
TRP0318178,2026-05-13 16:00:00,SHJ,Z13,Z04,CPT02467,Go,completed,15.78,2.76,10.5,6.7,8.1,0.98,4.6
TRP0318233,2026-05-14 16:00:00,SHJ,Z13,Z04,CPT01168,Go,completed,67.91,15.15,45.1,6.4,,1.74,4.6
TRP0318293,2026-05-15 15:00:00,SHJ,Z13,Z10,CPT01413,Business,cancelled_rider,0.0,0.0,0.0,8.0,8.4,1.07,
TRP0318365,2026-05-16 11:00:00,SHJ,Z13,Z14,CPT02191,Business,cancelled_rider,0.0,0.0,0.0,7.4,7.2,1.01,
TRP0318652,2026-05-21 11:00:00,SHJ,Z13,Z01,CPT02599,Go Plus,completed,45.49,12.76,41.9,7.9,4.1,1.0,5.0
TRP0318722,2026-05-22 14:00:00,SHJ,Z13,Z03,CPT01532,Go Plus,completed,34.92,7.83,23.3,7.3,9.2,1.03,4.9
TRP0318803,2026-05-23 14:00:00,SHJ,Z13,Z13,CPT02217,Business,completed,29.59,1.34,5.7,7.4,8.1,0.96,4.7
TRP0319078,2026-05-27 20:00:00,SHJ,Z13,Z09,CPT02276,Go,completed,20.88,4.13,13.1,6.8,8.5,1.12,4.9
TRP0319328,2026-05-31 14:00:00,SHJ,Z13,Z10,CPT01363,Go Plus,completed,48.92,8.94,25.3,7.5,9.9,1.34,4.5
TRP0319434,2026-06-02 12:00:00,SHJ,Z13,Z10,CPT00944,Go,completed,24.2,7.4,20.6,8.1,7.4,0.98,5.0
TRP0319596,2026-06-05 09:00:00,SHJ,Z13,Z02,CPT00946,Go,completed,42.55,11.48,35.6,8.1,9.1,1.32,4.7
TRP0319962,2026-06-10 15:00:00,SHJ,Z13,Z13,CPT02588,Go,completed,21.98,5.82,21.8,7.3,8.9,1.01,4.8
TRP0320028,2026-06-11 16:00:00,SHJ,Z13,Z08,CPT02198,Max,completed,38.21,4.87,15.4,8.6,7.1,1.03,5.0
TRP0320256,2026-06-14 20:00:00,SHJ,Z13,Z14,CPT01563,Go,completed,40.22,14.0,41.4,7.6,11.5,1.09,4.6
TRP0320281,2026-06-15 10:00:00,SHJ,Z13,Z12,CPT01822,Go Plus,completed,55.2,16.66,44.7,6.6,5.0,1.01,4.7
TRP0320353,2026-06-16 17:00:00,SHJ,Z13,Z09,CPT01287,Go,completed,19.26,3.35,13.7,7.9,9.0,1.12,4.7
TRP0320446,2026-06-18 12:00:00,SHJ,Z13,Z04,CPT02527,Business,completed,44.64,4.05,17.5,7.6,9.0,1.1,4.9
TRP0320460,2026-06-18 15:00:00,SHJ,Z13,Z09,CPT02091,Go,completed,29.45,8.02,26.4,6.9,6.9,1.14,4.7
TRP0320720,2026-06-21 14:00:00,SHJ,Z13,Z03,CPT01628,Go,completed,50.35,21.0,62.9,6.2,8.6,1.01,4.7
TRP0321164,2026-06-28 16:00:00,SHJ,Z13,Z11,CPT00231,Max,completed,43.47,4.59,14.4,8.0,7.6,1.2,4.6
TRP0321655,2025-07-13 00:00:00,SHJ,Z14,Z11,CPT00534,Go,completed,14.68,1.91,8.6,10.9,8.9,1.01,5.0
TRP0322105,2025-07-27 18:00:00,SHJ,Z14,Z03,CPT00583,Go,completed,37.75,14.46,43.2,8.9,12.6,1.0,3.9
TRP0322213,2025-07-30 23:00:00,SHJ,Z14,Z11,CPT02437,Go Plus,completed,31.52,7.09,26.7,9.4,11.7,0.98,4.2
TRP0322226,2025-07-31 12:00:00,SHJ,Z14,Z14,CPT02417,Go,completed,14.67,2.23,6.6,9.8,11.4,0.97,5.0
TRP0322368,2025-08-04 17:00:00,SHJ,Z14,Z11,CPT00534,Go,completed,38.28,15.17,44.9,12.2,11.9,0.98,4.8
TRP0322637,2025-08-13 18:00:00,SHJ,Z14,Z01,CPT01201,Business,completed,52.04,7.68,17.1,10.0,7.6,0.97,4.6
TRP0322879,2025-08-21 14:00:00,SHJ,Z14,Z15,CPT00638,Go,completed,18.82,4.65,19.6,8.7,9.5,0.96,4.7
TRP0322917,2025-08-23 07:00:00,SHJ,Z14,Z01,CPT01721,Go,cancelled_rider,0.0,0.0,0.0,11.3,13.7,1.01,
TRP0323281,2025-09-04 08:00:00,SHJ,Z14,Z12,CPT00835,Go,completed,18.19,3.79,15.1,10.9,9.3,1.01,5.0
TRP0323837,2025-09-24 11:00:00,SHJ,Z14,Z12,CPT02472,Go,completed,22.33,6.5,16.5,11.1,9.7,0.97,5.0
TRP0323909,2025-09-26 17:00:00,SHJ,Z14,Z08,CPT02227,Go,cancelled_rider,0.0,0.0,0.0,10.4,9.8,1.02,
TRP0323966,2025-09-28 11:00:00,SHJ,Z14,Z15,CPT00656,Go,completed,49.3,9.37,32.8,9.8,13.1,1.74,4.8
TRP0323990,2025-09-29 07:00:00,SHJ,Z14,Z15,CPT01648,Go,completed,31.17,7.98,33.9,9.0,10.7,1.21,4.8
TRP0324251,2025-10-07 18:00:00,SHJ,Z14,Z01,CPT00198,Go Plus,completed,46.58,13.03,43.0,10.0,10.7,1.01,4.8
TRP0324275,2025-10-08 15:00:00,SHJ,Z14,Z09,CPT00867,Go,completed,19.99,4.75,15.8,10.8,8.8,1.01,4.5
TRP0324432,2025-10-14 15:00:00,SHJ,Z14,Z15,CPT01036,Go,completed,20.4,5.08,18.8,7.3,7.0,1.0,4.5
TRP0324458,2025-10-15 21:00:00,SHJ,Z14,Z06,CPT01501,Max,completed,46.52,7.91,27.6,9.3,5.9,1.0,4.3
TRP0324856,2025-10-27 21:00:00,SHJ,Z14,Z01,CPT02451,Go,completed,33.76,7.57,22.4,9.9,8.8,1.35,5.0
TRP0324921,2025-10-30 11:00:00,SHJ,Z14,Z12,CPT02001,Go,completed,17.67,3.7,7.8,10.6,9.6,0.99,5.0
TRP0324972,2025-10-31 18:00:00,SHJ,Z14,Z15,CPT02066,Go,completed,14.72,1.93,8.0,9.0,9.6,1.01,4.7
TRP0325087,2025-11-05 05:00:00,SHJ,Z14,Z15,CPT00885,Go Plus,completed,23.6,3.55,11.9,9.1,14.5,0.99,4.3
TRP0325264,2025-11-11 07:00:00,SHJ,Z14,Z01,CPT00867,Go,completed,25.23,7.69,20.1,10.3,8.8,1.0,5.0
TRP0325793,2025-11-28 13:00:00,SHJ,Z14,Z08,CPT01957,Go Plus,completed,28.73,5.51,20.4,9.9,10.0,1.01,5.0
TRP0325808,2025-11-28 19:00:00,SHJ,Z14,Z15,CPT02243,Go,completed,17.12,2.87,9.9,10.9,7.5,1.05,4.7
TRP0325982,2025-12-04 13:00:00,SHJ,Z14,Z15,CPT00315,Go,completed,28.36,9.54,26.0,10.4,11.1,0.99,4.6
TRP0326019,2025-12-05 15:00:00,SHJ,Z14,Z09,CPT02048,Go,completed,38.61,14.72,43.1,9.8,9.6,1.01,4.6
TRP0326587,2025-12-23 17:00:00,SHJ,Z14,Z07,CPT00439,Go,completed,25.39,8.5,23.5,10.5,9.2,0.95,5.0
TRP0327101,2026-01-08 19:00:00,SHJ,Z14,Z11,CPT01471,Max,completed,43.86,7.34,27.8,9.8,9.1,0.98,4.3
TRP0327496,2026-01-20 19:00:00,SHJ,Z14,Z08,CPT02550,Max,cancelled_rider,0.0,0.0,0.0,9.5,10.7,1.02,
TRP0327960,2026-02-05 07:00:00,SHJ,Z14,Z03,CPT00306,Go,completed,14.13,1.85,9.9,10.7,12.3,0.98,4.4
TRP0328234,2026-02-13 20:00:00,SHJ,Z14,Z09,CPT02113,Business,completed,74.62,4.69,18.8,6.1,17.5,1.74,4.5
TRP0328997,2026-03-08 11:00:00,SHJ,Z14,Z05,CPT00221,Go,completed,50.46,21.33,66.3,9.6,10.1,1.0,4.7
TRP0329245,2026-03-15 07:00:00,SHJ,Z14,Z02,CPT01946,Go,completed,23.27,6.51,13.5,10.1,8.5,1.01,4.6
TRP0329272,2026-03-15 18:00:00,SHJ,Z14,Z15,CPT02558,Go,completed,37.35,12.08,32.6,9.5,8.9,1.12,4.5
TRP0329510,2026-03-21 16:00:00,SHJ,Z14,Z10,CPT01125,Business,completed,42.88,4.69,12.1,10.2,11.1,1.0,4.2
TRP0329556,2026-03-22 18:00:00,SHJ,Z14,Z07,CPT01902,Max,completed,42.79,6.57,17.7,10.2,9.3,1.01,5.0
TRP0329605,2026-03-24 17:00:00,SHJ,Z14,Z15,CPT02217,Go Plus,completed,23.46,3.19,15.6,9.6,7.1,1.02,5.0
TRP0329624,2026-03-25 12:00:00,SHJ,Z14,Z01,CPT02268,Go,cancelled_rider,0.0,0.0,0.0,9.5,7.3,0.99,
TRP0329704,2026-03-27 17:00:00,SHJ,Z14,Z09,CPT01748,Go Plus,completed,24.68,4.12,17.2,8.9,8.9,0.98,4.5
TRP0330242,2026-04-11 07:00:00,SHJ,Z14,Z09,CPT01952,Go,completed,31.22,11.1,33.7,10.1,11.3,0.99,4.6
TRP0330330,2026-04-12 19:00:00,SHJ,Z14,Z03,CPT01242,Go Plus,completed,32.18,7.1,13.4,9.3,9.2,1.0,5.0
TRP0330343,2026-04-13 09:00:00,SHJ,Z14,Z12,CPT01592,Go,completed,24.05,7.32,23.8,8.7,9.2,0.98,4.5
TRP0330617,2026-04-19 22:00:00,SHJ,Z14,Z08,CPT01972,Go,completed,30.54,10.56,29.5,8.6,12.5,1.0,4.3
TRP0330746,2026-04-23 13:00:00,SHJ,Z14,Z03,CPT01222,Go,completed,30.67,10.8,26.7,11.8,9.1,0.99,4.9
TRP0331102,2026-05-02 09:00:00,SHJ,Z14,Z13,CPT02557,Go,completed,19.38,3.49,10.1,10.7,9.7,1.11,4.6
TRP0331240,2026-05-05 23:00:00,SHJ,Z14,Z08,CPT01987,Business,completed,61.15,9.27,30.7,8.9,6.8,1.03,4.8
TRP0331351,2026-05-08 07:00:00,SHJ,Z14,Z11,CPT01889,Business,completed,41.49,4.42,13.2,10.1,8.0,0.99,4.3
TRP0331441,2026-05-10 11:00:00,SHJ,Z14,Z07,CPT00315,Go,completed,18.64,4.44,13.2,9.4,11.5,0.97,4.3
TRP0331442,2026-05-10 11:00:00,SHJ,Z14,Z12,CPT01184,Go,completed,21.81,6.21,27.5,10.4,10.3,0.97,4.3
TRP0331475,2026-05-11 09:00:00,SHJ,Z14,Z08,CPT01902,Go,completed,50.2,13.3,38.8,11.7,9.7,1.41,4.4
TRP0331504,2026-05-12 01:00:00,SHJ,Z14,Z12,CPT01885,Go Plus,completed,41.33,10.99,28.8,8.5,7.4,1.0,4.8
TRP0331653,2026-05-15 21:00:00,SHJ,Z14,Z08,CPT02091,Go Plus,completed,16.86,0.8,6.3,10.8,10.7,0.97,4.9
TRP0331749,2026-05-17 23:00:00,SHJ,Z14,Z08,CPT00949,Go Plus,completed,34.79,8.21,25.4,8.0,11.9,1.0,4.7
TRP0332082,2026-05-26 07:00:00,SHJ,Z14,Z06,CPT00221,Go,completed,16.49,2.97,9.1,11.6,10.4,1.0,5.0
TRP0332275,2026-05-30 17:00:00,SHJ,Z14,Z02,CPT02438,Max,completed,83.06,14.51,46.1,10.3,10.0,1.24,4.4
TRP0332342,2026-06-01 13:00:00,SHJ,Z14,Z06,CPT00545,Go,completed,21.46,5.89,17.8,10.4,10.5,0.98,5.0
TRP0332373,2026-06-02 08:00:00,SHJ,Z14,Z03,CPT02326,Go Plus,completed,23.38,2.21,9.3,9.2,13.3,1.13,4.9
TRP0332390,2026-06-02 17:00:00,SHJ,Z14,Z13,CPT01231,Go,completed,19.48,4.48,15.9,10.0,7.6,1.01,4.5
TRP0332701,2026-06-10 16:00:00,SHJ,Z14,Z11,CPT02384,Go,completed,19.88,5.25,16.8,9.2,8.2,0.96,4.5
TRP0332790,2026-06-12 16:00:00,SHJ,Z14,Z10,CPT01650,Go,completed,26.48,8.66,25.7,10.4,9.3,0.98,4.4
TRP0332801,2026-06-12 19:00:00,SHJ,Z14,Z04,CPT00864,Go Plus,completed,27.86,4.28,14.6,10.1,10.2,1.09,4.9
TRP0333293,2026-06-25 09:00:00,SHJ,Z14,Z01,CPT02438,Go,completed,24.44,3.56,13.2,9.5,12.7,1.39,5.0
TRP0333316,2026-06-25 17:00:00,SHJ,Z14,Z01,CPT02236,Go Plus,completed,61.85,20.26,49.2,10.2,10.6,0.98,4.5
TRP0333444,2026-06-28 17:00:00,SHJ,Z14,Z15,CPT00959,Business,completed,71.04,12.71,39.6,12.0,8.7,0.99,4.4
TRP0333606,2025-07-03 17:00:00,SHJ,Z15,Z11,CPT00774,Business,completed,86.47,11.69,26.2,6.7,8.3,1.27,4.5
TRP0333840,2025-07-12 17:00:00,SHJ,Z15,Z07,CPT01447,Go,completed,35.83,5.38,17.2,8.3,17.4,1.71,3.9
TRP0333891,2025-07-14 21:00:00,SHJ,Z15,Z06,CPT01860,Go,completed,47.66,8.86,27.2,7.2,10.0,1.74,4.6
TRP0334109,2025-07-21 20:00:00,SHJ,Z15,Z03,CPT01126,Go,cancelled_rider,0.0,0.0,0.0,7.9,9.1,0.98,
TRP0334185,2025-07-24 20:00:00,SHJ,Z15,Z08,CPT00032,Go,completed,46.42,19.4,47.1,5.7,8.9,0.99,4.3
TRP0334409,2025-08-02 08:00:00,SHJ,Z15,Z09,CPT00857,Go,completed,28.26,9.18,27.9,8.1,6.4,1.01,4.4
TRP0334638,2025-08-10 14:00:00,SHJ,Z15,Z03,CPT01061,Go,completed,19.07,4.26,15.0,9.1,10.9,1.01,4.6
TRP0334701,2025-08-12 22:00:00,SHJ,Z15,Z09,CPT00379,Max,completed,30.39,3.01,12.7,8.1,12.2,0.97,4.2
TRP0335276,2025-09-03 10:00:00,SHJ,Z15,Z11,CPT02518,Max,completed,57.51,12.64,19.6,6.3,6.6,0.94,4.4
TRP0335418,2025-09-07 17:00:00,SHJ,Z15,Z10,CPT01612,Go Plus,completed,53.87,12.04,34.7,8.0,11.1,1.23,4.7
TRP0335497,2025-09-11 12:00:00,SHJ,Z15,Z09,CPT01771,Business,completed,41.74,4.61,13.9,9.8,7.9,0.98,4.8
TRP0335510,2025-09-11 20:00:00,SHJ,Z15,Z09,CPT01670,Go Plus,completed,30.3,6.43,20.6,8.2,8.2,0.99,4.9
TRP0336084,2025-10-02 21:00:00,SHJ,Z15,Z08,CPT01131,Go,completed,39.79,15.14,41.2,8.5,8.2,1.02,4.7
TRP0336122,2025-10-04 02:00:00,SHJ,Z15,Z05,CPT02599,Go,completed,41.86,16.91,52.0,8.4,7.5,0.99,4.8
TRP0336688,2025-10-24 17:00:00,SHJ,Z15,Z05,CPT02400,Go,completed,51.4,21.84,70.3,8.1,9.3,1.0,5.0
TRP0336826,2025-10-29 19:00:00,SHJ,Z15,Z04,CPT00867,Go Plus,completed,60.92,14.48,40.2,7.1,6.7,1.23,4.5
TRP0336832,2025-10-30 00:00:00,SHJ,Z15,Z11,CPT01528,Business,completed,67.06,11.04,36.4,9.2,7.1,1.02,4.8
TRP0336929,2025-11-01 22:00:00,SHJ,Z15,Z15,CPT01928,Go Plus,completed,75.02,19.15,57.3,9.7,8.3,1.24,4.3
TRP0337177,2025-11-11 17:00:00,SHJ,Z15,Z12,CPT00125,Business,completed,62.77,10.04,30.2,8.4,8.4,1.01,5.0
TRP0337185,2025-11-11 23:00:00,SHJ,Z15,Z15,CPT02597,Go,completed,16.96,3.41,10.5,7.2,6.8,0.98,4.5
TRP0337256,2025-11-15 10:00:00,SHJ,Z15,Z01,CPT02209,Go,completed,21.79,5.49,10.0,7.7,7.3,1.03,4.9
TRP0337405,2025-11-21 12:00:00,SHJ,Z15,Z14,CPT02048,Go,completed,29.61,9.9,20.4,8.7,6.4,1.01,4.8
TRP0337478,2025-11-23 15:00:00,SHJ,Z15,Z07,CPT02076,Max,completed,61.69,13.21,36.9,7.3,7.7,0.98,4.2
TRP0337525,2025-11-25 12:00:00,SHJ,Z15,Z14,CPT02243,Go,completed,20.75,5.27,18.7,9.1,7.4,1.0,5.0
TRP0337714,2025-12-03 02:00:00,SHJ,Z15,Z12,CPT00723,Business,completed,59.09,9.03,31.8,9.2,9.7,1.01,4.3
TRP0338058,2025-12-16 08:00:00,SHJ,Z15,Z04,CPT01362,Business,completed,75.51,8.43,24.8,7.8,13.3,1.34,4.3
TRP0338086,2025-12-17 16:00:00,SHJ,Z15,Z11,CPT00769,Business,completed,30.22,1.09,7.3,6.6,7.0,1.01,4.9
TRP0338170,2025-12-20 03:00:00,SHJ,Z15,Z13,CPT00136,Go Plus,completed,24.45,4.02,13.8,8.1,7.6,0.98,4.7
TRP0338272,2025-12-23 20:00:00,SHJ,Z15,Z07,CPT00835,Business,completed,74.35,13.64,37.3,6.9,8.5,0.99,4.5
TRP0338291,2025-12-24 15:00:00,SHJ,Z15,Z12,CPT00082,Business,completed,41.44,4.29,10.7,8.6,9.3,1.0,4.4
TRP0338453,2025-12-30 18:00:00,SHJ,Z15,Z14,CPT01198,Max,completed,59.79,8.21,24.0,8.3,7.5,1.26,4.5
TRP0338601,2026-01-04 21:00:00,SHJ,Z15,Z06,CPT00734,Go,cancelled_rider,0.0,0.0,0.0,7.9,8.5,0.98,
TRP0338700,2026-01-08 15:00:00,SHJ,Z15,Z02,CPT00808,Go,completed,22.55,5.89,24.3,7.8,6.3,1.03,4.9
TRP0338999,2026-01-18 14:00:00,SHJ,Z15,Z04,CPT01342,Go,completed,17.36,3.63,12.4,8.5,8.3,0.98,4.3
TRP0339290,2026-01-28 16:00:00,SHJ,Z15,Z03,CPT00522,Go Plus,completed,46.3,10.1,29.7,7.4,11.1,1.18,4.6
TRP0340044,2026-02-22 19:00:00,SHJ,Z15,Z15,CPT02512,Go,completed,43.03,17.55,47.5,8.2,6.3,0.99,4.9
TRP0340065,2026-02-23 16:00:00,SHJ,Z15,Z03,CPT02384,Go,completed,54.21,10.61,29.0,8.0,11.9,1.77,4.4
TRP0340326,2026-03-04 12:00:00,SHJ,Z15,Z13,CPT01677,Business,completed,86.84,16.66,52.2,9.1,5.9,1.01,4.6
TRP0340566,2026-03-11 11:00:00,SHJ,Z15,Z09,CPT01053,Go Plus,completed,36.96,9.29,27.0,8.2,7.7,0.99,4.6
TRP0340881,2026-03-21 10:00:00,SHJ,Z15,Z15,CPT00857,Go Plus,completed,27.53,4.89,17.3,8.2,7.5,1.02,4.9
TRP0341379,2026-04-04 20:00:00,SHJ,Z15,Z03,CPT00385,Go Plus,completed,28.9,3.74,13.2,7.9,11.3,1.19,4.1
TRP0341478,2026-04-08 12:00:00,SHJ,Z15,Z02,CPT01904,Business,completed,39.2,3.56,11.4,7.6,8.6,1.01,4.6
TRP0341657,2026-04-12 22:00:00,SHJ,Z15,Z01,CPT02415,Go,completed,17.3,3.5,12.6,9.0,6.8,0.99,4.5
TRP0342104,2026-04-26 08:00:00,SHJ,Z15,Z08,CPT00911,Go Plus,completed,46.91,13.17,36.5,8.5,7.6,1.01,4.2
TRP0342142,2026-04-27 11:00:00,SHJ,Z15,Z12,CPT01628,Go Plus,completed,34.55,7.96,22.3,9.1,6.0,1.01,4.5
TRP0342243,2026-04-30 10:00:00,SHJ,Z15,Z14,CPT00517,Go,completed,19.18,4.74,14.8,8.8,8.0,0.97,4.2
TRP0342252,2026-04-30 15:00:00,SHJ,Z15,Z08,CPT00738,Go Plus,completed,21.98,2.95,10.9,9.2,9.6,0.98,4.5
TRP0342386,2026-05-03 18:00:00,SHJ,Z15,Z07,CPT00379,Go,completed,14.7,2.0,10.7,8.7,6.6,1.0,4.9
TRP0342400,2026-05-04 07:00:00,SHJ,Z15,Z14,CPT01418,Go,completed,28.3,9.2,29.3,7.4,5.9,1.01,5.0
TRP0342672,2026-05-11 18:00:00,SHJ,Z15,Z05,CPT02210,Go,completed,17.86,3.52,11.3,9.1,6.5,1.02,4.6
TRP0342754,2026-05-14 08:00:00,SHJ,Z15,Z15,CPT02435,Go,completed,30.68,10.64,29.3,8.9,6.9,1.0,5.0
TRP0343158,2026-05-25 15:00:00,SHJ,Z15,Z15,CPT00985,Go,completed,30.52,10.72,30.8,7.5,9.0,0.99,4.4
TRP0343292,2026-05-29 06:00:00,SHJ,Z15,Z09,CPT02124,Business,completed,39.92,3.98,10.7,8.6,7.9,0.99,4.5
TRP0343428,2026-06-01 18:00:00,SHJ,Z15,Z03,CPT02105,Go Plus,cancelled_rider,0.0,0.0,0.0,9.4,6.0,1.0,
TRP0343526,2026-06-04 17:00:00,SHJ,Z15,Z05,CPT01339,Go,completed,21.93,6.15,19.1,9.6,5.2,0.98,4.9
TRP0343618,2026-06-06 22:00:00,SHJ,Z15,Z03,CPT00614,Business,completed,58.91,8.98,22.2,8.3,9.3,1.01,5.0
TRP0343804,2026-06-12 06:00:00,SHJ,Z15,Z09,CPT02494,Go Plus,completed,22.44,3.25,12.4,8.0,6.3,0.97,4.6
TRP0343910,2026-06-14 20:00:00,SHJ,Z15,Z06,CPT01448,Go,completed,25.41,4.08,14.8,8.0,10.6,1.37,4.7
TRP0344012,2026-06-18 12:00:00,SHJ,Z15,Z07,CPT01813,Go,completed,28.78,6.02,16.9,6.9,10.8,1.3,4.9
TRP0344060,2026-06-19 15:00:00,SHJ,Z15,Z12,CPT01280,Go,completed,13.32,1.4,8.0,7.1,9.0,0.98,4.8
TRP0344323,2026-06-27 07:00:00,SHJ,Z15,Z04,CPT01469,Go,completed,37.83,9.09,21.3,9.3,8.8,1.36,4.8
TRP0217541,2025-08-09 15:00:00,AUH,Z08,Z03,CPT02136,Go Plus,completed,34.99,2.01,7.3,7.8,13.2,1.73,4.7
TRP0074817,2026-05-14 19:00:00,DXB,Z02,Z11,CPT00350,Max,completed,67.18,10.38,36.2,6.5,9.0,1.24,4.7
TRP0137729,2026-05-08 07:00:00,DXB,Z04,Z01,CPT01341,Go,completed,20.01,4.87,11.8,1.5,6.0,1.0,3.9
TRP0001404,2025-07-13 19:00:00,DXB,Z01,Z09,CPT01768,Go,completed,21.72,3.37,12.5,7.6,8.0,1.26,4.8
TRP0032126,2026-04-09 04:00:00,DXB,Z01,Z02,CPT00866,Go,completed,13.64,1.58,6.4,8.2,6.1,0.98,4.4
TRP0256596,2025-10-31 20:00:00,AUH,Z10,Z08,CPT02568,Go,completed,21.27,5.55,22.2,8.0,7.6,1.0,4.8
TRP0226181,2026-01-29 16:00:00,AUH,Z08,Z15,CPT00675,Max,completed,26.39,1.25,8.9,6.0,6.7,1.02,4.5
TRP0070846,2026-04-10 19:00:00,DXB,Z02,Z01,CPT01214,Go,completed,18.46,3.74,13.9,5.5,6.4,1.03,4.7
TRP0160766,2026-03-13 17:00:00,DXB,Z05,Z02,CPT00304,Go Plus,completed,37.94,9.39,33.6,8.9,8.8,1.01,4.8
TRP0021765,2026-01-18 07:00:00,DXB,Z01,Z03,CPT01823,Go,completed,41.78,6.13,20.8,6.8,11.9,1.87,3.3
