order_id,order_datetime,store_id,items_count,basket_value_aed,basket_cogs_aed,promised_minutes,actual_minutes,status
ORD0001404,2025-01-17 10:02:00,DS01,7,139.3,102.41,20,16.7,delivered
ORD0001553,2025-01-18 17:19:00,DS01,5,110.22,82.1,20,11.2,delivered
ORD0001564,2025-01-18 16:36:00,DS01,1,41.76,24.59,20,17.9,delivered
ORD0001648,2025-01-19 20:18:00,DS01,3,59.15,44.72,20,16.3,delivered
ORD0002894,2025-01-31 15:12:00,DS01,7,187.37,134.15,20,9.4,delivered
ORD0002948,2025-01-31 21:58:00,DS01,7,157.68,117.25,20,26.4,delivered
ORD0003409,2025-02-04 21:38:00,DS01,2,45.19,35.27,20,15.6,delivered
ORD0003585,2025-02-06 10:04:00,DS01,5,98.8,67.89,20,19.3,delivered
ORD0003643,2025-02-06 17:31:00,DS01,18,406.72,289.96,20,25.7,delivered
ORD0003879,2025-02-08 20:34:00,DS01,2,27.33,20.66,20,12.0,delivered
ORD0004051,2025-02-09 15:19:00,DS01,1,50.01,37.12,20,23.0,delivered
ORD0004187,2025-02-11 10:33:00,DS01,2,16.09,11.65,20,13.5,delivered
ORD0004421,2025-02-13 14:42:00,DS01,2,75.91,55.49,20,25.4,delivered
ORD0004943,2025-02-17 19:48:00,DS01,2,49.2,36.3,20,14.5,delivered
ORD0005307,2025-02-21 14:43:00,DS01,1,9.17,7.18,20,18.7,delivered
ORD0005377,2025-02-21 16:04:00,DS01,1,9.34,6.97,20,31.8,delivered
ORD0005655,2025-02-23 14:41:00,DS01,4,158.87,119.34,20,16.6,delivered
ORD0005717,2025-02-24 20:40:00,DS01,4,70.24,51.68,20,23.8,delivered
ORD0006464,2025-03-02 21:29:00,DS01,4,76.97,54.13,20,16.4,delivered
ORD0006594,2025-03-03 17:34:00,DS01,7,236.68,177.32,20,9.6,delivered
ORD0006608,2025-03-03 20:22:00,DS01,3,76.81,51.48,20,26.9,delivered
ORD0006618,2025-03-03 20:25:00,DS01,3,79.62,58.61,20,16.1,delivered
ORD0006711,2025-03-04 18:42:00,DS01,7,218.8,166.48,20,24.4,delivered
ORD0006787,2025-03-04 20:02:00,DS01,3,71.2,47.25,20,17.9,delivered
ORD0006991,2025-03-06 22:23:00,DS01,10,200.29,148.31,20,17.1,delivered
ORD0007017,2025-03-06 20:41:00,DS01,1,17.57,12.43,20,15.1,delivered
ORD0007168,2025-03-07 13:42:00,DS01,20,433.27,319.42,20,11.7,delivered
ORD0007407,2025-03-08 21:47:00,DS01,2,26.63,17.03,20,17.0,delivered
ORD0007530,2025-03-09 20:57:00,DS01,1,35.96,25.73,20,30.5,delivered
ORD0007824,2025-03-11 19:49:00,DS01,2,34.87,26.06,20,33.9,delivered
ORD0007924,2025-03-11 16:17:00,DS01,6,178.89,133.81,20,8.4,delivered
ORD0008836,2025-03-16 11:56:00,DS01,1,25.5,20.07,20,19.4,delivered
ORD0008940,2025-03-17 01:38:00,DS01,5,77.87,56.76,20,22.5,delivered
ORD0009406,2025-03-20 19:05:00,DS01,6,163.4,122.02,20,26.0,delivered
ORD0009444,2025-03-21 01:24:00,DS01,1,25.64,18.93,20,14.8,delivered
ORD0009586,2025-03-21 02:45:00,DS01,15,241.7,176.01,20,27.0,delivered
ORD0009612,2025-03-21 20:44:00,DS01,13,204.02,146.4,20,10.9,delivered
ORD0009707,2025-03-22 23:33:00,DS01,1,56.41,42.5,20,9.0,delivered
ORD0009797,2025-03-22 21:08:00,DS01,5,153.03,104.32,20,21.6,delivered
ORD0009840,2025-03-22 20:49:00,DS01,3,29.1,22.43,20,10.8,delivered
ORD0010396,2025-03-26 17:55:00,DS01,8,166.12,124.99,20,16.0,delivered
ORD0010487,2025-03-27 12:16:00,DS01,3,78.14,54.94,20,30.1,delivered
ORD0010564,2025-03-27 19:52:00,DS01,1,13.82,9.21,20,23.2,delivered
ORD0010594,2025-03-27 12:23:00,DS01,1,18.54,13.19,20,22.6,delivered
ORD0010753,2025-03-28 20:59:00,DS01,1,19.13,14.64,20,22.9,delivered
ORD0011674,2025-04-03 17:05:00,DS01,1,12.45,9.2,20,12.6,delivered
ORD0011745,2025-04-04 02:21:00,DS01,2,21.44,13.39,20,17.0,delivered
ORD0011952,2025-04-05 20:11:00,DS01,1,11.16,7.43,20,15.7,delivered
ORD0013059,2025-04-13 20:20:00,DS01,2,82.29,59.98,20,24.8,delivered
ORD0013132,2025-04-14 17:33:00,DS01,1,30.24,23.03,20,20.6,delivered
ORD0013171,2025-04-14 19:08:00,DS01,3,46.47,34.8,20,15.1,delivered
ORD0013217,2025-04-15 18:11:00,DS01,1,20.54,13.38,20,14.6,delivered
ORD0013265,2025-04-15 13:29:00,DS01,1,46.3,33.15,20,9.1,delivered
ORD0013890,2025-04-19 09:34:00,DS01,1,4.96,3.22,20,16.9,delivered
ORD0014179,2025-04-22 20:27:00,DS01,1,6.75,5.49,20,36.0,delivered
ORD0014197,2025-04-22 19:06:00,DS01,4,35.94,26.86,20,25.9,delivered
ORD0014225,2025-04-22 10:36:00,DS01,1,35.96,25.73,20,27.4,delivered
ORD0014462,2025-04-24 13:18:00,DS01,3,75.44,57.7,20,28.8,delivered
ORD0015023,2025-04-28 10:10:00,DS01,4,81.93,59.62,20,30.4,delivered
ORD0015045,2025-04-28 13:55:00,DS01,2,47.27,33.15,20,17.7,delivered
ORD0015174,2025-04-29 08:24:00,DS01,4,107.29,79.85,20,17.6,delivered
ORD0015195,2025-04-30 22:38:00,DS01,3,35.12,26.14,20,27.0,delivered
ORD0015206,2025-04-30 12:27:00,DS01,1,14.17,10.67,20,19.9,delivered
ORD0015230,2025-04-30 08:16:00,DS01,3,118.68,86.47,20,20.9,delivered
ORD0016136,2025-05-07 14:53:00,DS01,2,88.66,67.06,20,26.9,delivered
ORD0016486,2025-05-09 08:58:00,DS01,1,25.64,18.93,20,21.4,delivered
ORD0016523,2025-05-09 14:27:00,DS01,6,141.68,102.29,20,13.0,delivered
ORD0016579,2025-05-10 20:03:00,DS01,9,205.62,141.85,20,10.7,delivered
ORD0016712,2025-05-10 21:27:00,DS01,2,42.35,29.88,20,21.6,delivered
ORD0017008,2025-05-13 21:20:00,DS01,1,21.67,13.81,20,23.0,delivered
ORD0017150,2025-05-14 14:41:00,DS01,2,45.49,30.61,20,17.7,delivered
ORD0017323,2025-05-15 11:37:00,DS01,4,108.52,80.5,20,12.2,delivered
ORD0017399,2025-05-16 08:25:00,DS01,2,89.65,62.93,20,12.6,delivered
ORD0017530,2025-05-17 18:28:00,DS01,3,83.35,58.96,20,16.9,delivered
ORD0018444,2025-05-23 17:58:00,DS01,1,20.69,15.7,20,12.3,delivered
ORD0018507,2025-05-24 05:23:00,DS01,1,9.15,6.63,20,12.0,cancelled_customer
ORD0018655,2025-05-24 20:57:00,DS01,2,24.97,17.64,20,17.6,delivered
ORD0018658,2025-05-24 18:19:00,DS01,4,90.43,61.56,20,21.4,delivered
ORD0020293,2025-06-05 12:56:00,DS01,2,33.06,23.31,20,10.9,delivered
ORD0020497,2025-06-06 14:00:00,DS01,1,19.13,14.64,20,19.0,delivered
ORD0020703,2025-06-08 20:40:00,DS01,2,77.8,56.54,20,29.6,delivered
ORD0020834,2025-06-08 16:08:00,DS01,9,230.29,162.63,20,17.5,delivered
ORD0020912,2025-06-09 08:50:00,DS01,5,129.65,90.18,20,14.0,delivered
ORD0020978,2025-06-10 20:08:00,DS01,2,59.51,43.69,20,26.9,delivered
ORD0020988,2025-06-10 20:16:00,DS01,1,24.74,18.35,20,14.9,delivered
ORD0021412,2025-06-13 18:08:00,DS01,5,107.43,73.48,20,20.3,delivered
ORD0021628,2025-06-14 21:09:00,DS01,2,74.72,56.02,20,19.9,delivered
ORD0021837,2025-06-15 14:27:00,DS01,1,14.17,10.67,20,15.5,delivered
ORD0022316,2025-06-19 22:48:00,DS01,3,131.11,100.31,20,,delivered
ORD0022409,2025-06-20 09:00:00,DS01,3,93.18,67.89,20,10.1,delivered
ORD0023102,2025-06-25 11:37:00,DS01,10,301.15,211.24,20,20.7,delivered
ORD0023189,2025-06-25 18:18:00,DS01,3,88.46,68.39,20,24.9,delivered
ORD0023427,2025-06-27 17:17:00,DS01,1,18.54,13.19,20,12.9,delivered
ORD0023442,2025-06-27 08:22:00,DS01,4,106.45,80.45,20,19.5,delivered
ORD0023760,2025-06-29 17:44:00,DS01,8,237.38,173.5,20,28.4,delivered
ORD0023999,2025-07-01 20:45:00,DS01,3,62.9,46.85,20,32.0,delivered
ORD0024051,2025-07-01 14:50:00,DS01,6,161.38,115.74,20,12.4,delivered
ORD0024262,2025-07-03 20:46:00,DS01,1,9.34,6.97,20,21.7,delivered
ORD0024562,2025-07-04 18:16:00,DS01,4,84.57,54.7,20,18.3,delivered
ORD0024668,2025-07-05 05:46:00,DS01,1,13.42,9.59,20,16.7,delivered
ORD0025476,2025-07-11 21:04:00,DS01,3,62.94,47.67,20,20.0,delivered
ORD0025496,2025-07-11 10:52:00,DS01,2,19.03,13.34,20,7.8,delivered
ORD0026208,2025-07-16 13:34:00,DS01,9,305.59,220.82,20,19.8,delivered
ORD0026413,2025-07-17 16:23:00,DS01,1,25.64,18.93,20,23.4,delivered
ORD0026667,2025-07-19 10:48:00,DS01,5,145.85,103.93,20,11.7,delivered
ORD0026736,2025-07-19 08:58:00,DS01,9,249.99,187.34,20,17.2,delivered
ORD0027162,2025-07-22 19:46:00,DS01,2,24.09,17.86,20,11.0,delivered
ORD0027199,2025-07-23 08:32:00,DS01,9,220.04,162.86,20,22.2,delivered
ORD0027439,2025-07-24 19:12:00,DS01,2,14.24,10.19,20,22.6,delivered
ORD0027537,2025-07-25 19:57:00,DS01,7,170.87,126.6,20,35.6,delivered
ORD0027646,2025-07-26 07:37:00,DS01,2,96.78,70.32,20,19.9,delivered
ORD0027867,2025-07-27 20:17:00,DS01,1,25.64,18.93,20,15.4,delivered
ORD0028008,2025-07-28 11:08:00,DS01,2,53.33,38.94,20,24.6,delivered
ORD0028232,2025-07-30 19:12:00,DS01,2,69.41,49.91,20,20.4,delivered
ORD0028366,2025-07-31 18:48:00,DS01,1,24.74,18.35,20,21.2,delivered
ORD0028610,2025-08-01 19:53:00,DS01,11,317.02,226.35,20,15.1,delivered
ORD0028619,2025-08-01 15:03:00,DS01,1,10.8,6.97,20,7.4,delivered
ORD0028985,2025-08-03 16:03:00,DS01,5,145.39,110.57,20,14.8,delivered
ORD0029321,2025-08-06 21:50:00,DS01,1,22.48,17.45,20,11.1,delivered
ORD0029400,2025-08-07 10:31:00,DS01,2,29.31,21.3,20,16.8,delivered
ORD0029421,2025-08-07 11:56:00,DS01,6,143.8,104.94,20,20.6,delivered
ORD0029853,2025-08-09 21:24:00,DS01,9,290.42,208.38,20,29.3,delivered
ORD0029917,2025-08-10 13:31:00,DS01,3,56.13,42.78,20,10.2,delivered
ORD0030515,2025-08-14 15:17:00,DS01,1,13.42,9.59,20,19.9,delivered
ORD0030708,2025-08-15 14:38:00,DS01,2,95.79,73.88,20,12.2,delivered
ORD0030882,2025-08-16 12:04:00,DS01,3,136.76,100.24,20,11.7,delivered
ORD0031750,2025-08-22 20:55:00,DS01,2,41.91,28.8,20,20.2,delivered
ORD0031853,2025-08-23 13:18:00,DS01,1,16.26,10.45,20,22.8,delivered
ORD0032426,2025-08-27 16:33:00,DS01,3,112.33,81.27,20,16.9,delivered
ORD0032630,2025-08-29 13:48:00,DS01,1,40.37,27.82,20,22.9,delivered
ORD0032966,2025-08-30 16:21:00,DS01,4,114.59,78.99,20,26.5,delivered
ORD0033017,2025-08-31 12:13:00,DS01,9,266.88,187.0,20,12.3,delivered
ORD0033244,2025-09-02 07:41:00,DS01,8,135.74,99.41,20,20.3,delivered
ORD0033372,2025-09-03 12:18:00,DS01,2,14.32,11.1,20,21.9,delivered
ORD0033787,2025-09-05 13:22:00,DS01,2,66.56,45.78,20,13.4,delivered
ORD0034050,2025-09-07 14:21:00,DS01,1,20.54,13.38,20,10.3,delivered
ORD0034154,2025-09-08 11:41:00,DS01,2,37.37,27.98,20,18.2,delivered
ORD0034235,2025-09-08 19:23:00,DS01,3,126.55,90.71,20,12.3,delivered
ORD0034335,2025-09-09 14:55:00,DS01,6,203.29,144.73,20,13.0,delivered
ORD0034416,2025-09-10 18:14:00,DS01,3,96.31,67.65,20,13.3,delivered
ORD0034459,2025-09-10 10:31:00,DS01,1,20.69,15.7,20,26.9,delivered
ORD0034931,2025-09-13 20:26:00,DS01,1,20.54,13.38,20,19.9,delivered
ORD0035269,2025-09-16 19:58:00,DS01,5,124.9,93.69,20,29.2,delivered
ORD0035639,2025-09-18 13:32:00,DS01,2,20.98,16.42,20,14.1,delivered
ORD0035726,2025-09-19 17:06:00,DS01,2,20.8,14.11,20,10.0,delivered
ORD0035911,2025-09-20 15:48:00,DS01,1,12.52,9.93,20,13.4,delivered
ORD0036037,2025-09-21 20:03:00,DS01,3,72.62,53.44,20,44.7,delivered
ORD0036284,2025-09-23 11:04:00,DS01,4,72.8,47.33,20,24.7,delivered
ORD0036422,2025-09-24 23:37:00,DS01,10,207.91,143.35,20,24.3,delivered
ORD0036487,2025-09-24 17:35:00,DS01,1,19.5,12.99,20,22.2,delivered
ORD0036874,2025-09-27 18:26:00,DS01,2,30.68,20.07,20,27.4,delivered
ORD0037109,2025-09-28 11:47:00,DS01,3,61.85,46.53,20,9.0,delivered
ORD0037339,2025-09-30 23:01:00,DS01,1,9.15,6.63,20,23.7,delivered
ORD0037725,2025-10-03 16:28:00,DS01,2,43.14,28.46,20,18.3,delivered
ORD0037796,2025-10-03 20:03:00,DS01,4,79.76,56.94,20,24.9,delivered
ORD0037804,2025-10-03 10:57:00,DS01,1,36.44,26.06,20,8.0,delivered
ORD0038867,2025-10-11 12:39:00,DS01,1,12.53,9.59,20,11.0,delivered
ORD0038974,2025-10-11 19:47:00,DS01,2,21.86,16.9,20,20.1,delivered
ORD0039229,2025-10-13 19:06:00,DS01,10,317.43,224.73,20,27.0,delivered
ORD0039375,2025-10-15 11:54:00,DS01,7,173.41,124.97,20,15.6,delivered
ORD0039478,2025-10-15 07:23:00,DS01,2,46.98,34.17,20,22.2,delivered
ORD0039608,2025-10-16 19:51:00,DS01,3,42.95,30.01,20,17.0,delivered
ORD0041153,2025-10-27 18:29:00,DS01,2,27.38,19.07,20,22.7,delivered
ORD0041234,2025-10-28 10:59:00,DS01,1,25.58,16.4,20,16.2,delivered
ORD0041295,2025-10-29 12:51:00,DS01,9,225.62,162.73,20,17.0,delivered
ORD0041494,2025-10-30 20:40:00,DS01,1,19.61,11.93,20,19.6,delivered
ORD0041520,2025-10-30 19:51:00,DS01,8,275.91,201.69,20,20.6,delivered
ORD0041865,2025-11-01 09:36:00,DS01,6,122.59,80.37,20,21.6,delivered
ORD0042093,2025-11-03 22:25:00,DS01,1,56.41,42.5,20,13.7,delivered
ORD0042208,2025-11-04 18:38:00,DS01,2,36.66,28.27,20,22.1,delivered
ORD0042466,2025-11-06 16:18:00,DS01,1,23.97,18.1,20,14.8,delivered
ORD0042707,2025-11-08 21:53:00,DS01,1,36.32,23.43,20,10.4,delivered
ORD0042738,2025-11-08 00:57:00,DS01,2,19.3,13.26,20,23.0,delivered
ORD0043002,2025-11-10 16:50:00,DS01,2,25.92,18.41,20,13.3,delivered
ORD0043177,2025-11-11 13:11:00,DS01,2,45.05,32.4,20,13.6,delivered
ORD0043220,2025-11-12 10:07:00,DS01,3,37.62,28.24,20,30.0,delivered
ORD0043332,2025-11-13 07:09:00,DS01,2,70.97,50.38,20,35.2,delivered
ORD0043930,2025-11-17 12:46:00,DS01,2,21.07,15.37,20,12.2,delivered
ORD0043962,2025-11-17 21:07:00,DS01,1,7.65,5.78,20,11.5,delivered
ORD0044337,2025-11-20 09:22:00,DS01,1,9.15,6.63,20,30.8,delivered
ORD0044370,2025-11-20 14:38:00,DS01,2,71.25,52.97,20,17.5,delivered
ORD0044526,2025-11-21 15:29:00,DS01,5,74.05,53.38,20,11.8,delivered
ORD0045212,2025-11-27 22:54:00,DS01,2,78.75,60.0,20,21.6,delivered
ORD0045307,2025-11-27 16:54:00,DS01,5,111.93,79.82,20,33.0,delivered
ORD0045414,2025-11-28 16:09:00,DS01,2,62.57,47.23,20,24.6,delivered
ORD0045491,2025-11-29 12:53:00,DS01,1,56.41,42.5,20,35.3,delivered
ORD0045793,2025-12-01 14:44:00,DS01,1,7.65,5.78,20,20.2,delivered
ORD0046140,2025-12-04 15:03:00,DS01,1,19.5,12.99,20,15.0,delivered
ORD0046371,2025-12-05 17:57:00,DS01,3,94.74,68.69,20,13.5,delivered
ORD0046448,2025-12-06 21:44:00,DS01,1,31.57,24.71,20,21.0,delivered
ORD0046636,2025-12-07 10:56:00,DS01,1,56.41,42.5,20,25.6,delivered
ORD0046745,2025-12-08 11:56:00,DS01,1,30.24,23.03,20,22.2,delivered
ORD0046856,2025-12-09 18:12:00,DS01,7,196.99,138.43,20,13.6,delivered
ORD0046979,2025-12-10 08:11:00,DS01,2,74.1,57.95,20,22.8,delivered
ORD0046995,2025-12-10 20:08:00,DS01,1,20.31,14.05,20,17.8,delivered
ORD0047141,2025-12-11 15:58:00,DS01,1,28.09,19.95,20,25.5,delivered
ORD0047432,2025-12-13 14:33:00,DS01,1,11.16,7.43,20,24.0,delivered
ORD0047543,2025-12-14 09:20:00,DS01,4,103.79,78.58,20,33.3,delivered
ORD0048609,2025-12-23 19:17:00,DS01,16,388.06,285.35,20,22.6,delivered
ORD0049149,2025-12-27 22:58:00,DS01,11,223.16,159.27,20,19.9,delivered
ORD0049491,2025-12-29 07:17:00,DS01,1,55.12,41.59,20,8.7,delivered
ORD0050055,2026-01-03 20:30:00,DS01,1,56.41,42.5,20,43.6,delivered
ORD0050322,2026-01-04 12:57:00,DS01,2,23.91,18.0,20,11.2,delivered
ORD0050561,2026-01-07 16:51:00,DS01,6,74.16,51.8,20,27.7,delivered
ORD0050598,2026-01-07 11:53:00,DS01,2,50.98,33.17,20,20.3,delivered
ORD0050745,2026-01-08 21:43:00,DS01,17,404.89,294.41,20,28.3,delivered
ORD0050910,2026-01-09 13:09:00,DS01,2,41.13,29.47,20,20.4,delivered
ORD0050919,2026-01-09 18:11:00,DS01,4,134.28,97.07,20,29.8,delivered
ORD0051016,2026-01-10 19:40:00,DS01,5,155.46,118.31,20,25.9,delivered
ORD0051233,2026-01-11 12:11:00,DS01,2,39.06,28.52,20,25.5,delivered
ORD0051365,2026-01-13 20:50:00,DS01,2,34.24,22.53,20,19.4,delivered
ORD0052474,2026-01-21 11:42:00,DS01,1,14.17,10.67,20,14.4,delivered
ORD0052716,2026-01-23 16:37:00,DS01,4,150.3,108.46,20,24.5,delivered
ORD0052820,2026-01-24 19:48:00,DS01,1,13.82,9.21,20,14.8,delivered
ORD0052876,2026-01-24 17:24:00,DS01,7,203.69,150.96,20,19.3,delivered
ORD0053054,2026-01-25 22:37:00,DS01,4,92.22,66.07,20,23.4,delivered
ORD0053095,2026-01-25 19:26:00,DS01,3,93.39,68.26,20,25.1,delivered
ORD0053226,2026-01-27 11:45:00,DS01,3,112.45,85.66,20,19.3,delivered
ORD0053298,2026-01-27 09:54:00,DS01,1,23.68,18.01,20,,delivered
ORD0053399,2026-01-28 11:12:00,DS01,2,27.96,21.69,20,24.7,delivered
ORD0053484,2026-01-29 18:19:00,DS01,1,36.44,26.06,20,33.3,delivered
ORD0053493,2026-01-29 16:18:00,DS01,3,142.78,107.8,20,22.0,delivered
ORD0053652,2026-01-30 19:24:00,DS01,2,55.23,41.46,20,27.8,delivered
ORD0053722,2026-01-30 11:07:00,DS01,1,19.26,11.99,20,19.1,delivered
ORD0054009,2026-02-01 21:17:00,DS01,4,79.83,58.47,20,21.3,delivered
ORD0054160,2026-02-03 21:46:00,DS01,4,79.78,60.38,20,33.6,delivered
ORD0054273,2026-02-04 13:58:00,DS01,4,108.7,78.83,20,16.1,delivered
ORD0054392,2026-02-05 03:43:00,DS01,4,101.25,72.12,20,25.3,delivered
ORD0054633,2026-02-06 21:59:00,DS01,6,110.49,80.51,20,28.1,delivered
ORD0054689,2026-02-07 19:03:00,DS01,1,17.37,13.21,20,15.2,delivered
ORD0055757,2026-02-14 18:14:00,DS01,4,91.47,64.25,20,27.2,delivered
ORD0055971,2026-02-16 08:50:00,DS01,6,100.98,72.94,20,10.2,delivered
ORD0056092,2026-02-17 21:29:00,DS01,1,3.24,2.19,20,22.1,delivered
ORD0056101,2026-02-17 19:20:00,DS01,3,84.52,62.45,20,14.4,delivered
ORD0056336,2026-02-19 18:39:00,DS01,4,148.13,105.31,20,19.9,delivered
ORD0056660,2026-02-20 01:56:00,DS01,4,121.61,83.72,20,10.1,delivered
ORD0057520,2026-02-25 11:03:00,DS01,12,273.4,200.17,20,25.9,delivered
ORD0058327,2026-03-01 19:59:00,DS01,7,157.24,111.21,20,27.9,delivered
ORD0058667,2026-03-03 21:09:00,DS01,1,26.23,20.8,20,22.0,delivered
ORD0058673,2026-03-03 00:28:00,DS01,1,41.08,27.14,20,13.3,delivered
ORD0058970,2026-03-05 12:21:00,DS01,1,6.02,4.82,20,33.5,delivered
ORD0059064,2026-03-05 20:55:00,DS01,2,115.95,75.79,20,13.1,delivered
ORD0059178,2026-03-06 23:59:00,DS01,6,134.6,99.2,20,28.0,delivered
ORD0059527,2026-03-07 22:03:00,DS01,3,50.18,37.77,20,18.1,delivered
ORD0059621,2026-03-08 20:35:00,DS01,1,4.96,3.22,20,19.6,delivered
ORD0060285,2026-03-12 09:26:00,DS01,1,3.24,2.19,20,29.8,delivered
ORD0060371,2026-03-12 19:16:00,DS01,2,29.64,22.07,20,19.2,delivered
ORD0060413,2026-03-12 21:32:00,DS01,5,159.35,123.63,20,29.1,delivered
ORD0060685,2026-03-13 20:16:00,DS01,1,56.41,42.5,20,23.8,delivered
ORD0060693,2026-03-14 15:18:00,DS01,2,36.08,23.54,20,24.8,delivered
ORD0060806,2026-03-14 19:01:00,DS01,1,27.93,19.38,20,26.4,delivered
ORD0060958,2026-03-15 19:38:00,DS01,7,179.88,131.13,20,20.6,delivered
ORD0061659,2026-03-19 17:10:00,DS01,3,77.36,55.51,20,18.4,delivered
ORD0062079,2026-03-21 11:44:00,DS01,1,10.8,6.97,20,25.0,delivered
ORD0062308,2026-03-22 18:15:00,DS01,2,46.47,34.43,20,13.8,delivered
ORD0062813,2026-03-25 13:33:00,DS01,1,5.09,3.56,20,19.4,delivered
ORD0062912,2026-03-26 10:16:00,DS01,2,28.47,21.61,20,17.6,delivered
ORD0063424,2026-03-29 12:14:00,DS01,1,19.75,15.44,20,22.2,delivered
ORD0063637,2026-03-31 21:24:00,DS01,1,53.34,29.64,20,19.7,delivered
ORD0063786,2026-04-01 06:26:00,DS01,7,119.86,89.75,20,15.9,delivered
ORD0063788,2026-04-01 10:35:00,DS01,2,24.49,16.84,20,18.7,delivered
ORD0063851,2026-04-02 20:25:00,DS01,1,40.39,30.99,20,29.6,delivered
ORD0064298,2026-04-04 21:16:00,DS01,2,28.53,20.46,20,14.9,delivered
ORD0064310,2026-04-04 07:37:00,DS01,11,249.33,179.1,20,15.6,delivered
ORD0064315,2026-04-04 19:26:00,DS01,2,48.15,32.93,20,22.0,delivered
ORD0064470,2026-04-05 17:02:00,DS01,4,117.61,88.0,20,15.8,delivered
ORD0064558,2026-04-06 21:57:00,DS01,7,155.51,114.25,20,24.9,delivered
ORD0065329,2026-04-11 12:40:00,DS01,4,97.07,69.87,20,16.4,delivered
ORD0066096,2026-04-17 19:36:00,DS01,1,55.12,41.59,20,27.7,delivered
ORD0066373,2026-04-18 09:35:00,DS01,1,55.01,37.74,20,15.9,delivered
ORD0066584,2026-04-19 19:12:00,DS01,15,298.25,213.98,20,34.2,delivered
ORD0066763,2026-04-21 20:35:00,DS01,3,82.04,57.96,20,23.5,delivered
ORD0066799,2026-04-21 17:26:00,DS01,6,115.96,83.0,20,12.1,delivered
ORD0067698,2026-04-27 21:35:00,DS01,3,41.72,26.42,20,25.9,delivered
ORD0067950,2026-04-29 10:55:00,DS01,1,5.46,4.22,20,12.2,delivered
ORD0068045,2026-04-29 21:07:00,DS01,2,77.93,57.02,20,20.8,delivered
ORD0068089,2026-04-30 15:17:00,DS01,1,14.84,10.47,20,18.5,delivered
ORD0068186,2026-04-30 17:42:00,DS01,2,46.63,33.14,20,20.5,delivered
ORD0068313,2026-05-01 17:06:00,DS01,2,90.18,70.17,20,24.9,delivered
ORD0069066,2026-05-06 07:30:00,DS01,8,218.3,155.23,20,16.5,delivered
ORD0069409,2026-05-08 09:22:00,DS01,1,32.42,22.16,20,19.7,cancelled_customer
ORD0069526,2026-05-08 18:57:00,DS01,4,63.61,46.49,20,22.0,delivered
ORD0069617,2026-05-09 23:27:00,DS01,1,15.62,11.52,20,17.0,delivered
ORD0070208,2026-05-13 10:55:00,DS01,1,12.52,9.93,20,12.5,delivered
ORD0070291,2026-05-13 21:56:00,DS01,2,35.68,26.86,20,32.6,delivered
ORD0070431,2026-05-14 21:04:00,DS01,4,76.19,57.1,20,27.7,delivered
ORD0070682,2026-05-16 12:22:00,DS01,2,37.27,27.94,20,23.6,delivered
ORD0070939,2026-05-17 08:18:00,DS01,1,21.67,13.81,20,10.5,delivered
ORD0071271,2026-05-19 19:08:00,DS01,1,58.83,40.02,20,27.9,delivered
ORD0071465,2026-05-21 10:01:00,DS01,1,21.67,13.81,20,17.7,delivered
ORD0071530,2026-05-21 22:33:00,DS01,2,67.57,49.93,20,20.2,delivered
ORD0071988,2026-05-24 10:55:00,DS01,1,28.09,19.95,20,24.2,delivered
ORD0072203,2026-05-25 16:52:00,DS01,6,138.43,102.57,20,11.9,delivered
ORD0072252,2026-05-25 19:23:00,DS01,5,178.84,133.37,20,23.5,delivered
ORD0072642,2026-05-28 19:31:00,DS01,5,142.22,105.94,20,24.4,delivered
ORD0072934,2026-05-30 20:14:00,DS01,3,122.77,89.37,20,17.3,delivered
ORD0073169,2026-05-31 06:26:00,DS01,1,27.56,19.75,20,27.3,delivered
ORD0073174,2026-05-31 09:23:00,DS01,5,83.29,60.04,20,24.6,delivered
ORD0073358,2026-06-01 18:41:00,DS01,1,9.32,7.29,20,12.4,delivered
ORD0073471,2026-06-02 22:27:00,DS01,3,58.17,43.53,20,24.2,delivered
ORD0073694,2026-06-03 13:33:00,DS01,7,189.47,131.85,20,25.4,delivered
ORD0073901,2026-06-05 19:49:00,DS01,5,139.99,105.02,20,20.9,delivered
ORD0074566,2026-06-09 09:34:00,DS01,4,68.88,45.71,20,15.4,cancelled_customer
ORD0074801,2026-06-10 21:01:00,DS01,1,23.68,18.01,20,21.0,delivered
ORD0074940,2026-06-11 09:38:00,DS01,1,31.57,24.71,20,13.2,delivered
ORD0075090,2026-06-12 18:50:00,DS01,3,92.69,64.03,20,32.6,delivered
ORD0075109,2026-06-12 11:25:00,DS01,2,61.15,45.68,20,12.8,delivered
ORD0075201,2026-06-12 19:07:00,DS01,2,36.73,26.93,20,10.0,delivered
ORD0075325,2026-06-13 15:20:00,DS01,6,183.44,140.97,20,25.1,delivered
ORD0076208,2026-06-19 04:01:00,DS01,2,26.52,19.84,20,27.5,delivered
ORD0076387,2026-06-19 09:57:00,DS01,1,25.64,18.93,20,31.6,delivered
ORD0076429,2026-06-20 11:54:00,DS01,8,227.96,162.77,20,18.4,delivered
ORD0077333,2026-06-25 18:28:00,DS01,2,29.68,20.94,20,21.5,delivered
ORD0077407,2026-06-26 17:18:00,DS01,11,222.2,157.65,20,,delivered
ORD0077643,2026-06-27 11:50:00,DS01,1,32.42,22.16,20,12.7,delivered
ORD0077665,2026-06-27 20:34:00,DS01,1,12.52,9.93,20,28.6,delivered
ORD0077944,2026-06-29 18:16:00,DS01,3,66.76,51.03,20,19.4,delivered
ORD0077963,2026-06-29 09:50:00,DS01,1,21.12,15.74,20,19.9,delivered
ORD0078035,2026-06-29 19:54:00,DS01,7,264.09,200.59,20,23.6,delivered
ORD0078818,2025-01-11 21:02:00,DS02,2,54.56,36.77,20,19.0,delivered
ORD0079151,2025-01-15 19:58:00,DS02,8,220.33,168.08,20,31.6,delivered
ORD0079268,2025-01-16 21:52:00,DS02,1,12.52,9.93,20,21.3,delivered
ORD0079279,2025-01-16 19:14:00,DS02,1,18.54,13.19,20,24.1,delivered
ORD0079385,2025-01-17 14:21:00,DS02,4,53.46,39.73,20,10.3,delivered
ORD0079577,2025-01-19 13:19:00,DS02,2,21.87,16.56,20,19.0,delivered
ORD0080220,2025-01-26 20:43:00,DS02,5,89.23,66.23,20,25.6,delivered
ORD0080256,2025-01-27 10:41:00,DS02,5,128.96,97.66,20,15.0,delivered
ORD0080609,2025-01-31 17:45:00,DS02,1,50.01,37.12,20,10.4,delivered
ORD0080701,2025-02-01 15:03:00,DS02,2,43.55,31.97,20,15.1,delivered
ORD0080800,2025-02-01 13:55:00,DS02,3,58.0,43.99,20,13.6,delivered
ORD0080865,2025-02-02 18:21:00,DS02,6,140.89,102.44,20,30.2,delivered
ORD0081110,2025-02-05 11:01:00,DS02,7,155.33,108.55,20,23.2,delivered
ORD0081863,2025-02-14 15:23:00,DS02,3,72.8,50.55,20,7.5,delivered
ORD0082514,2025-02-21 13:40:00,DS02,1,15.63,9.4,20,21.4,delivered
ORD0083258,2025-02-28 14:29:00,DS02,2,101.87,73.93,20,17.4,delivered
ORD0083274,2025-02-28 16:02:00,DS02,3,147.18,109.01,20,15.4,delivered
ORD0083846,2025-03-05 14:35:00,DS02,1,40.43,28.89,20,7.2,delivered
ORD0083957,2025-03-06 18:37:00,DS02,2,81.15,60.85,20,11.8,delivered
ORD0084509,2025-03-10 17:59:00,DS02,1,9.32,7.29,20,11.6,delivered
ORD0084531,2025-03-10 22:05:00,DS02,2,33.89,24.98,20,8.1,delivered
ORD0084889,2025-03-13 17:38:00,DS02,1,10.18,6.79,20,26.5,delivered
ORD0085096,2025-03-14 20:03:00,DS02,3,54.22,38.59,20,22.3,delivered
ORD0085238,2025-03-15 09:41:00,DS02,4,118.85,88.84,20,20.0,delivered
ORD0085416,2025-03-16 18:29:00,DS02,2,92.98,68.28,20,21.6,delivered
ORD0085559,2025-03-18 15:53:00,DS02,1,7.65,5.78,20,33.2,delivered
ORD0085861,2025-03-20 13:25:00,DS02,4,55.47,39.94,20,29.2,delivered
ORD0085989,2025-03-21 19:51:00,DS02,4,118.49,82.65,20,17.9,delivered
ORD0086312,2025-03-23 14:57:00,DS02,1,9.32,7.29,20,18.5,delivered
ORD0086318,2025-03-23 19:17:00,DS02,9,294.69,212.65,20,18.6,delivered
ORD0086533,2025-03-25 23:48:00,DS02,2,74.62,49.67,20,7.8,delivered
ORD0086575,2025-03-26 15:53:00,DS02,3,89.93,60.71,20,20.6,delivered
ORD0086600,2025-03-26 21:28:00,DS02,3,32.59,22.81,20,28.4,delivered
ORD0086728,2025-03-27 16:25:00,DS02,6,112.48,78.79,20,25.2,delivered
ORD0086817,2025-03-27 23:46:00,DS02,1,35.96,25.73,20,12.3,delivered
ORD0086978,2025-03-28 23:37:00,DS02,7,203.14,148.01,20,17.6,delivered
ORD0087352,2025-03-31 19:23:00,DS02,6,191.74,140.49,20,23.0,delivered
ORD0087449,2025-04-01 07:25:00,DS02,9,250.08,172.24,20,29.5,delivered
ORD0087817,2025-04-04 13:09:00,DS02,3,137.52,101.96,20,10.6,delivered
ORD0087931,2025-04-05 20:02:00,DS02,3,61.02,42.47,20,22.1,delivered
ORD0087935,2025-04-05 18:01:00,DS02,1,25.64,18.93,20,15.0,delivered
ORD0088093,2025-04-07 21:59:00,DS02,2,84.02,60.38,20,14.5,delivered
ORD0088174,2025-04-08 13:28:00,DS02,2,44.1,32.83,20,11.0,delivered
ORD0088284,2025-04-09 11:00:00,DS02,5,116.35,80.82,20,23.3,delivered
ORD0088437,2025-04-10 21:47:00,DS02,2,57.13,43.94,20,15.9,delivered
ORD0088448,2025-04-11 19:31:00,DS02,4,89.46,68.73,20,18.2,delivered
ORD0088496,2025-04-11 18:59:00,DS02,3,118.1,89.05,20,20.9,delivered
ORD0088900,2025-04-15 18:46:00,DS02,1,18.54,13.19,20,28.2,delivered
ORD0089211,2025-04-18 14:06:00,DS02,9,151.93,111.44,20,26.2,delivered
ORD0089371,2025-04-19 09:26:00,DS02,1,31.63,23.87,20,13.6,delivered
ORD0089384,2025-04-19 00:24:00,DS02,3,71.58,48.95,20,16.6,delivered
ORD0089500,2025-04-20 15:20:00,DS02,7,154.24,108.44,20,22.6,delivered
ORD0089720,2025-04-23 14:50:00,DS02,2,61.37,36.52,20,14.0,delivered
ORD0089994,2025-04-25 12:38:00,DS02,4,93.05,66.21,20,31.3,delivered
ORD0090978,2025-05-04 07:17:00,DS02,4,168.43,123.67,20,25.4,delivered
ORD0091780,2025-05-11 18:21:00,DS02,2,34.14,21.67,20,21.5,delivered
ORD0092271,2025-05-16 23:21:00,DS02,2,96.84,71.39,20,12.8,delivered
ORD0092355,2025-05-16 21:42:00,DS02,4,62.34,45.62,20,31.7,delivered
ORD0092362,2025-05-17 14:01:00,DS02,3,50.18,38.28,20,22.7,delivered
ORD0092795,2025-05-21 08:14:00,DS02,1,39.71,28.05,20,22.8,delivered
ORD0092854,2025-05-21 09:55:00,DS02,3,62.28,47.84,20,21.8,delivered
ORD0093067,2025-05-23 17:08:00,DS02,2,51.34,38.92,20,21.4,delivered
ORD0093758,2025-05-29 17:04:00,DS02,5,109.59,79.36,20,13.4,delivered
ORD0093941,2025-05-30 09:37:00,DS02,6,182.81,139.01,20,17.4,delivered
ORD0094039,2025-05-31 19:31:00,DS02,1,35.96,25.73,20,41.5,delivered
ORD0094051,2025-05-31 00:20:00,DS02,3,14.95,10.9,20,12.1,delivered
ORD0094548,2025-06-05 14:52:00,DS02,2,65.86,39.57,20,47.9,delivered
ORD0094604,2025-06-05 19:36:00,DS02,10,199.31,143.03,20,16.3,delivered
ORD0094712,2025-06-06 08:08:00,DS02,4,84.4,58.84,20,19.6,delivered
ORD0094806,2025-06-07 18:43:00,DS02,9,193.28,129.35,20,19.4,delivered
ORD0094855,2025-06-07 09:34:00,DS02,2,30.77,22.93,20,23.8,delivered
ORD0095714,2025-06-14 11:01:00,DS02,1,5.98,4.5,20,8.4,delivered
ORD0095743,2025-06-15 12:22:00,DS02,2,24.72,16.23,20,22.2,delivered
ORD0095773,2025-06-15 18:52:00,DS02,4,129.3,87.68,20,24.4,delivered
ORD0095816,2025-06-15 08:10:00,DS02,2,65.57,45.47,20,15.4,delivered
ORD0096293,2025-06-20 09:17:00,DS02,3,64.84,46.85,20,17.1,delivered
ORD0096594,2025-06-22 19:47:00,DS02,3,54.9,37.34,20,29.0,delivered
ORD0096718,2025-06-23 09:59:00,DS02,1,32.55,24.41,20,16.5,delivered
ORD0097021,2025-06-26 14:45:00,DS02,1,46.0,29.64,20,28.3,delivered
ORD0097421,2025-06-29 23:56:00,DS02,2,54.35,38.87,20,17.4,delivered
ORD0097993,2025-07-04 20:45:00,DS02,1,3.91,2.77,20,24.2,delivered
ORD0098388,2025-07-07 18:10:00,DS02,4,89.67,62.39,20,34.5,delivered
ORD0098568,2025-07-09 15:34:00,DS02,3,66.7,50.62,20,14.1,delivered
ORD0098875,2025-07-11 14:44:00,DS02,3,123.33,91.52,20,15.8,delivered
ORD0099859,2025-07-19 21:45:00,DS02,2,51.89,38.62,20,12.6,delivered
ORD0099963,2025-07-20 17:19:00,DS02,4,67.16,46.53,20,12.0,delivered
ORD0100003,2025-07-20 20:38:00,DS02,3,62.58,45.49,20,28.3,delivered
ORD0100256,2025-07-23 17:33:00,DS02,1,19.13,14.64,20,12.9,delivered
ORD0100278,2025-07-23 19:26:00,DS02,3,65.47,49.58,20,37.8,delivered
ORD0101378,2025-08-01 07:59:00,DS02,1,35.96,25.73,20,20.7,delivered
ORD0101430,2025-08-01 18:16:00,DS02,2,54.84,39.39,20,27.5,delivered
ORD0101455,2025-08-01 09:36:00,DS02,6,174.26,125.26,20,32.0,delivered
ORD0102495,2025-08-09 21:36:00,DS02,2,77.26,54.93,20,31.5,delivered
ORD0102502,2025-08-09 22:13:00,DS02,1,6.02,4.82,20,29.3,delivered
ORD0102812,2025-08-13 04:26:00,DS02,1,14.17,10.67,20,11.9,delivered
ORD0102819,2025-08-13 19:07:00,DS02,3,80.45,63.29,20,7.6,delivered
ORD0103125,2025-08-15 22:45:00,DS02,1,15.63,9.4,20,15.1,delivered
ORD0103784,2025-08-21 15:20:00,DS02,3,145.36,109.61,20,17.9,delivered
ORD0103802,2025-08-21 21:47:00,DS02,1,9.15,6.63,20,30.7,delivered
ORD0103827,2025-08-21 20:38:00,DS02,2,55.08,36.89,20,24.3,delivered
ORD0104163,2025-08-23 11:25:00,DS02,1,15.62,11.52,20,13.2,delivered
ORD0104334,2025-08-25 19:58:00,DS02,2,28.75,22.0,20,16.3,delivered
ORD0104640,2025-08-28 21:08:00,DS02,5,99.64,75.29,20,11.7,delivered
ORD0105406,2025-09-03 22:58:00,DS02,1,25.15,20.09,20,21.2,delivered
ORD0105636,2025-09-05 19:05:00,DS02,2,31.79,24.23,20,15.2,delivered
ORD0105657,2025-09-05 16:43:00,DS02,7,163.53,118.78,20,14.9,delivered
ORD0105682,2025-09-05 16:35:00,DS02,1,15.15,12.38,20,9.6,delivered
ORD0105888,2025-09-06 19:47:00,DS02,3,62.45,42.18,20,16.3,delivered
ORD0105889,2025-09-06 13:48:00,DS02,4,238.84,178.19,20,15.7,delivered
ORD0106011,2025-09-08 11:00:00,DS02,4,99.7,76.06,20,25.2,delivered
ORD0106660,2025-09-13 16:13:00,DS02,1,40.37,27.82,20,11.4,delivered
ORD0107012,2025-09-16 09:39:00,DS02,1,50.74,37.49,20,21.0,cancelled_customer
ORD0107195,2025-09-18 14:28:00,DS02,4,81.56,59.54,20,5.8,delivered
ORD0107250,2025-09-18 14:01:00,DS02,4,99.75,76.95,20,20.2,delivered
ORD0107313,2025-09-19 17:18:00,DS02,3,110.1,79.18,20,18.5,delivered
ORD0107345,2025-09-19 13:52:00,DS02,2,29.1,21.72,20,22.6,delivered
ORD0107596,2025-09-21 12:50:00,DS02,1,25.15,20.09,20,15.1,delivered
ORD0107797,2025-09-23 20:47:00,DS02,2,30.44,21.99,20,15.0,delivered
ORD0108348,2025-09-27 15:30:00,DS02,1,8.3,6.28,20,23.0,delivered
ORD0108636,2025-09-30 21:47:00,DS02,4,89.05,61.36,20,23.9,delivered
ORD0108674,2025-10-01 10:45:00,DS02,4,62.42,46.41,20,17.0,delivered
ORD0108842,2025-10-02 00:31:00,DS02,4,71.51,54.01,20,27.7,delivered
ORD0109150,2025-10-04 14:38:00,DS02,3,73.35,52.31,20,12.1,delivered
ORD0109252,2025-10-05 14:10:00,DS02,1,52.16,37.61,20,10.8,delivered
ORD0109510,2025-10-08 18:08:00,DS02,1,30.24,23.03,20,30.8,delivered
ORD0109605,2025-10-09 20:20:00,DS02,2,32.23,20.8,20,12.8,delivered
ORD0109653,2025-10-09 08:55:00,DS02,1,6.02,4.82,20,11.0,delivered
ORD0109748,2025-10-10 11:19:00,DS02,1,24.74,18.35,20,9.1,delivered
ORD0109769,2025-10-10 16:39:00,DS02,2,33.15,25.85,20,18.5,delivered
ORD0109885,2025-10-11 12:51:00,DS02,4,139.41,103.84,20,9.7,delivered
ORD0109951,2025-10-11 13:09:00,DS02,4,111.73,82.62,20,27.3,delivered
ORD0110149,2025-10-13 20:33:00,DS02,7,213.92,164.42,20,22.5,delivered
ORD0110186,2025-10-13 17:31:00,DS02,6,135.63,101.01,20,13.4,delivered
ORD0110495,2025-10-16 17:02:00,DS02,2,23.6,16.38,20,22.9,delivered
ORD0110659,2025-10-18 20:03:00,DS02,3,93.61,65.62,20,29.5,delivered
ORD0111393,2025-10-24 13:28:00,DS02,1,72.8,56.35,20,11.9,delivered
ORD0112118,2025-10-30 11:20:00,DS02,1,17.61,11.53,20,12.0,delivered
ORD0112272,2025-11-01 21:35:00,DS02,12,272.52,197.09,20,34.6,delivered
ORD0112334,2025-11-01 09:52:00,DS02,1,14.84,10.47,20,27.3,delivered
ORD0112518,2025-11-03 22:02:00,DS02,4,104.64,78.09,20,21.8,delivered
ORD0112534,2025-11-03 20:53:00,DS02,2,76.87,56.51,20,14.1,delivered
ORD0112561,2025-11-03 20:19:00,DS02,2,44.16,33.46,20,12.9,delivered
ORD0112628,2025-11-04 22:48:00,DS02,7,114.88,85.74,20,14.7,delivered
ORD0112800,2025-11-06 06:04:00,DS02,1,10.8,6.97,20,23.0,delivered
ORD0112865,2025-11-06 18:34:00,DS02,6,137.95,101.33,20,26.9,delivered
ORD0112964,2025-11-07 18:16:00,DS02,2,40.85,30.69,20,19.0,delivered
ORD0112974,2025-11-07 17:42:00,DS02,1,26.06,20.63,20,32.1,delivered
ORD0113071,2025-11-08 17:39:00,DS02,6,163.38,122.36,20,12.0,delivered
ORD0113285,2025-11-09 15:49:00,DS02,4,100.09,72.45,20,10.3,delivered
ORD0114051,2025-11-16 14:53:00,DS02,3,27.3,19.17,20,32.4,delivered
ORD0114483,2025-11-21 10:25:00,DS02,9,173.66,124.94,20,16.9,delivered
ORD0115134,2025-11-27 18:56:00,DS02,2,45.05,32.4,20,11.2,delivered
ORD0115678,2025-12-02 12:32:00,DS02,2,38.49,29.21,20,14.1,delivered
ORD0115990,2025-12-05 21:03:00,DS02,1,7.24,5.7,20,32.3,delivered
ORD0116295,2025-12-07 16:15:00,DS02,3,78.12,58.95,20,25.9,delivered
ORD0116351,2025-12-07 11:37:00,DS02,2,51.68,39.05,20,22.2,delivered
ORD0116589,2025-12-10 20:47:00,DS02,2,28.77,18.96,20,16.3,delivered
ORD0116870,2025-12-12 11:01:00,DS02,7,205.25,148.66,20,16.7,delivered
ORD0116883,2025-12-12 15:45:00,DS02,3,46.22,29.87,20,18.3,cancelled_customer
ORD0116917,2025-12-13 12:08:00,DS02,7,164.9,117.54,20,14.3,delivered
ORD0117085,2025-12-14 15:14:00,DS02,1,25.15,20.09,20,8.6,delivered
ORD0117550,2025-12-19 15:29:00,DS02,1,3.05,2.42,20,20.7,delivered
ORD0117579,2025-12-19 21:25:00,DS02,1,35.96,25.73,20,27.1,delivered
ORD0118527,2025-12-27 15:08:00,DS02,4,97.37,71.37,20,19.5,delivered
ORD0118731,2025-12-30 11:21:00,DS02,2,36.8,23.83,20,15.6,delivered
ORD0118806,2025-12-31 09:51:00,DS02,2,34.96,26.22,20,19.0,delivered
ORD0118889,2025-12-31 13:01:00,DS02,2,37.25,25.68,20,24.9,delivered
ORD0119336,2026-01-04 19:48:00,DS02,4,176.27,133.65,20,20.7,delivered
ORD0119733,2026-01-08 09:04:00,DS02,7,257.97,190.74,20,22.1,delivered
ORD0120393,2026-01-14 18:36:00,DS02,1,25.64,18.93,20,17.4,delivered
ORD0120869,2026-01-18 17:42:00,DS02,1,13.82,9.21,20,24.6,delivered
ORD0120910,2026-01-18 21:12:00,DS02,5,199.16,148.64,20,28.8,delivered
ORD0121163,2026-01-21 10:37:00,DS02,4,109.66,83.43,20,26.8,delivered
ORD0121205,2026-01-22 12:28:00,DS02,3,59.3,43.77,20,8.4,delivered
ORD0121281,2026-01-22 14:14:00,DS02,6,197.21,142.82,20,15.1,delivered
ORD0121507,2026-01-24 19:38:00,DS02,2,50.79,37.75,20,26.3,delivered
ORD0121827,2026-01-27 20:26:00,DS02,1,48.89,33.9,20,14.1,delivered
ORD0121860,2026-01-28 18:49:00,DS02,2,78.41,57.0,20,21.3,delivered
ORD0122074,2026-01-30 11:37:00,DS02,1,27.56,19.75,20,11.3,delivered
ORD0122524,2026-02-03 16:22:00,DS02,2,24.22,15.59,20,25.5,delivered
ORD0122663,2026-02-04 23:45:00,DS02,2,60.79,42.13,20,17.8,delivered
ORD0122711,2026-02-05 12:35:00,DS02,3,85.65,59.28,20,23.9,delivered
ORD0123102,2026-02-08 15:02:00,DS02,2,30.52,22.79,20,11.1,delivered
ORD0123257,2026-02-09 11:33:00,DS02,1,36.57,25.78,20,26.1,delivered
ORD0123657,2026-02-13 18:42:00,DS02,7,137.58,97.19,20,16.4,delivered
ORD0123679,2026-02-13 09:16:00,DS02,1,19.26,12.37,20,17.1,cancelled_customer
ORD0123902,2026-02-15 12:45:00,DS02,5,143.09,108.96,20,25.3,delivered
ORD0124360,2026-02-19 10:21:00,DS02,4,45.61,32.5,20,28.2,delivered
ORD0124384,2026-02-19 20:43:00,DS02,8,166.64,114.0,20,17.8,delivered
ORD0124428,2026-02-19 19:09:00,DS02,2,37.46,27.79,20,,delivered
ORD0124738,2026-02-21 19:17:00,DS02,7,121.37,83.09,20,26.7,delivered
ORD0125315,2026-02-25 17:46:00,DS02,1,9.17,7.18,20,24.9,delivered
ORD0125539,2026-02-27 23:21:00,DS02,7,84.89,64.05,20,13.7,delivered
ORD0125540,2026-02-27 16:14:00,DS02,2,37.27,27.94,20,15.0,delivered
ORD0125576,2026-02-27 08:23:00,DS02,2,37.92,27.02,20,27.9,cancelled_customer
ORD0125802,2026-02-28 16:02:00,DS02,2,27.38,19.07,20,16.0,delivered
ORD0125984,2026-03-01 00:50:00,DS02,3,50.24,35.8,20,20.6,delivered
ORD0126271,2026-03-04 21:42:00,DS02,8,225.72,163.05,20,31.1,delivered
ORD0126352,2026-03-04 19:08:00,DS02,2,41.76,29.13,20,50.1,delivered
ORD0126430,2026-03-05 20:32:00,DS02,1,71.05,55.53,20,13.0,delivered
ORD0126480,2026-03-05 12:17:00,DS02,1,34.4,25.34,20,23.2,delivered
ORD0126739,2026-03-06 15:21:00,DS02,1,19.26,11.99,20,23.8,delivered
ORD0127586,2026-03-12 18:18:00,DS02,4,105.23,77.17,20,24.7,delivered
ORD0127665,2026-03-13 11:44:00,DS02,1,32.55,24.41,20,12.1,delivered
ORD0128070,2026-03-15 20:11:00,DS02,5,84.29,62.51,20,17.4,delivered
ORD0129143,2026-03-22 12:33:00,DS02,4,84.16,63.65,20,36.4,delivered
ORD0129204,2026-03-22 23:21:00,DS02,2,51.68,39.05,20,15.7,delivered
ORD0129379,2026-03-24 21:11:00,DS02,5,105.57,74.65,20,11.6,delivered
ORD0129574,2026-03-25 16:57:00,DS02,15,252.35,182.69,20,15.7,cancelled_customer
ORD0129738,2026-03-27 17:22:00,DS02,1,25.01,14.97,20,24.9,delivered
ORD0129763,2026-03-27 17:42:00,DS02,2,42.32,30.43,20,15.0,delivered
ORD0130205,2026-03-30 19:47:00,DS02,6,201.15,150.15,20,17.4,delivered
ORD0130628,2026-04-03 19:34:00,DS02,1,39.71,28.05,20,26.0,delivered
ORD0130683,2026-04-03 13:03:00,DS02,3,67.19,49.34,20,21.7,delivered
ORD0130833,2026-04-04 17:10:00,DS02,4,94.8,69.44,20,13.0,delivered
ORD0131023,2026-04-06 20:04:00,DS02,5,114.22,84.3,20,25.3,delivered
ORD0131068,2026-04-07 18:14:00,DS02,2,26.78,20.42,20,19.9,delivered
ORD0131201,2026-04-08 18:18:00,DS02,3,63.42,45.28,20,20.7,delivered
ORD0131216,2026-04-08 15:40:00,DS02,3,70.65,45.53,20,21.7,delivered
ORD0131722,2026-04-12 13:17:00,DS02,6,104.35,76.53,20,9.9,delivered
ORD0131723,2026-04-12 12:09:00,DS02,1,9.34,6.97,20,28.1,delivered
ORD0132468,2026-04-18 14:39:00,DS02,1,12.52,9.93,20,16.2,delivered
ORD0132743,2026-04-20 20:10:00,DS02,2,23.26,15.51,20,26.3,delivered
ORD0132870,2026-04-21 16:09:00,DS02,1,22.78,14.16,20,21.6,delivered
ORD0134257,2026-05-02 23:16:00,DS02,1,71.05,55.53,20,8.7,delivered
ORD0134417,2026-05-03 06:05:00,DS02,2,28.93,21.32,20,20.7,delivered
ORD0135242,2026-05-10 18:18:00,DS02,4,53.31,37.77,20,25.6,delivered
ORD0135264,2026-05-10 20:32:00,DS02,4,91.88,61.18,20,16.6,delivered
ORD0135316,2026-05-10 13:21:00,DS02,1,24.74,18.35,20,15.1,delivered
ORD0135622,2026-05-13 19:28:00,DS02,3,42.9,29.31,20,16.5,delivered
ORD0135627,2026-05-13 20:02:00,DS02,1,18.24,13.34,20,11.0,delivered
ORD0136156,2026-05-17 18:37:00,DS02,2,38.11,26.85,20,18.7,delivered
ORD0136250,2026-05-17 17:30:00,DS02,3,89.58,61.27,20,23.0,delivered
ORD0136344,2026-05-18 13:21:00,DS02,1,40.37,27.82,20,24.6,delivered
ORD0136393,2026-05-19 22:58:00,DS02,6,57.67,41.14,20,17.4,delivered
ORD0136513,2026-05-20 16:05:00,DS02,3,68.08,46.86,20,15.7,delivered
ORD0136533,2026-05-20 16:24:00,DS02,4,84.56,56.85,20,18.1,delivered
ORD0136534,2026-05-20 10:34:00,DS02,2,41.98,27.86,20,21.0,delivered
ORD0136687,2026-05-21 07:35:00,DS02,4,124.25,93.15,20,38.1,delivered
ORD0136708,2026-05-21 21:39:00,DS02,6,226.7,162.53,20,22.8,delivered
ORD0137611,2026-05-28 08:14:00,DS02,1,71.05,55.53,20,20.9,delivered
ORD0138052,2026-05-31 17:56:00,DS02,1,19.13,14.64,20,18.2,delivered
ORD0138563,2026-06-04 06:24:00,DS02,2,77.8,61.02,20,13.3,delivered
ORD0138803,2026-06-06 13:50:00,DS02,4,100.44,73.21,20,11.7,delivered
ORD0138980,2026-06-07 11:55:00,DS02,1,19.13,14.64,20,17.2,delivered
ORD0140189,2026-06-16 22:56:00,DS02,1,9.34,6.97,20,22.9,delivered
ORD0140516,2026-06-19 18:27:00,DS02,2,35.89,24.85,20,28.1,delivered
ORD0140518,2026-06-19 11:06:00,DS02,1,56.41,42.5,20,7.7,delivered
ORD0140907,2026-06-21 21:17:00,DS02,2,94.48,67.42,20,17.7,delivered
ORD0140917,2026-06-21 10:13:00,DS02,1,3.05,2.42,20,13.9,delivered
ORD0142706,2025-01-09 18:50:00,DS03,12,217.23,155.68,20,21.7,delivered
ORD0142798,2025-01-10 13:11:00,DS03,6,95.18,69.93,20,11.9,delivered
ORD0142827,2025-01-10 13:12:00,DS03,4,86.17,60.6,20,22.1,delivered
ORD0142978,2025-01-11 22:46:00,DS03,1,8.3,6.28,20,18.8,delivered
ORD0143349,2025-01-13 23:11:00,DS03,1,35.62,20.72,20,23.9,delivered
ORD0143458,2025-01-14 18:10:00,DS03,2,64.85,48.37,20,15.5,delivered
ORD0143469,2025-01-14 16:50:00,DS03,4,48.32,32.38,20,17.1,delivered
ORD0143622,2025-01-16 15:05:00,DS03,3,56.79,41.6,20,,delivered
ORD0143658,2025-01-16 21:13:00,DS03,1,26.26,19.26,20,16.1,delivered
ORD0144101,2025-01-19 11:47:00,DS03,3,123.96,91.98,20,25.8,delivered
ORD0144386,2025-01-21 19:20:00,DS03,6,147.76,105.76,20,48.6,delivered
ORD0145508,2025-01-29 13:05:00,DS03,2,10.43,7.06,20,20.2,delivered
ORD0145609,2025-01-30 11:23:00,DS03,1,14.84,10.47,20,18.7,delivered
ORD0145980,2025-02-01 11:07:00,DS03,2,58.23,40.87,20,24.3,delivered
ORD0146089,2025-02-02 08:44:00,DS03,3,94.45,61.09,20,17.3,delivered
ORD0146219,2025-02-03 06:47:00,DS03,2,57.5,38.96,20,14.4,delivered
ORD0146580,2025-02-06 19:20:00,DS03,3,70.92,50.66,20,25.1,delivered
ORD0146643,2025-02-06 09:18:00,DS03,3,54.91,40.38,20,17.3,delivered
ORD0146821,2025-02-07 01:55:00,DS03,3,61.52,41.54,20,8.7,delivered
ORD0147588,2025-02-13 19:05:00,DS03,1,8.3,6.28,20,14.3,delivered
ORD0147773,2025-02-14 21:32:00,DS03,2,48.43,36.9,20,23.0,delivered
ORD0147868,2025-02-15 20:35:00,DS03,2,58.25,41.24,20,11.7,delivered
ORD0147978,2025-02-16 08:06:00,DS03,3,49.24,34.16,20,10.1,delivered
ORD0148068,2025-02-16 14:04:00,DS03,3,35.71,24.83,20,17.2,delivered
ORD0148314,2025-02-18 17:23:00,DS03,12,210.74,150.69,20,18.1,delivered
ORD0148671,2025-02-21 17:25:00,DS03,3,66.26,48.47,20,18.3,delivered
ORD0148846,2025-02-22 23:43:00,DS03,5,134.34,96.41,20,14.5,delivered
ORD0148899,2025-02-22 20:43:00,DS03,5,138.81,102.63,20,34.9,delivered
ORD0148927,2025-02-22 13:51:00,DS03,7,159.79,111.98,20,13.5,delivered
ORD0149017,2025-02-23 11:04:00,DS03,1,19.13,14.64,20,27.5,delivered
ORD0149170,2025-02-24 22:00:00,DS03,3,44.19,33.55,20,11.5,delivered
ORD0150107,2025-03-02 22:09:00,DS03,6,173.23,124.11,20,10.5,delivered
ORD0150340,2025-03-03 08:28:00,DS03,1,70.52,48.29,20,14.3,delivered
ORD0150661,2025-03-05 22:35:00,DS03,7,89.82,65.13,20,17.9,delivered
ORD0150969,2025-03-07 23:03:00,DS03,2,74.29,57.72,20,12.4,delivered
ORD0151091,2025-03-07 18:15:00,DS03,1,27.56,19.75,20,16.5,delivered
ORD0151331,2025-03-08 20:35:00,DS03,1,18.24,13.34,20,27.7,delivered
ORD0151354,2025-03-08 21:03:00,DS03,2,76.96,56.77,20,16.0,delivered
ORD0151598,2025-03-10 12:14:00,DS03,1,18.54,13.19,20,7.8,delivered
ORD0151674,2025-03-10 14:20:00,DS03,6,106.78,78.3,20,18.9,delivered
ORD0151692,2025-03-10 14:34:00,DS03,9,281.5,211.08,20,16.1,cancelled_customer
ORD0152004,2025-03-12 21:15:00,DS03,2,35.54,26.64,20,8.0,delivered
ORD0152314,2025-03-14 17:34:00,DS03,2,87.38,60.29,20,13.4,delivered
ORD0152428,2025-03-14 17:45:00,DS03,5,89.99,63.85,20,22.7,delivered
ORD0152634,2025-03-15 10:31:00,DS03,2,75.79,56.33,20,29.5,delivered
ORD0152978,2025-03-17 22:40:00,DS03,5,92.54,65.89,20,18.9,delivered
ORD0153265,2025-03-18 13:16:00,DS03,2,33.68,21.31,20,20.0,cancelled_customer
ORD0153362,2025-03-19 19:14:00,DS03,1,11.33,8.6,20,29.1,delivered
ORD0153759,2025-03-21 16:29:00,DS03,1,12.53,9.59,20,30.9,delivered
ORD0153880,2025-03-21 17:45:00,DS03,2,26.17,19.07,20,15.2,delivered
ORD0153936,2025-03-21 23:19:00,DS03,3,70.28,51.36,20,19.1,delivered
ORD0154008,2025-03-22 19:09:00,DS03,1,18.79,14.51,20,20.8,delivered
ORD0154918,2025-03-26 02:04:00,DS03,4,76.53,56.56,20,26.4,delivered
ORD0155066,2025-03-27 16:50:00,DS03,1,44.72,31.28,20,30.2,delivered
ORD0155076,2025-03-27 11:05:00,DS03,11,247.16,184.82,20,15.0,delivered
ORD0155091,2025-03-27 17:53:00,DS03,7,171.65,127.31,20,33.7,delivered
ORD0155239,2025-03-28 20:47:00,DS03,2,100.96,71.2,20,26.9,delivered
ORD0155295,2025-03-28 21:39:00,DS03,3,102.97,73.66,20,10.6,delivered
ORD0155442,2025-03-29 02:50:00,DS03,2,21.87,16.07,20,16.0,delivered
ORD0155711,2025-03-30 12:12:00,DS03,1,56.41,42.5,20,22.9,delivered
ORD0155785,2025-03-30 15:52:00,DS03,5,155.54,117.09,20,15.3,delivered
ORD0156245,2025-04-02 11:29:00,DS03,2,29.69,20.01,20,4.9,delivered
ORD0156411,2025-04-03 19:52:00,DS03,3,70.93,50.85,20,17.7,delivered
ORD0156481,2025-04-03 19:01:00,DS03,2,56.02,39.33,20,17.7,delivered
ORD0156691,2025-04-05 22:09:00,DS03,12,304.47,222.26,20,36.3,delivered
ORD0156706,2025-04-05 20:26:00,DS03,4,77.67,51.24,20,17.2,delivered
ORD0156799,2025-04-05 21:01:00,DS03,3,129.77,97.43,20,13.6,delivered
ORD0157277,2025-04-09 20:56:00,DS03,6,228.0,162.81,20,17.9,delivered
ORD0157566,2025-04-10 18:15:00,DS03,1,19.13,14.64,20,24.3,delivered
ORD0158100,2025-04-13 11:36:00,DS03,3,91.21,71.28,20,13.2,delivered
ORD0158157,2025-04-14 23:42:00,DS03,4,204.88,155.16,20,21.7,delivered
ORD0158301,2025-04-15 19:48:00,DS03,7,225.62,151.37,20,22.8,delivered
ORD0158852,2025-04-18 19:40:00,DS03,2,42.85,31.6,20,15.6,delivered
ORD0159232,2025-04-20 20:09:00,DS03,1,56.41,42.5,20,26.6,delivered
ORD0159395,2025-04-22 17:15:00,DS03,1,18.54,13.19,20,15.0,delivered
ORD0159476,2025-04-22 18:24:00,DS03,3,85.79,57.29,20,23.0,delivered
ORD0159877,2025-04-25 09:55:00,DS03,2,37.22,25.5,20,17.1,delivered
ORD0160130,2025-04-26 20:24:00,DS03,1,9.15,6.63,20,26.8,delivered
ORD0160145,2025-04-26 14:37:00,DS03,2,26.56,18.2,20,37.6,delivered
ORD0160238,2025-04-27 19:01:00,DS03,8,204.14,138.7,20,26.1,delivered
ORD0160357,2025-04-27 13:56:00,DS03,2,65.0,47.82,20,13.9,delivered
ORD0160396,2025-04-28 21:11:00,DS03,1,71.22,52.13,20,22.9,delivered
ORD0160697,2025-04-30 21:04:00,DS03,8,190.47,140.72,20,15.3,delivered
ORD0161583,2025-05-05 16:44:00,DS03,3,113.3,81.22,20,18.7,delivered
ORD0161761,2025-05-07 13:12:00,DS03,3,110.04,80.87,20,18.7,delivered
ORD0161827,2025-05-07 11:41:00,DS03,1,46.0,29.64,20,14.6,delivered
ORD0162265,2025-05-10 13:06:00,DS03,4,101.11,75.41,20,13.2,delivered
ORD0162372,2025-05-10 19:34:00,DS03,2,31.62,23.43,20,22.5,delivered
ORD0162585,2025-05-11 18:49:00,DS03,2,40.61,29.88,20,9.4,delivered
ORD0162949,2025-05-14 08:49:00,DS03,2,50.81,32.34,20,17.4,delivered
ORD0163043,2025-05-14 10:03:00,DS03,3,40.67,31.52,20,14.3,delivered
ORD0163050,2025-05-15 14:14:00,DS03,5,152.58,111.8,20,22.0,delivered
ORD0163133,2025-05-15 19:35:00,DS03,5,96.71,72.18,20,23.7,delivered
ORD0163758,2025-05-18 06:54:00,DS03,1,9.34,6.97,20,10.9,delivered
ORD0164165,2025-05-21 21:37:00,DS03,4,117.87,85.55,20,20.0,delivered
ORD0164494,2025-05-23 10:31:00,DS03,4,107.68,73.71,20,17.2,delivered
ORD0165043,2025-05-26 07:32:00,DS03,4,182.06,136.59,20,22.2,delivered
ORD0165259,2025-05-28 20:28:00,DS03,7,124.33,77.44,20,16.7,delivered
ORD0165292,2025-05-28 17:10:00,DS03,4,111.52,86.26,20,12.2,delivered
ORD0165504,2025-05-29 11:50:00,DS03,1,8.3,6.28,20,23.5,delivered
ORD0165522,2025-05-29 17:05:00,DS03,12,228.47,167.76,20,16.9,delivered
ORD0165651,2025-05-30 15:46:00,DS03,2,91.91,72.28,20,9.6,delivered
ORD0165718,2025-05-30 22:42:00,DS03,4,109.62,78.94,20,16.0,delivered
ORD0165720,2025-05-30 16:39:00,DS03,3,70.21,45.33,20,12.3,cancelled_customer
ORD0165930,2025-05-31 12:15:00,DS03,3,135.6,101.66,20,17.0,delivered
ORD0166333,2025-06-03 17:30:00,DS03,4,86.47,62.23,20,17.6,delivered
ORD0166529,2025-06-04 16:31:00,DS03,3,74.44,58.94,20,14.5,delivered
ORD0166545,2025-06-04 12:07:00,DS03,2,37.15,27.55,20,12.4,delivered
ORD0166648,2025-06-05 09:47:00,DS03,5,113.13,81.39,20,22.9,delivered
ORD0166701,2025-06-05 20:11:00,DS03,1,51.91,38.13,20,21.1,delivered
ORD0167073,2025-06-07 16:43:00,DS03,6,140.21,108.53,20,26.8,delivered
ORD0167100,2025-06-07 13:04:00,DS03,1,8.3,6.28,20,19.0,delivered
ORD0167264,2025-06-08 13:32:00,DS03,2,59.64,43.74,20,15.6,delivered
ORD0167268,2025-06-08 15:00:00,DS03,6,107.67,79.65,20,19.2,delivered
ORD0167429,2025-06-09 18:48:00,DS03,1,22.29,15.51,20,18.8,delivered
ORD0167456,2025-06-09 17:05:00,DS03,1,6.02,4.82,20,17.0,delivered
ORD0167660,2025-06-11 14:29:00,DS03,3,46.1,31.46,20,9.2,delivered
ORD0167818,2025-06-12 15:50:00,DS03,2,77.51,55.29,20,21.2,delivered
ORD0168380,2025-06-14 21:05:00,DS03,2,80.19,60.47,20,13.9,delivered
ORD0168433,2025-06-14 21:24:00,DS03,6,123.22,85.84,20,10.6,delivered
ORD0168689,2025-06-16 19:45:00,DS03,9,269.01,190.62,20,16.2,delivered
ORD0169082,2025-06-19 17:50:00,DS03,3,67.7,51.48,20,15.8,delivered
ORD0169358,2025-06-20 17:03:00,DS03,1,9.34,6.97,20,14.5,delivered
ORD0169453,2025-06-21 18:22:00,DS03,2,57.49,42.98,20,16.6,delivered
ORD0170182,2025-06-25 11:21:00,DS03,2,45.73,32.87,20,9.9,delivered
ORD0170199,2025-06-25 19:41:00,DS03,1,25.5,20.07,20,19.0,delivered
ORD0170274,2025-06-26 22:51:00,DS03,4,36.82,27.69,20,13.0,delivered
ORD0170467,2025-06-27 22:13:00,DS03,6,105.94,73.55,20,12.9,delivered
ORD0171387,2025-07-02 12:32:00,DS03,1,50.74,37.49,20,24.1,delivered
ORD0171846,2025-07-04 22:38:00,DS03,1,19.26,12.37,20,18.1,delivered
ORD0171870,2025-07-04 19:18:00,DS03,3,49.33,38.36,20,33.7,delivered
ORD0171984,2025-07-05 22:52:00,DS03,6,85.67,64.64,20,25.6,delivered
ORD0172032,2025-07-05 00:32:00,DS03,4,61.46,43.01,20,12.7,delivered
ORD0172245,2025-07-06 13:23:00,DS03,2,40.72,31.34,20,18.0,delivered
ORD0172907,2025-07-10 00:36:00,DS03,6,157.22,111.5,20,19.1,delivered
ORD0173322,2025-07-12 21:08:00,DS03,4,74.83,55.73,20,22.3,delivered
ORD0173324,2025-07-12 19:57:00,DS03,4,90.09,66.92,20,19.2,delivered
ORD0173378,2025-07-12 10:43:00,DS03,4,60.11,42.34,20,19.6,delivered
ORD0173415,2025-07-12 17:38:00,DS03,9,223.18,155.98,20,16.2,delivered
ORD0173710,2025-07-14 14:49:00,DS03,1,15.74,11.62,20,20.3,delivered
ORD0174237,2025-07-17 13:37:00,DS03,9,130.84,90.79,20,13.1,delivered
ORD0174281,2025-07-18 21:05:00,DS03,2,33.45,26.37,20,21.9,delivered
ORD0174572,2025-07-19 11:03:00,DS03,1,71.05,55.53,20,21.2,delivered
ORD0174586,2025-07-19 18:07:00,DS03,4,187.35,145.01,20,16.5,delivered
ORD0175468,2025-07-24 17:50:00,DS03,3,45.97,30.76,20,4.7,delivered
ORD0175594,2025-07-25 09:57:00,DS03,3,55.5,40.47,20,14.6,delivered
ORD0175985,2025-07-27 13:28:00,DS03,1,6.75,5.49,20,23.6,delivered
ORD0176255,2025-07-29 09:01:00,DS03,4,99.08,70.62,20,34.8,delivered
ORD0176468,2025-07-30 18:17:00,DS03,12,259.8,186.36,20,32.5,delivered
ORD0176722,2025-07-31 18:06:00,DS03,2,30.02,19.86,20,33.1,delivered
ORD0176831,2025-08-01 15:34:00,DS03,1,3.24,2.19,20,13.6,delivered
ORD0177292,2025-08-03 10:10:00,DS03,3,63.82,46.87,20,11.4,delivered
ORD0177764,2025-08-06 13:12:00,DS03,6,135.19,99.9,20,14.7,delivered
ORD0177940,2025-08-07 22:59:00,DS03,2,49.62,36.33,20,13.0,delivered
ORD0177988,2025-08-08 08:55:00,DS03,4,116.11,87.17,20,18.4,delivered
ORD0178622,2025-08-11 23:40:00,DS03,1,35.96,25.73,20,33.8,delivered
ORD0178799,2025-08-12 19:26:00,DS03,2,50.15,33.12,20,14.9,delivered
ORD0178911,2025-08-12 10:55:00,DS03,2,69.46,50.18,20,8.8,delivered
ORD0178941,2025-08-13 18:55:00,DS03,3,42.82,30.01,20,16.5,delivered
ORD0179362,2025-08-15 14:08:00,DS03,2,65.73,49.79,20,11.4,delivered
ORD0179390,2025-08-15 12:37:00,DS03,7,265.13,193.52,20,20.0,delivered
ORD0179701,2025-08-16 08:37:00,DS03,5,94.05,69.55,20,10.4,delivered
ORD0179732,2025-08-17 17:56:00,DS03,12,272.43,202.8,20,16.9,delivered
ORD0179857,2025-08-17 17:40:00,DS03,1,13.82,9.21,20,19.7,delivered
ORD0179942,2025-08-18 13:58:00,DS03,6,143.27,104.56,20,11.3,delivered
ORD0180057,2025-08-19 19:10:00,DS03,5,119.89,86.53,20,19.9,delivered
ORD0180436,2025-08-21 11:00:00,DS03,2,44.34,33.08,20,20.2,delivered
ORD0180962,2025-08-24 15:41:00,DS03,4,120.0,86.63,20,22.8,delivered
ORD0181288,2025-08-26 23:36:00,DS03,12,245.03,169.0,20,9.0,delivered
ORD0181685,2025-08-28 19:18:00,DS03,1,39.71,28.05,20,15.6,delivered
ORD0181708,2025-08-28 18:52:00,DS03,4,66.29,45.99,20,21.4,delivered
ORD0181820,2025-08-29 23:46:00,DS03,1,23.08,15.1,20,11.6,delivered
ORD0182194,2025-08-30 06:16:00,DS03,8,172.08,128.29,20,27.3,delivered
ORD0182244,2025-08-31 11:03:00,DS03,2,37.17,28.99,20,18.4,delivered
ORD0182505,2025-09-01 18:01:00,DS03,4,78.73,57.74,20,18.2,delivered
ORD0182919,2025-09-04 20:29:00,DS03,4,129.59,93.64,20,32.2,delivered
ORD0183085,2025-09-05 20:26:00,DS03,1,19.97,14.33,20,31.9,delivered
ORD0183250,2025-09-06 12:20:00,DS03,1,17.99,13.69,20,6.5,delivered
ORD0183280,2025-09-06 19:46:00,DS03,2,75.24,52.71,20,25.8,delivered
ORD0183566,2025-09-07 12:54:00,DS03,3,80.57,59.15,20,24.8,delivered
ORD0184011,2025-09-10 12:15:00,DS03,1,39.71,28.05,20,21.6,delivered
ORD0184104,2025-09-11 18:10:00,DS03,5,154.86,111.41,20,12.7,delivered
ORD0184218,2025-09-11 13:44:00,DS03,6,92.27,64.63,20,18.6,delivered
ORD0184222,2025-09-11 09:29:00,DS03,2,43.06,32.15,20,20.2,delivered
ORD0184369,2025-09-12 10:29:00,DS03,1,19.97,14.33,20,8.5,delivered
ORD0184382,2025-09-12 14:14:00,DS03,5,102.59,73.21,20,22.3,delivered
ORD0184445,2025-09-12 13:21:00,DS03,5,93.6,59.6,20,28.2,delivered
ORD0184748,2025-09-14 09:54:00,DS03,7,235.21,167.11,20,10.7,delivered
ORD0185127,2025-09-16 20:58:00,DS03,6,224.05,166.92,20,27.2,delivered
ORD0185280,2025-09-17 12:59:00,DS03,5,70.73,53.04,20,16.2,delivered
ORD0185408,2025-09-18 14:35:00,DS03,4,75.99,53.73,20,14.5,delivered
ORD0185781,2025-09-20 15:40:00,DS03,2,34.54,23.62,20,11.6,cancelled_customer
ORD0185937,2025-09-21 14:59:00,DS03,3,145.47,108.61,20,19.9,delivered
ORD0185972,2025-09-21 23:21:00,DS03,2,50.31,36.46,20,22.4,delivered
ORD0186428,2025-09-24 17:13:00,DS03,2,63.32,45.04,20,24.8,delivered
ORD0186438,2025-09-24 05:10:00,DS03,5,60.6,43.47,20,18.8,delivered
ORD0186470,2025-09-24 17:03:00,DS03,11,287.73,211.44,20,33.7,delivered
ORD0186523,2025-09-24 13:04:00,DS03,3,82.75,58.09,20,26.4,delivered
ORD0186828,2025-09-26 23:46:00,DS03,1,14.17,10.67,20,8.6,delivered
ORD0186840,2025-09-26 21:13:00,DS03,5,93.72,67.47,20,14.6,delivered
ORD0187025,2025-09-27 07:34:00,DS03,4,58.02,41.28,20,17.2,delivered
ORD0187118,2025-09-27 12:58:00,DS03,11,320.25,225.19,20,23.3,delivered
ORD0187212,2025-09-28 20:58:00,DS03,4,94.57,69.82,20,26.0,delivered
ORD0187459,2025-09-29 22:17:00,DS03,2,46.4,33.9,20,22.3,delivered
ORD0187477,2025-09-29 11:39:00,DS03,7,102.11,73.55,20,14.8,delivered
ORD0187871,2025-10-02 18:02:00,DS03,3,46.78,33.85,20,15.3,delivered
ORD0187977,2025-10-03 19:57:00,DS03,8,191.37,142.05,20,12.1,delivered
ORD0188008,2025-10-03 21:56:00,DS03,5,95.18,68.31,20,19.3,delivered
ORD0188010,2025-10-03 19:47:00,DS03,2,44.9,31.3,20,38.4,delivered
ORD0188648,2025-10-06 15:20:00,DS03,2,89.69,65.39,20,8.0,delivered
ORD0188700,2025-10-07 17:05:00,DS03,1,55.01,37.74,20,22.8,delivered
ORD0188746,2025-10-07 11:09:00,DS03,4,196.94,139.62,20,15.1,delivered
ORD0189102,2025-10-09 12:14:00,DS03,5,180.68,134.97,20,8.4,delivered
ORD0189108,2025-10-09 08:46:00,DS03,5,144.71,99.0,20,16.4,delivered
ORD0190468,2025-10-17 19:05:00,DS03,2,43.62,30.82,20,18.7,delivered
ORD0190481,2025-10-17 20:49:00,DS03,1,10.44,8.17,20,8.9,delivered
ORD0190716,2025-10-18 21:08:00,DS03,1,23.68,18.01,20,19.9,delivered
ORD0190769,2025-10-18 12:22:00,DS03,6,144.21,106.94,20,11.5,delivered
ORD0191273,2025-10-22 16:04:00,DS03,2,43.74,32.31,20,15.0,delivered
ORD0191444,2025-10-23 17:34:00,DS03,1,56.41,42.5,20,10.6,delivered
ORD0191506,2025-10-23 09:15:00,DS03,2,13.61,10.23,20,20.0,delivered
ORD0193644,2025-11-05 21:29:00,DS03,7,148.55,107.87,20,35.2,delivered
ORD0193697,2025-11-06 16:36:00,DS03,4,133.57,103.6,20,25.1,delivered
ORD0194225,2025-11-08 15:33:00,DS03,5,147.9,110.97,20,24.4,delivered
ORD0194759,2025-11-12 12:12:00,DS03,5,95.06,70.48,20,18.8,delivered
ORD0194972,2025-11-13 10:25:00,DS03,12,322.07,231.55,20,18.9,delivered
ORD0195276,2025-11-15 21:44:00,DS03,4,69.61,50.76,20,23.2,delivered
ORD0195501,2025-11-16 13:31:00,DS03,1,27.93,19.38,20,15.2,delivered
ORD0195910,2025-11-19 18:24:00,DS03,5,126.83,87.23,20,28.2,delivered
ORD0195922,2025-11-19 09:09:00,DS03,6,126.5,85.65,20,19.6,delivered
ORD0196109,2025-11-20 16:24:00,DS03,1,39.71,28.05,20,16.7,delivered
ORD0196462,2025-11-22 17:51:00,DS03,2,97.11,76.16,20,15.3,delivered
ORD0196627,2025-11-23 14:52:00,DS03,3,51.89,38.83,20,19.0,delivered
ORD0197166,2025-11-27 19:18:00,DS03,3,51.73,37.88,20,23.6,delivered
ORD0197577,2025-11-29 11:53:00,DS03,1,35.96,25.73,20,25.0,delivered
ORD0197831,2025-11-30 08:12:00,DS03,4,94.4,68.97,20,24.7,delivered
ORD0197848,2025-11-30 12:34:00,DS03,15,477.64,354.6,20,8.1,delivered
ORD0197901,2025-12-01 15:08:00,DS03,9,186.52,132.69,20,18.9,delivered
ORD0197986,2025-12-02 14:18:00,DS03,1,6.02,4.82,20,20.2,delivered
ORD0198326,2025-12-04 08:14:00,DS03,7,141.32,101.76,20,11.4,delivered
ORD0198430,2025-12-05 17:23:00,DS03,8,317.2,233.53,20,26.5,delivered
ORD0198715,2025-12-06 19:47:00,DS03,3,70.72,48.83,20,16.2,delivered
ORD0198735,2025-12-06 10:11:00,DS03,1,56.41,42.5,20,19.2,delivered
ORD0198768,2025-12-06 13:41:00,DS03,4,81.02,62.32,20,,delivered
ORD0199341,2025-12-10 07:08:00,DS03,2,45.61,33.26,20,17.0,delivered
ORD0199959,2025-12-13 11:00:00,DS03,2,65.64,46.52,20,22.5,delivered
ORD0200081,2025-12-14 07:52:00,DS03,2,28.61,18.34,20,13.0,delivered
ORD0200114,2025-12-14 11:48:00,DS03,4,81.28,59.59,20,8.6,delivered
ORD0200439,2025-12-17 08:56:00,DS03,7,168.11,110.32,20,20.2,delivered
ORD0200535,2025-12-18 12:46:00,DS03,1,7.0,4.7,20,16.5,delivered
ORD0200681,2025-12-18 20:17:00,DS03,4,59.8,42.33,20,20.2,delivered
ORD0201333,2025-12-22 17:02:00,DS03,1,27.93,19.38,20,17.1,delivered
ORD0201650,2025-12-24 07:11:00,DS03,1,20.86,16.75,20,15.5,delivered
ORD0201706,2025-12-25 08:35:00,DS03,8,232.7,169.08,20,20.9,delivered
ORD0202984,2026-01-02 21:55:00,DS03,4,76.79,52.17,20,24.6,delivered
ORD0203088,2026-01-02 11:56:00,DS03,10,167.01,118.42,20,23.3,delivered
ORD0203159,2026-01-02 13:46:00,DS03,1,7.65,5.78,20,20.5,delivered
ORD0203293,2026-01-03 04:04:00,DS03,3,59.28,43.68,20,20.2,delivered
ORD0203663,2026-01-06 19:13:00,DS03,7,211.77,155.75,20,29.5,delivered
ORD0203928,2026-01-08 23:26:00,DS03,1,22.29,15.51,20,13.6,delivered
ORD0203937,2026-01-08 12:07:00,DS03,1,19.26,12.37,20,14.2,delivered
ORD0204084,2026-01-08 09:45:00,DS03,2,90.76,65.54,20,15.5,delivered
ORD0204177,2026-01-09 12:15:00,DS03,1,15.63,9.4,20,21.6,delivered
ORD0204332,2026-01-10 23:58:00,DS03,3,67.54,48.1,20,7.4,delivered
ORD0204866,2026-01-13 22:41:00,DS03,3,120.96,87.94,20,30.5,delivered
ORD0204936,2026-01-14 15:45:00,DS03,2,66.15,41.79,20,17.2,delivered
ORD0205083,2026-01-15 13:48:00,DS03,1,13.56,9.2,20,22.6,delivered
ORD0205528,2026-01-17 13:23:00,DS03,1,41.86,25.33,20,13.5,delivered
ORD0205592,2026-01-17 18:52:00,DS03,1,39.71,28.05,20,21.2,delivered
ORD0205608,2026-01-17 00:15:00,DS03,4,89.72,65.37,20,20.7,delivered
ORD0206374,2026-01-23 18:26:00,DS03,2,53.93,40.89,20,28.6,delivered
ORD0206421,2026-01-23 21:42:00,DS03,5,138.07,96.61,20,34.7,delivered
ORD0206439,2026-01-23 13:56:00,DS03,1,25.15,20.09,20,27.9,delivered
ORD0206534,2026-01-23 10:02:00,DS03,1,7.65,5.78,20,11.2,delivered
ORD0206742,2026-01-24 11:14:00,DS03,1,8.3,6.28,20,20.9,delivered
ORD0207243,2026-01-28 20:21:00,DS03,1,35.96,25.73,20,13.2,delivered
ORD0207257,2026-01-28 09:17:00,DS03,5,116.63,84.29,20,11.4,delivered
ORD0207401,2026-01-29 15:29:00,DS03,1,56.07,40.74,20,16.4,delivered
ORD0207567,2026-01-30 19:37:00,DS03,5,140.55,102.73,20,16.8,delivered
ORD0207878,2026-02-01 18:13:00,DS03,1,31.95,24.92,20,24.1,delivered
ORD0208321,2026-02-04 12:15:00,DS03,6,100.33,72.01,20,6.3,delivered
ORD0208994,2026-02-07 13:54:00,DS03,4,81.44,60.4,20,25.8,delivered
ORD0209122,2026-02-08 22:01:00,DS03,1,3.24,2.19,20,24.3,delivered
ORD0209127,2026-02-08 22:34:00,DS03,1,46.3,33.15,20,16.7,delivered
ORD0209184,2026-02-09 14:39:00,DS03,2,24.97,16.37,20,10.6,delivered
ORD0209248,2026-02-09 23:32:00,DS03,2,61.31,44.24,20,11.7,delivered
ORD0209271,2026-02-09 22:35:00,DS03,1,31.63,23.87,20,12.0,delivered
ORD0209310,2026-02-10 16:42:00,DS03,1,9.15,6.63,20,11.3,delivered
ORD0209956,2026-02-14 15:43:00,DS03,7,141.88,98.55,20,26.4,delivered
ORD0209969,2026-02-14 15:39:00,DS03,1,31.63,23.87,20,10.3,delivered
ORD0210012,2026-02-14 11:57:00,DS03,2,50.76,38.51,20,15.7,delivered
ORD0210195,2026-02-15 09:10:00,DS03,2,44.99,34.3,20,10.9,delivered
ORD0210258,2026-02-15 19:38:00,DS03,2,20.82,16.21,20,20.0,delivered
ORD0210395,2026-02-16 20:47:00,DS03,1,18.54,13.19,20,33.6,delivered
ORD0210778,2026-02-18 23:56:00,DS03,3,19.32,14.61,20,9.7,delivered
ORD0211391,2026-02-21 20:50:00,DS03,1,14.84,10.47,20,15.2,delivered
ORD0211606,2026-02-22 13:57:00,DS03,8,242.5,178.69,20,33.1,delivered
ORD0211684,2026-02-22 20:31:00,DS03,2,30.82,20.44,20,21.0,delivered
ORD0212022,2026-02-24 20:51:00,DS03,8,174.93,127.95,20,33.1,delivered
ORD0212406,2026-02-26 21:20:00,DS03,3,49.09,34.39,20,30.6,delivered
ORD0212540,2026-02-26 09:11:00,DS03,1,21.15,11.72,20,16.7,delivered
ORD0212542,2026-02-26 18:44:00,DS03,1,32.55,24.41,20,18.3,delivered
ORD0212571,2026-02-26 20:12:00,DS03,6,97.69,68.95,20,17.2,delivered
ORD0212710,2026-02-27 11:47:00,DS03,1,37.16,23.96,20,11.3,delivered
ORD0212717,2026-02-27 23:05:00,DS03,9,199.06,150.97,20,22.9,delivered
ORD0213057,2026-02-28 10:42:00,DS03,2,114.66,81.68,20,19.1,delivered
ORD0213205,2026-03-01 18:30:00,DS03,1,46.0,29.64,20,,delivered
ORD0213624,2026-03-03 20:15:00,DS03,4,119.06,82.56,20,33.6,delivered
ORD0214104,2026-03-05 17:58:00,DS03,16,418.27,301.16,20,14.0,delivered
ORD0214386,2026-03-06 16:43:00,DS03,3,87.27,65.13,20,10.3,delivered
ORD0214387,2026-03-06 02:37:00,DS03,4,104.59,78.17,20,34.2,delivered
ORD0214532,2026-03-07 17:01:00,DS03,3,68.65,49.09,20,14.6,delivered
ORD0214539,2026-03-07 09:40:00,DS03,12,338.56,251.04,20,7.7,delivered
ORD0214691,2026-03-07 14:42:00,DS03,1,9.34,6.97,20,18.6,delivered
ORD0214806,2026-03-08 20:54:00,DS03,1,48.84,36.68,20,19.9,delivered
ORD0214935,2026-03-08 13:34:00,DS03,2,54.4,40.97,20,,delivered
ORD0215652,2026-03-12 01:49:00,DS03,5,61.94,44.51,20,17.1,delivered
ORD0216125,2026-03-13 12:44:00,DS03,2,87.9,61.45,20,8.0,delivered
ORD0216176,2026-03-14 21:17:00,DS03,2,39.58,30.0,20,32.4,delivered
ORD0216198,2026-03-14 18:12:00,DS03,7,177.78,130.59,20,19.6,delivered
ORD0216477,2026-03-15 20:27:00,DS03,1,11.92,6.75,20,20.7,delivered
ORD0216499,2026-03-15 15:19:00,DS03,3,59.63,44.21,20,27.0,delivered
ORD0217129,2026-03-18 22:15:00,DS03,1,18.54,13.19,20,15.6,delivered
ORD0217591,2026-03-20 11:24:00,DS03,4,71.16,51.23,20,15.2,delivered
ORD0217771,2026-03-21 11:33:00,DS03,2,63.09,47.37,20,7.5,delivered
ORD0218198,2026-03-22 13:49:00,DS03,8,238.63,167.16,20,17.0,delivered
ORD0218520,2026-03-24 05:21:00,DS03,7,187.62,134.77,20,8.1,delivered
ORD0218540,2026-03-24 18:54:00,DS03,7,184.12,119.2,20,20.1,delivered
ORD0218688,2026-03-25 13:42:00,DS03,1,41.76,24.59,20,25.0,delivered
ORD0218764,2026-03-26 16:08:00,DS03,6,147.24,107.21,20,21.1,delivered
ORD0218788,2026-03-26 13:25:00,DS03,1,20.31,14.05,20,26.6,delivered
ORD0218882,2026-03-26 18:50:00,DS03,10,208.24,144.4,20,24.6,delivered
ORD0218916,2026-03-27 20:03:00,DS03,1,51.91,38.13,20,21.4,delivered
ORD0219365,2026-03-29 18:26:00,DS03,3,52.94,36.8,20,10.8,delivered
ORD0219534,2026-03-30 22:11:00,DS03,3,135.26,101.14,20,24.0,delivered
ORD0219976,2026-04-02 19:52:00,DS03,2,79.75,56.09,20,24.1,delivered
ORD0220153,2026-04-03 16:02:00,DS03,6,110.63,79.21,20,13.1,delivered
ORD0220268,2026-04-03 20:07:00,DS03,2,83.78,52.42,20,27.0,delivered
ORD0220656,2026-04-05 13:34:00,DS03,4,107.84,78.82,20,17.7,delivered
ORD0220713,2026-04-05 17:44:00,DS03,2,46.7,33.0,20,17.4,delivered
ORD0220781,2026-04-06 12:11:00,DS03,1,13.39,9.44,20,25.9,delivered
ORD0221079,2026-04-08 14:57:00,DS03,3,102.45,73.45,20,9.4,delivered
ORD0222074,2026-04-13 16:47:00,DS03,2,78.08,56.31,20,13.6,delivered
ORD0222099,2026-04-13 20:05:00,DS03,3,37.76,27.1,20,16.2,delivered
ORD0222670,2026-04-16 00:22:00,DS03,1,21.12,15.74,20,24.0,delivered
ORD0222740,2026-04-17 20:45:00,DS03,8,214.48,156.76,20,28.0,delivered
ORD0223018,2026-04-18 14:20:00,DS03,1,71.05,55.53,20,11.7,delivered
ORD0223316,2026-04-20 20:59:00,DS03,1,20.86,16.75,20,10.9,delivered
ORD0223534,2026-04-21 20:39:00,DS03,3,57.49,39.1,20,19.9,delivered
ORD0223556,2026-04-21 20:45:00,DS03,3,67.62,47.25,20,19.3,delivered
ORD0223698,2026-04-22 20:46:00,DS03,4,83.29,55.83,20,18.8,delivered
ORD0223726,2026-04-22 12:48:00,DS03,2,33.39,26.34,20,23.1,delivered
ORD0223770,2026-04-23 18:04:00,DS03,13,395.36,296.05,20,19.1,delivered
ORD0223786,2026-04-23 14:07:00,DS03,3,79.46,60.23,20,17.8,delivered
ORD0224955,2026-04-29 15:13:00,DS03,3,71.92,52.69,20,18.5,delivered
ORD0225088,2026-04-30 21:34:00,DS03,1,50.01,37.12,20,11.8,delivered
ORD0225477,2026-05-01 15:29:00,DS03,2,33.86,24.8,20,14.9,delivered
ORD0226025,2026-05-04 20:20:00,DS03,7,182.6,139.0,20,21.0,delivered
ORD0226215,2026-05-05 11:07:00,DS03,9,272.11,200.24,20,6.8,delivered
ORD0227011,2026-05-09 21:23:00,DS03,2,29.97,18.19,20,25.8,delivered
ORD0227060,2026-05-09 16:36:00,DS03,5,133.6,90.36,20,35.8,delivered
ORD0227524,2026-05-12 09:07:00,DS03,4,147.65,106.29,20,31.2,delivered
ORD0227853,2026-05-14 07:01:00,DS03,2,52.94,34.35,20,22.1,delivered
ORD0227922,2026-05-14 16:47:00,DS03,1,9.15,6.63,20,14.0,delivered
ORD0227999,2026-05-14 21:10:00,DS03,3,77.63,59.48,20,23.7,delivered
ORD0228119,2026-05-15 20:17:00,DS03,2,34.08,25.32,20,18.9,delivered
ORD0229617,2026-05-22 19:38:00,DS03,5,111.75,82.5,20,18.7,delivered
ORD0229813,2026-05-23 18:41:00,DS03,4,111.46,84.27,20,29.4,delivered
ORD0229936,2026-05-24 16:22:00,DS03,2,14.3,10.19,20,10.2,delivered
ORD0230286,2026-05-26 17:40:00,DS03,1,71.05,55.53,20,13.3,delivered
ORD0230558,2026-05-27 19:58:00,DS03,1,50.01,37.12,20,24.0,delivered
ORD0230712,2026-05-28 17:51:00,DS03,7,209.16,155.22,20,24.5,delivered
ORD0230721,2026-05-28 18:40:00,DS03,4,101.97,76.76,20,26.2,delivered
ORD0231235,2026-05-31 20:14:00,DS03,5,150.23,108.1,20,13.2,delivered
ORD0231402,2026-05-31 13:29:00,DS03,2,49.05,35.02,20,18.1,delivered
ORD0231773,2026-06-03 18:23:00,DS03,2,20.48,14.72,20,17.3,delivered
ORD0232491,2026-06-06 21:05:00,DS03,3,68.71,52.13,20,28.3,delivered
ORD0232727,2026-06-07 16:32:00,DS03,2,75.91,52.89,20,10.3,delivered
ORD0233281,2026-06-10 14:40:00,DS03,1,27.93,19.38,20,20.7,delivered
ORD0233598,2026-06-12 20:52:00,DS03,2,18.66,14.26,20,9.0,delivered
ORD0234484,2026-06-16 12:05:00,DS03,2,67.8,48.0,20,19.4,delivered
ORD0234683,2026-06-17 13:00:00,DS03,8,182.43,126.26,20,17.1,delivered
ORD0234830,2026-06-18 17:41:00,DS03,2,47.39,31.45,20,29.8,delivered
ORD0235146,2026-06-19 19:57:00,DS03,2,31.37,21.33,20,35.2,delivered
ORD0235204,2026-06-19 12:27:00,DS03,1,52.45,34.0,20,8.1,delivered
ORD0235248,2026-06-19 09:11:00,DS03,7,279.33,205.86,20,19.6,delivered
ORD0235358,2026-06-20 13:47:00,DS03,3,47.34,35.7,20,23.2,delivered
ORD0235758,2026-06-22 16:43:00,DS03,1,36.57,25.78,20,22.3,delivered
ORD0235769,2026-06-22 20:04:00,DS03,2,33.14,24.55,20,15.9,delivered
ORD0235997,2026-06-23 20:47:00,DS03,2,34.43,21.64,20,31.2,delivered
ORD0236090,2026-06-24 16:07:00,DS03,11,248.82,180.42,20,12.7,delivered
ORD0236179,2026-06-24 14:53:00,DS03,4,87.02,60.16,20,19.2,delivered
ORD0236272,2026-06-25 14:09:00,DS03,5,139.61,102.65,20,21.1,delivered
ORD0236435,2026-06-25 06:16:00,DS03,1,35.71,24.75,20,22.8,delivered
ORD0236494,2026-06-26 20:13:00,DS03,1,9.34,6.97,20,11.5,delivered
ORD0236755,2026-06-27 19:02:00,DS03,8,219.05,148.14,20,9.9,delivered
ORD0237063,2026-06-28 11:23:00,DS03,4,72.95,53.88,20,17.9,delivered
ORD0237291,2026-06-29 12:28:00,DS03,2,68.8,51.63,20,21.2,delivered
ORD0237319,2026-06-29 18:13:00,DS03,1,56.41,42.5,20,19.3,delivered
ORD0237397,2026-06-30 18:38:00,DS03,3,44.72,30.45,20,14.6,delivered
ORD0237787,2025-01-08 23:52:00,DS04,1,5.48,4.07,20,10.9,delivered
ORD0238019,2025-01-11 15:00:00,DS04,1,7.65,5.78,20,19.1,delivered
ORD0238089,2025-01-12 19:52:00,DS04,1,28.76,22.04,20,15.8,delivered
ORD0238095,2025-01-12 14:51:00,DS04,3,97.31,65.38,20,22.1,delivered
ORD0238099,2025-01-12 12:24:00,DS04,1,25.5,20.07,20,19.0,delivered
ORD0238556,2025-01-17 19:05:00,DS04,1,2.6,1.94,20,20.0,delivered
ORD0238729,2025-01-20 15:13:00,DS04,4,73.96,51.67,20,12.9,delivered
ORD0239106,2025-01-24 20:29:00,DS04,1,6.02,4.82,20,37.6,delivered
ORD0239123,2025-01-25 17:42:00,DS04,1,55.12,41.59,20,27.2,delivered
ORD0240319,2025-02-09 20:22:00,DS04,3,99.33,76.8,20,22.0,delivered
ORD0240389,2025-02-09 21:25:00,DS04,2,61.72,45.87,20,25.9,delivered
ORD0240426,2025-02-10 09:10:00,DS04,2,63.2,48.58,20,10.4,delivered
ORD0240457,2025-02-10 14:55:00,DS04,1,15.62,11.52,20,13.3,delivered
ORD0240593,2025-02-12 20:44:00,DS04,2,84.47,65.12,20,18.6,delivered
ORD0240760,2025-02-14 23:11:00,DS04,1,7.24,5.7,20,9.7,delivered
ORD0241197,2025-02-19 19:44:00,DS04,6,253.11,188.77,20,51.9,delivered
ORD0241390,2025-02-21 15:40:00,DS04,4,105.94,78.29,20,16.8,delivered
ORD0241557,2025-02-23 20:29:00,DS04,1,50.01,37.12,20,13.7,delivered
ORD0241581,2025-02-24 19:55:00,DS04,1,31.57,24.71,20,15.9,delivered
ORD0241612,2025-02-24 08:52:00,DS04,3,59.23,42.65,20,19.1,delivered
ORD0241643,2025-02-25 11:51:00,DS04,7,109.33,79.25,20,15.0,delivered
ORD0241782,2025-02-26 20:54:00,DS04,3,38.71,28.27,20,11.8,delivered
ORD0241945,2025-02-28 08:11:00,DS04,8,197.91,143.24,20,12.9,delivered
ORD0242151,2025-03-02 23:35:00,DS04,5,185.77,133.18,20,17.3,delivered
ORD0242168,2025-03-02 21:14:00,DS04,1,18.79,14.51,20,24.7,delivered
ORD0242472,2025-03-05 22:42:00,DS04,1,9.34,6.97,20,11.8,delivered
ORD0242798,2025-03-08 02:47:00,DS04,1,19.13,14.64,20,19.1,delivered
ORD0242939,2025-03-09 19:04:00,DS04,7,88.82,62.15,20,8.3,delivered
ORD0242991,2025-03-09 19:23:00,DS04,2,39.06,28.52,20,28.1,delivered
ORD0243064,2025-03-10 22:05:00,DS04,8,257.29,194.37,20,14.3,delivered
ORD0243542,2025-03-14 08:10:00,DS04,3,126.66,87.85,20,23.6,delivered
ORD0243629,2025-03-15 20:58:00,DS04,5,220.3,162.18,20,9.5,delivered
ORD0243829,2025-03-16 23:42:00,DS04,6,153.41,111.85,20,25.5,delivered
ORD0244008,2025-03-18 01:15:00,DS04,13,296.29,209.97,20,9.2,delivered
ORD0244018,2025-03-18 16:01:00,DS04,8,239.22,168.84,20,19.5,delivered
ORD0244102,2025-03-19 18:09:00,DS04,6,108.27,81.12,20,29.3,delivered
ORD0244169,2025-03-20 00:50:00,DS04,5,60.13,41.61,20,14.3,delivered
ORD0244389,2025-03-21 20:26:00,DS04,5,167.69,125.31,20,30.1,delivered
ORD0244538,2025-03-22 16:33:00,DS04,1,26.06,20.63,20,30.3,delivered
ORD0244784,2025-03-24 09:13:00,DS04,1,24.39,17.2,20,23.7,delivered
ORD0244799,2025-03-25 20:10:00,DS04,3,51.73,37.51,20,30.0,delivered
ORD0245172,2025-03-28 19:02:00,DS04,2,75.32,51.79,20,26.8,delivered
ORD0245242,2025-03-28 19:45:00,DS04,3,55.28,37.28,20,30.4,delivered
ORD0245492,2025-03-30 17:47:00,DS04,3,117.72,86.74,20,20.6,delivered
ORD0245599,2025-03-31 08:50:00,DS04,4,126.63,94.74,20,22.0,delivered
ORD0245657,2025-04-01 09:40:00,DS04,9,133.21,97.5,20,33.7,delivered
ORD0245773,2025-04-02 15:56:00,DS04,2,58.19,43.34,20,20.7,delivered
ORD0245795,2025-04-02 12:16:00,DS04,1,12.53,9.59,20,28.8,delivered
ORD0245932,2025-04-04 14:31:00,DS04,1,50.74,37.49,20,9.0,delivered
ORD0246057,2025-04-05 16:18:00,DS04,4,87.68,59.32,20,16.6,delivered
ORD0246132,2025-04-06 17:38:00,DS04,4,48.4,33.07,20,15.3,cancelled_customer
ORD0246258,2025-04-07 15:24:00,DS04,6,191.02,137.62,20,10.1,delivered
ORD0246359,2025-04-09 18:49:00,DS04,3,126.76,91.92,20,16.7,delivered
ORD0246853,2025-04-14 13:48:00,DS04,1,13.42,9.59,20,12.8,delivered
ORD0247547,2025-04-21 17:48:00,DS04,1,15.62,11.52,20,29.8,delivered
ORD0247737,2025-04-24 13:10:00,DS04,2,16.13,10.44,20,11.7,delivered
ORD0247883,2025-04-25 17:05:00,DS04,2,31.06,23.12,20,34.2,delivered
ORD0248308,2025-04-29 22:05:00,DS04,3,64.01,48.54,20,24.0,delivered
ORD0248467,2025-05-01 19:03:00,DS04,2,32.12,21.13,20,21.0,delivered
ORD0248704,2025-05-03 20:43:00,DS04,3,36.46,25.93,20,20.3,delivered
ORD0248945,2025-05-06 09:27:00,DS04,1,9.34,6.97,20,16.6,delivered
ORD0249073,2025-05-07 13:25:00,DS04,7,165.63,119.42,20,16.9,delivered
ORD0249484,2025-05-11 21:53:00,DS04,1,12.53,9.59,20,18.0,delivered
ORD0249520,2025-05-11 20:05:00,DS04,1,3.24,2.19,20,20.2,delivered
ORD0249591,2025-05-12 12:16:00,DS04,8,167.4,119.8,20,19.8,delivered
ORD0249601,2025-05-13 22:09:00,DS04,1,46.0,29.64,20,19.9,delivered
ORD0249690,2025-05-14 15:55:00,DS04,3,75.27,53.14,20,12.0,delivered
ORD0249816,2025-05-15 20:04:00,DS04,1,32.55,24.41,20,16.3,delivered
ORD0249826,2025-05-15 13:43:00,DS04,5,137.86,96.49,20,14.6,delivered
ORD0249923,2025-05-16 20:04:00,DS04,1,15.62,11.52,20,23.2,delivered
ORD0250182,2025-05-18 18:11:00,DS04,9,253.16,183.48,20,26.5,delivered
ORD0250622,2025-05-23 23:17:00,DS04,2,41.4,29.28,20,25.0,delivered
ORD0250981,2025-05-26 18:07:00,DS04,1,27.88,21.46,20,29.3,delivered
ORD0251136,2025-05-28 05:22:00,DS04,3,147.74,107.7,20,11.3,delivered
ORD0251528,2025-06-01 11:04:00,DS04,2,36.15,24.72,20,18.2,delivered
ORD0251959,2025-06-05 09:18:00,DS04,1,28.09,19.95,20,18.4,delivered
ORD0251982,2025-06-05 21:28:00,DS04,2,90.18,70.17,20,30.5,delivered
ORD0252067,2025-06-06 20:00:00,DS04,4,56.7,38.1,20,22.0,delivered
ORD0252738,2025-06-12 17:54:00,DS04,1,5.46,4.22,20,18.9,cancelled_customer
ORD0253268,2025-06-18 14:32:00,DS04,1,25.5,20.07,20,27.3,delivered
ORD0254509,2025-06-29 11:46:00,DS04,6,232.54,171.39,20,28.4,delivered
ORD0254619,2025-07-01 20:59:00,DS04,1,40.37,27.82,20,29.6,delivered
ORD0255104,2025-07-05 09:11:00,DS04,1,71.05,55.53,20,11.5,delivered
ORD0255365,2025-07-08 23:36:00,DS04,5,88.02,64.23,20,19.9,delivered
ORD0255484,2025-07-09 22:29:00,DS04,15,291.85,207.57,20,29.3,delivered
ORD0255570,2025-07-10 17:26:00,DS04,8,279.35,205.05,20,11.3,delivered
ORD0255682,2025-07-11 11:33:00,DS04,1,19.13,14.64,20,26.0,delivered
ORD0255855,2025-07-12 22:29:00,DS04,4,36.97,28.12,20,14.5,delivered
ORD0256108,2025-07-15 13:13:00,DS04,3,61.83,45.27,20,18.3,delivered
ORD0256301,2025-07-17 17:36:00,DS04,1,12.52,9.93,20,11.1,delivered
ORD0256571,2025-07-19 12:07:00,DS04,2,74.96,58.3,20,21.3,delivered
ORD0256755,2025-07-21 15:55:00,DS04,3,51.27,37.14,20,11.1,delivered
ORD0256840,2025-07-22 19:45:00,DS04,1,19.61,11.93,20,28.5,delivered
ORD0257075,2025-07-24 18:57:00,DS04,3,107.82,78.77,20,16.2,delivered
ORD0257633,2025-07-29 14:42:00,DS04,3,53.46,39.15,20,21.8,delivered
ORD0257922,2025-08-01 10:11:00,DS04,8,139.68,100.84,20,13.5,delivered
ORD0257990,2025-08-01 19:56:00,DS04,2,78.6,56.93,20,29.8,delivered
ORD0258024,2025-08-02 11:27:00,DS04,1,9.17,7.18,20,14.9,delivered
ORD0258075,2025-08-02 10:46:00,DS04,1,18.24,13.34,20,20.5,delivered
ORD0258160,2025-08-03 21:50:00,DS04,13,478.32,362.9,20,34.0,delivered
ORD0258540,2025-08-07 19:59:00,DS04,4,101.41,72.72,20,36.6,delivered
ORD0258547,2025-08-07 21:04:00,DS04,7,151.81,109.8,20,11.5,delivered
ORD0258876,2025-08-09 18:54:00,DS04,1,40.39,30.99,20,16.4,delivered
ORD0259454,2025-08-15 17:09:00,DS04,1,4.96,3.22,20,31.8,delivered
ORD0259573,2025-08-16 18:19:00,DS04,4,150.86,110.98,20,24.7,delivered
ORD0259647,2025-08-16 21:44:00,DS04,3,46.66,32.43,20,21.5,delivered
ORD0259950,2025-08-19 20:35:00,DS04,1,36.57,25.78,20,23.1,delivered
ORD0260466,2025-08-24 08:36:00,DS04,1,48.62,36.09,20,22.8,delivered
ORD0260816,2025-08-28 16:47:00,DS04,3,178.64,132.16,20,17.5,delivered
ORD0261696,2025-09-05 15:39:00,DS04,5,104.11,76.24,20,20.5,delivered
ORD0261711,2025-09-05 10:08:00,DS04,4,114.22,83.82,20,22.5,delivered
ORD0261783,2025-09-05 12:28:00,DS04,2,80.39,62.5,20,25.3,delivered
ORD0262594,2025-09-13 22:42:00,DS04,1,19.26,12.37,20,25.7,delivered
ORD0262749,2025-09-14 20:49:00,DS04,3,112.41,79.38,20,18.2,delivered
ORD0262923,2025-09-16 10:52:00,DS04,2,78.7,61.31,20,13.6,delivered
ORD0263460,2025-09-21 18:37:00,DS04,6,199.57,144.23,20,22.1,delivered
ORD0263630,2025-09-23 18:46:00,DS04,5,229.74,175.27,20,25.2,delivered
ORD0263926,2025-09-26 20:55:00,DS04,4,77.28,57.52,20,20.0,delivered
ORD0263995,2025-09-26 20:13:00,DS04,3,94.15,71.61,20,25.2,delivered
ORD0264367,2025-09-30 15:28:00,DS04,1,36.32,23.43,20,24.6,delivered
ORD0264596,2025-10-03 10:17:00,DS04,3,55.91,37.08,20,12.1,delivered
ORD0264643,2025-10-03 21:31:00,DS04,2,49.52,34.45,20,23.6,delivered
ORD0264879,2025-10-05 18:52:00,DS04,12,325.56,230.32,20,15.9,delivered
ORD0265049,2025-10-07 11:08:00,DS04,3,50.2,33.11,20,23.4,delivered
ORD0265132,2025-10-08 23:51:00,DS04,2,39.56,25.62,20,19.5,delivered
ORD0265520,2025-10-11 17:03:00,DS04,1,5.46,4.22,20,16.2,delivered
ORD0266789,2025-10-24 11:55:00,DS04,12,410.87,307.71,20,12.7,delivered
ORD0266909,2025-10-25 08:12:00,DS04,5,93.13,64.21,20,18.9,delivered
ORD0267378,2025-10-30 11:15:00,DS04,4,82.74,63.62,20,19.4,delivered
ORD0267970,2025-11-05 15:25:00,DS04,2,50.03,36.13,20,19.6,delivered
ORD0268128,2025-11-06 12:06:00,DS04,1,24.74,18.35,20,19.3,delivered
ORD0268147,2025-11-07 17:16:00,DS04,1,9.15,6.63,20,29.3,delivered
ORD0268691,2025-11-13 13:56:00,DS04,2,83.58,65.12,20,14.2,delivered
ORD0269362,2025-11-19 12:59:00,DS04,2,33.06,24.33,20,20.7,delivered
ORD0269531,2025-11-21 14:03:00,DS04,4,62.22,41.26,20,19.7,delivered
ORD0269687,2025-11-22 16:28:00,DS04,4,49.9,38.51,20,22.7,delivered
ORD0269749,2025-11-23 21:26:00,DS04,3,85.25,62.16,20,18.4,delivered
ORD0270200,2025-11-28 10:33:00,DS04,5,82.51,56.32,20,34.8,delivered
ORD0270350,2025-11-29 10:04:00,DS04,2,50.65,33.9,20,38.9,delivered
ORD0270362,2025-11-29 20:04:00,DS04,3,45.8,33.45,20,15.7,delivered
ORD0270457,2025-11-30 11:37:00,DS04,2,34.88,22.36,20,18.6,delivered
ORD0270751,2025-12-04 16:01:00,DS04,3,86.92,62.69,20,22.4,delivered
ORD0271261,2025-12-09 17:55:00,DS04,3,115.49,88.55,20,30.2,delivered
ORD0271405,2025-12-11 22:53:00,DS04,4,98.69,72.99,20,26.3,delivered
ORD0271533,2025-12-12 10:00:00,DS04,5,107.66,78.63,20,16.6,delivered
ORD0271689,2025-12-13 20:43:00,DS04,1,18.79,14.51,20,26.2,delivered
ORD0271763,2025-12-14 11:12:00,DS04,9,223.58,162.3,20,15.7,delivered
ORD0271787,2025-12-15 17:46:00,DS04,7,166.54,122.98,20,23.1,delivered
ORD0271792,2025-12-15 12:53:00,DS04,1,10.18,6.79,20,14.6,delivered
ORD0272297,2025-12-20 15:16:00,DS04,1,18.24,13.34,20,24.5,delivered
ORD0272411,2025-12-21 14:40:00,DS04,1,14.17,10.67,20,12.3,delivered
ORD0272642,2025-12-24 18:17:00,DS04,1,19.13,14.64,20,24.0,delivered
ORD0272988,2025-12-27 07:18:00,DS04,2,22.45,15.96,20,18.5,delivered
ORD0273524,2026-01-02 13:15:00,DS04,3,26.4,19.02,20,15.9,delivered
ORD0274253,2026-01-09 21:34:00,DS04,1,25.64,18.93,20,31.2,delivered
ORD0274267,2026-01-10 18:17:00,DS04,1,23.79,18.78,20,27.3,delivered
ORD0274608,2026-01-13 09:40:00,DS04,1,10.18,6.79,20,21.4,delivered
ORD0276360,2026-01-31 10:30:00,DS04,2,42.71,31.22,20,26.2,delivered
ORD0276512,2026-02-02 11:26:00,DS04,1,9.32,7.29,20,23.7,delivered
ORD0276644,2026-02-03 10:15:00,DS04,1,14.55,11.41,20,15.2,delivered
ORD0276665,2026-02-04 08:34:00,DS04,2,42.33,31.97,20,22.1,delivered
ORD0277334,2026-02-11 14:45:00,DS04,1,4.96,3.22,20,27.3,delivered
ORD0277387,2026-02-11 14:12:00,DS04,4,73.62,52.98,20,21.8,delivered
ORD0277678,2026-02-14 14:19:00,DS04,2,34.11,22.76,20,20.9,delivered
ORD0278068,2026-02-18 20:28:00,DS04,1,12.52,9.93,20,19.1,delivered
ORD0278415,2026-02-20 22:28:00,DS04,4,142.47,102.87,20,15.0,delivered
ORD0278495,2026-02-21 14:24:00,DS04,10,196.56,138.36,20,24.0,delivered
ORD0278514,2026-02-21 15:10:00,DS04,1,21.67,13.81,20,24.8,delivered
ORD0278685,2026-02-22 09:13:00,DS04,2,70.35,47.61,20,22.8,delivered
ORD0279019,2026-02-25 23:06:00,DS04,2,15.58,12.01,20,13.4,cancelled_customer
ORD0279171,2026-02-26 19:38:00,DS04,1,55.12,41.59,20,44.3,delivered
ORD0279627,2026-03-01 22:19:00,DS04,1,32.55,24.41,20,28.0,delivered
ORD0279628,2026-03-01 22:25:00,DS04,9,296.14,214.14,20,16.9,delivered
ORD0279630,2026-03-01 21:48:00,DS04,2,96.69,74.46,20,12.8,delivered
ORD0279635,2026-03-01 22:45:00,DS04,1,48.89,33.9,20,15.6,delivered
ORD0279695,2026-03-02 12:43:00,DS04,1,18.54,13.19,20,24.6,delivered
ORD0279707,2026-03-02 11:09:00,DS04,4,103.68,73.02,20,20.9,delivered
ORD0279973,2026-03-04 23:40:00,DS04,2,47.19,36.23,20,21.6,delivered
ORD0280365,2026-03-07 01:49:00,DS04,1,28.76,22.04,20,11.1,delivered
ORD0280366,2026-03-07 23:06:00,DS04,4,59.89,46.56,20,27.6,delivered
ORD0280858,2026-03-11 17:45:00,DS04,5,140.35,100.18,20,14.7,delivered
ORD0280862,2026-03-11 21:11:00,DS04,1,24.71,18.9,20,17.9,delivered
ORD0280954,2026-03-11 21:35:00,DS04,1,22.7,16.38,20,24.8,delivered
ORD0280974,2026-03-11 18:00:00,DS04,1,19.75,15.44,20,43.5,delivered
ORD0281317,2026-03-14 17:20:00,DS04,3,85.47,65.07,20,16.3,cancelled_customer
ORD0281488,2026-03-15 22:36:00,DS04,3,55.83,36.59,20,17.7,delivered
ORD0281944,2026-03-18 19:29:00,DS04,9,192.26,144.27,20,17.0,delivered
ORD0281976,2026-03-19 00:07:00,DS04,4,67.05,48.15,20,13.6,delivered
ORD0282178,2026-03-20 19:59:00,DS04,4,79.41,58.09,20,14.9,delivered
ORD0282248,2026-03-20 12:24:00,DS04,2,28.35,18.84,20,19.6,delivered
ORD0282312,2026-03-21 19:50:00,DS04,1,26.06,20.63,20,22.9,delivered
ORD0282631,2026-03-23 19:56:00,DS04,1,9.15,6.63,20,26.1,delivered
ORD0282994,2026-03-27 19:51:00,DS04,5,156.46,100.58,20,20.4,delivered
ORD0283189,2026-03-28 11:49:00,DS04,8,196.94,133.94,20,32.0,delivered
ORD0283236,2026-03-29 18:47:00,DS04,8,298.78,212.96,20,16.0,delivered
ORD0283399,2026-03-31 19:39:00,DS04,4,162.36,124.7,20,22.4,delivered
ORD0283627,2026-04-02 08:58:00,DS04,2,41.27,31.96,20,25.6,delivered
ORD0284022,2026-04-05 13:58:00,DS04,1,21.15,11.72,20,29.4,delivered
ORD0284179,2026-04-07 17:01:00,DS04,3,70.72,52.93,20,23.0,delivered
ORD0284380,2026-04-09 03:00:00,DS04,2,25.33,18.1,20,21.3,delivered
ORD0284423,2026-04-09 19:52:00,DS04,8,179.2,120.8,20,26.1,delivered
ORD0284543,2026-04-10 18:37:00,DS04,2,21.07,15.37,20,31.8,delivered
ORD0284592,2026-04-11 11:25:00,DS04,3,33.61,24.34,20,27.2,delivered
ORD0284619,2026-04-11 20:20:00,DS04,4,37.82,26.96,20,25.2,cancelled_customer
ORD0284748,2026-04-12 11:22:00,DS04,5,116.95,87.54,20,18.7,delivered
ORD0285082,2026-04-16 09:08:00,DS04,5,89.46,66.4,20,16.6,delivered
ORD0285151,2026-04-16 11:11:00,DS04,4,93.8,68.32,20,33.4,delivered
ORD0285648,2026-04-21 11:37:00,DS04,1,20.93,13.18,20,21.9,delivered
ORD0285727,2026-04-21 13:34:00,DS04,4,70.92,46.45,20,18.2,delivered
ORD0285965,2026-04-24 17:37:00,DS04,2,22.88,15.48,20,22.6,delivered
ORD0286275,2026-04-26 21:45:00,DS04,2,43.22,28.69,20,23.7,delivered
ORD0286708,2026-05-01 16:49:00,DS04,2,77.8,56.54,20,32.4,delivered
ORD0286749,2026-05-01 20:47:00,DS04,2,67.59,49.6,20,24.5,delivered
ORD0286837,2026-05-01 21:22:00,DS04,1,14.84,10.47,20,31.0,delivered
ORD0287220,2026-05-05 16:29:00,DS04,1,12.53,9.59,20,14.7,delivered
ORD0287549,2026-05-08 18:56:00,DS04,6,74.3,53.65,20,25.2,delivered
ORD0287765,2026-05-09 15:49:00,DS04,12,301.04,224.04,20,23.9,delivered
ORD0287768,2026-05-09 13:04:00,DS04,2,40.85,27.43,20,19.7,delivered
ORD0287960,2026-05-11 16:52:00,DS04,1,40.43,28.89,20,16.3,delivered
ORD0288151,2026-05-13 08:12:00,DS04,4,89.89,63.74,20,17.5,delivered
ORD0288256,2026-05-14 21:21:00,DS04,3,65.8,48.06,20,23.3,delivered
ORD0288942,2026-05-20 11:05:00,DS04,1,19.97,14.33,20,15.8,delivered
ORD0289019,2026-05-21 19:01:00,DS04,5,96.33,69.32,20,29.8,delivered
ORD0289148,2026-05-22 16:38:00,DS04,3,101.52,74.86,20,16.1,delivered
ORD0290382,2026-06-01 07:36:00,DS04,1,26.06,20.63,20,22.5,delivered
ORD0290840,2026-06-05 19:36:00,DS04,5,121.72,88.37,20,17.6,delivered
ORD0290851,2026-06-05 11:35:00,DS04,1,9.32,7.29,20,20.4,delivered
ORD0290948,2026-06-06 18:29:00,DS04,21,581.58,428.46,20,26.0,delivered
ORD0291068,2026-06-07 19:53:00,DS04,2,62.39,44.97,20,21.3,delivered
ORD0291422,2026-06-10 17:30:00,DS04,5,185.2,137.69,20,13.3,delivered
ORD0291471,2026-06-11 12:11:00,DS04,1,9.17,7.18,20,16.4,delivered
ORD0291615,2026-06-12 14:13:00,DS04,3,35.96,25.92,20,8.0,delivered
ORD0291923,2026-06-14 09:56:00,DS04,2,41.42,30.15,20,26.5,delivered
ORD0292063,2026-06-15 14:23:00,DS04,2,86.79,67.15,20,15.6,delivered
ORD0292139,2026-06-16 20:40:00,DS04,2,61.52,41.28,20,14.3,delivered
ORD0292421,2026-06-18 12:12:00,DS04,4,141.99,98.54,20,11.6,delivered
ORD0292446,2026-06-19 12:12:00,DS04,2,55.11,38.97,20,16.0,delivered
ORD0292622,2026-06-20 23:39:00,DS04,4,70.23,50.82,20,13.8,delivered
ORD0292644,2026-06-20 20:04:00,DS04,2,72.7,50.99,20,16.7,delivered
ORD0293556,2026-06-28 20:52:00,DS04,1,13.39,9.44,20,17.1,delivered
ORD0294191,2025-01-10 20:51:00,DS05,6,95.16,66.87,20,23.9,delivered
ORD0294245,2025-01-10 09:51:00,DS05,1,55.01,37.74,20,16.9,delivered
ORD0294414,2025-01-13 15:09:00,DS05,3,69.98,48.58,20,10.4,delivered
ORD0294681,2025-01-17 21:24:00,DS05,4,94.61,64.41,20,44.7,delivered
ORD0295711,2025-02-02 20:25:00,DS05,4,148.09,110.3,20,14.4,delivered
ORD0295739,2025-02-03 22:52:00,DS05,1,52.16,37.61,20,15.7,delivered
ORD0295742,2025-02-03 20:23:00,DS05,2,18.38,12.81,20,45.8,delivered
ORD0296594,2025-02-16 19:55:00,DS05,1,12.52,9.93,20,16.0,delivered
ORD0297614,2025-03-02 16:20:00,DS05,4,98.18,69.09,20,18.9,delivered
ORD0298090,2025-03-08 17:27:00,DS05,6,114.92,85.02,20,19.3,delivered
ORD0298492,2025-03-12 07:47:00,DS05,1,36.57,25.78,20,18.4,delivered
ORD0298563,2025-03-13 02:13:00,DS05,2,96.8,73.49,20,17.0,delivered
ORD0298594,2025-03-13 22:18:00,DS05,3,76.94,56.08,20,22.2,delivered
ORD0298748,2025-03-15 22:18:00,DS05,1,5.46,4.22,20,12.4,delivered
ORD0298865,2025-03-16 11:31:00,DS05,7,127.38,89.02,20,10.2,delivered
ORD0298882,2025-03-16 21:56:00,DS05,2,57.21,43.64,20,29.0,delivered
ORD0299039,2025-03-18 21:35:00,DS05,1,55.12,41.59,20,8.2,delivered
ORD0299610,2025-03-24 13:36:00,DS05,10,123.51,87.32,20,13.8,delivered
ORD0300056,2025-03-28 10:43:00,DS05,6,103.54,75.35,20,15.2,delivered
ORD0300182,2025-03-29 16:04:00,DS05,4,43.51,33.42,20,17.8,delivered
ORD0300183,2025-03-29 03:50:00,DS05,6,109.63,75.61,20,21.4,delivered
ORD0300259,2025-03-30 20:11:00,DS05,1,29.61,19.74,20,25.4,delivered
ORD0300378,2025-04-01 23:38:00,DS05,3,53.44,41.27,20,12.0,delivered
ORD0300862,2025-04-07 00:03:00,DS05,2,88.04,66.37,20,26.9,delivered
ORD0301346,2025-04-14 09:53:00,DS05,3,108.8,81.97,20,10.3,delivered
ORD0301366,2025-04-14 14:51:00,DS05,1,52.16,37.61,20,20.0,delivered
ORD0301471,2025-04-16 22:00:00,DS05,3,129.62,96.06,20,14.2,cancelled_customer
ORD0301667,2025-04-18 19:24:00,DS05,2,61.5,44.58,20,11.4,delivered
ORD0301700,2025-04-19 19:38:00,DS05,4,88.8,61.8,20,15.6,delivered
ORD0302763,2025-05-03 07:00:00,DS05,1,17.61,11.53,20,25.5,delivered
ORD0302981,2025-05-06 12:39:00,DS05,5,129.73,94.6,20,22.9,delivered
ORD0303036,2025-05-07 10:07:00,DS05,8,208.47,144.13,20,19.8,delivered
ORD0303179,2025-05-09 22:13:00,DS05,1,40.43,28.89,20,20.9,delivered
ORD0303420,2025-05-11 13:40:00,DS05,4,75.99,52.49,20,17.5,delivered
ORD0304049,2025-05-19 08:23:00,DS05,4,63.47,45.66,20,15.6,delivered
ORD0304481,2025-05-24 17:30:00,DS05,1,25.64,18.93,20,28.7,delivered
ORD0304482,2025-05-24 09:24:00,DS05,7,185.03,133.81,20,20.5,delivered
ORD0304535,2025-05-25 21:36:00,DS05,1,9.34,6.97,20,27.7,delivered
ORD0305029,2025-05-31 21:31:00,DS05,1,56.41,42.5,20,29.6,delivered
ORD0305062,2025-06-01 13:31:00,DS05,2,39.21,27.23,20,16.5,delivered
ORD0305143,2025-06-02 18:20:00,DS05,4,122.37,85.95,20,25.0,delivered
ORD0305812,2025-06-10 15:49:00,DS05,3,71.58,53.95,20,25.3,delivered
ORD0306084,2025-06-13 09:47:00,DS05,3,35.41,26.2,20,19.5,delivered
ORD0306468,2025-06-18 11:39:00,DS05,5,100.42,75.99,20,15.0,delivered
ORD0306612,2025-06-20 13:06:00,DS05,2,28.53,20.46,20,8.4,delivered
ORD0306746,2025-06-21 19:30:00,DS05,1,30.24,23.03,20,18.2,delivered
ORD0307273,2025-06-27 17:22:00,DS05,6,167.95,121.35,20,16.0,delivered
ORD0307297,2025-06-28 14:58:00,DS05,1,19.13,14.64,20,15.0,delivered
ORD0307326,2025-06-28 16:36:00,DS05,7,85.51,60.35,20,29.2,delivered
ORD0307485,2025-06-30 19:40:00,DS05,4,147.76,116.32,20,13.7,delivered
ORD0308078,2025-07-07 21:47:00,DS05,1,48.84,36.68,20,47.2,delivered
ORD0308294,2025-07-10 23:41:00,DS05,2,49.09,35.71,20,12.1,delivered
ORD0308588,2025-07-13 07:47:00,DS05,2,22.97,15.84,20,13.2,delivered
ORD0308714,2025-07-14 18:27:00,DS05,6,94.95,63.75,20,32.1,delivered
ORD0308778,2025-07-15 20:02:00,DS05,4,36.84,25.58,20,18.6,delivered
ORD0308951,2025-07-18 15:00:00,DS05,3,151.14,116.04,20,13.3,delivered
ORD0309272,2025-07-21 15:59:00,DS05,3,62.31,46.35,20,,delivered
ORD0309333,2025-07-22 18:44:00,DS05,2,44.2,30.41,20,21.8,delivered
ORD0309497,2025-07-24 05:26:00,DS05,9,212.1,152.17,20,23.4,delivered
ORD0309730,2025-07-26 20:34:00,DS05,13,318.06,239.42,20,24.1,delivered
ORD0309742,2025-07-27 19:48:00,DS05,3,155.52,120.65,20,19.5,delivered
ORD0309835,2025-07-28 21:49:00,DS05,12,334.17,242.26,20,27.4,cancelled_customer
ORD0309929,2025-07-29 12:43:00,DS05,4,180.61,139.53,20,16.1,delivered
ORD0309937,2025-07-29 15:49:00,DS05,2,14.11,9.85,20,17.5,delivered
ORD0310031,2025-07-31 20:46:00,DS05,1,18.54,13.19,20,,delivered
ORD0310493,2025-08-05 21:07:00,DS05,2,44.47,31.16,20,23.0,delivered
ORD0310515,2025-08-05 18:52:00,DS05,4,135.17,98.55,20,21.5,delivered
ORD0310639,2025-08-07 10:42:00,DS05,1,18.51,11.11,20,24.9,delivered
ORD0310663,2025-08-07 08:17:00,DS05,5,185.84,129.31,20,29.5,delivered
ORD0310826,2025-08-09 18:47:00,DS05,2,34.11,24.77,20,21.2,cancelled_customer
ORD0310994,2025-08-11 21:37:00,DS05,5,109.73,82.02,20,10.2,delivered
ORD0311390,2025-08-16 07:34:00,DS05,1,46.0,29.64,20,19.3,delivered
ORD0311717,2025-08-20 21:16:00,DS05,2,46.33,31.14,20,,delivered
ORD0311773,2025-08-21 18:12:00,DS05,4,97.04,69.09,20,10.9,delivered
ORD0311836,2025-08-21 22:04:00,DS05,2,37.68,29.68,20,24.7,delivered
ORD0312141,2025-08-25 11:26:00,DS05,6,112.49,82.89,20,12.2,delivered
ORD0312270,2025-08-26 17:01:00,DS05,1,31.63,23.87,20,15.5,delivered
ORD0312435,2025-08-28 20:00:00,DS05,6,154.6,111.9,20,14.8,delivered
ORD0312746,2025-09-01 17:21:00,DS05,3,97.89,69.7,20,15.2,delivered
ORD0312821,2025-09-02 18:04:00,DS05,2,36.66,23.11,20,15.2,delivered
ORD0313037,2025-09-05 13:08:00,DS05,1,14.55,11.41,20,7.6,delivered
ORD0313291,2025-09-07 09:34:00,DS05,2,28.53,20.46,20,12.4,delivered
ORD0313344,2025-09-08 18:47:00,DS05,4,108.77,77.73,20,19.3,delivered
ORD0313420,2025-09-09 18:16:00,DS05,4,77.22,52.91,20,26.7,delivered
ORD0313459,2025-09-10 13:43:00,DS05,3,29.87,21.91,20,18.8,delivered
ORD0313768,2025-09-13 08:48:00,DS05,4,46.82,33.88,20,8.2,delivered
ORD0314370,2025-09-20 22:15:00,DS05,1,6.75,5.49,20,18.0,delivered
ORD0314538,2025-09-22 15:15:00,DS05,2,61.17,44.17,20,15.5,delivered
ORD0315035,2025-09-28 12:23:00,DS05,3,99.33,76.8,20,18.6,delivered
ORD0315554,2025-10-05 13:55:00,DS05,3,107.1,71.72,20,15.5,delivered
ORD0315672,2025-10-06 16:46:00,DS05,1,40.37,27.82,20,30.9,delivered
ORD0316116,2025-10-11 14:42:00,DS05,1,16.74,11.14,20,19.9,delivered
ORD0316123,2025-10-11 21:24:00,DS05,1,19.38,13.83,20,29.4,delivered
ORD0316723,2025-10-19 16:50:00,DS05,5,88.82,65.09,20,19.7,delivered
ORD0317424,2025-10-28 22:25:00,DS05,1,19.13,14.64,20,14.2,delivered
ORD0317453,2025-10-28 12:40:00,DS05,2,39.67,28.02,20,37.5,delivered
ORD0317493,2025-10-29 13:38:00,DS05,1,3.05,2.42,20,11.9,delivered
ORD0317515,2025-10-29 19:08:00,DS05,1,8.44,5.87,20,33.2,delivered
ORD0317595,2025-10-30 10:44:00,DS05,2,42.87,33.28,20,19.1,delivered
ORD0318198,2025-11-06 10:06:00,DS05,4,139.07,105.13,20,15.8,delivered
ORD0318286,2025-11-07 07:22:00,DS05,4,67.97,52.32,20,16.5,delivered
ORD0318320,2025-11-08 17:25:00,DS05,3,40.7,28.87,20,10.2,delivered
ORD0318328,2025-11-08 09:36:00,DS05,6,235.39,165.35,20,25.5,delivered
ORD0318534,2025-11-11 22:05:00,DS05,1,12.52,9.93,20,17.4,delivered
ORD0318863,2025-11-15 20:57:00,DS05,4,106.57,82.5,20,9.4,delivered
ORD0319869,2025-11-28 09:04:00,DS05,2,17.64,13.25,20,17.3,delivered
ORD0320013,2025-11-30 21:03:00,DS05,2,25.34,17.93,20,22.9,delivered
ORD0320080,2025-11-30 20:34:00,DS05,1,18.54,13.19,20,27.1,delivered
ORD0320181,2025-12-02 18:59:00,DS05,6,127.79,95.9,20,22.8,cancelled_customer
ORD0320339,2025-12-04 12:50:00,DS05,11,286.46,209.24,20,17.1,delivered
ORD0320580,2025-12-07 15:54:00,DS05,2,98.98,74.91,20,15.3,delivered
ORD0320611,2025-12-07 18:06:00,DS05,1,4.96,3.22,20,14.4,delivered
ORD0320787,2025-12-10 09:44:00,DS05,1,22.48,17.45,20,15.7,delivered
ORD0321190,2025-12-15 19:06:00,DS05,2,23.99,17.1,20,12.9,delivered
ORD0321517,2025-12-20 19:48:00,DS05,4,134.14,100.15,20,21.9,delivered
ORD0321519,2025-12-20 12:18:00,DS05,5,120.45,84.15,20,15.9,delivered
ORD0321548,2025-12-20 17:24:00,DS05,2,78.5,53.64,20,19.0,delivered
ORD0321590,2025-12-20 19:50:00,DS05,3,98.94,74.58,20,30.1,delivered
ORD0321828,2025-12-24 18:56:00,DS05,4,99.21,74.46,20,19.3,delivered
ORD0321870,2025-12-25 11:31:00,DS05,2,21.86,16.9,20,16.2,delivered
ORD0322016,2025-12-26 19:03:00,DS05,4,166.32,121.46,20,20.5,delivered
ORD0322052,2025-12-27 08:16:00,DS05,1,31.57,24.71,20,25.7,delivered
ORD0322365,2025-12-31 19:43:00,DS05,1,32.55,24.41,20,7.6,delivered
ORD0322401,2026-01-01 13:20:00,DS05,2,42.62,26.5,20,,delivered
ORD0324080,2026-01-23 10:51:00,DS05,1,71.05,55.53,20,9.7,delivered
ORD0324133,2026-01-24 13:12:00,DS05,1,32.42,22.16,20,11.4,delivered
ORD0324137,2026-01-24 18:00:00,DS05,3,130.75,90.82,20,20.8,delivered
ORD0324183,2026-01-24 15:37:00,DS05,12,343.7,248.38,20,22.1,delivered
ORD0324604,2026-01-30 19:49:00,DS05,4,94.8,67.48,20,19.1,delivered
ORD0324982,2026-02-04 17:59:00,DS05,3,101.07,71.9,20,36.4,cancelled_customer
ORD0325003,2026-02-04 17:04:00,DS05,5,88.53,62.6,20,12.2,delivered
ORD0325117,2026-02-06 21:31:00,DS05,1,15.62,11.52,20,12.9,delivered
ORD0325244,2026-02-07 19:53:00,DS05,1,56.41,42.5,20,24.3,delivered
ORD0325850,2026-02-15 21:19:00,DS05,1,35.96,25.73,20,27.3,delivered
ORD0326099,2026-02-18 01:46:00,DS05,15,479.46,348.67,20,15.2,delivered
ORD0326340,2026-02-20 19:27:00,DS05,3,114.47,81.1,20,17.3,delivered
ORD0326448,2026-02-21 20:09:00,DS05,3,40.47,28.73,20,22.8,delivered
ORD0326790,2026-02-25 00:51:00,DS05,5,117.49,81.77,20,21.3,delivered
ORD0327871,2026-03-07 12:17:00,DS05,3,132.73,92.22,20,29.0,delivered
ORD0328098,2026-03-09 16:15:00,DS05,1,13.39,9.44,20,21.8,delivered
ORD0328104,2026-03-09 22:12:00,DS05,6,88.74,67.19,20,24.8,delivered
ORD0328112,2026-03-09 21:51:00,DS05,12,278.2,201.24,20,25.6,delivered
ORD0328380,2026-03-12 20:02:00,DS05,1,35.96,25.73,20,17.4,delivered
ORD0328922,2026-03-16 21:25:00,DS05,4,108.23,81.37,20,15.4,delivered
ORD0329369,2026-03-20 22:25:00,DS05,5,87.32,64.7,20,8.9,delivered
ORD0329885,2026-03-26 23:58:00,DS05,1,27.56,19.75,20,33.1,delivered
ORD0329984,2026-03-27 19:36:00,DS05,3,55.18,42.76,20,31.1,delivered
ORD0330329,2026-04-01 19:30:00,DS05,2,49.05,35.02,20,19.4,delivered
ORD0330395,2026-04-02 19:48:00,DS05,2,32.39,24.13,20,17.4,delivered
ORD0330692,2026-04-04 11:06:00,DS05,2,50.38,37.28,20,15.7,delivered
ORD0330946,2026-04-08 12:08:00,DS05,1,25.64,18.93,20,8.1,delivered
ORD0331485,2026-04-14 12:44:00,DS05,1,17.61,11.53,20,30.8,cancelled_customer
ORD0331536,2026-04-14 12:27:00,DS05,1,71.05,55.53,20,29.7,delivered
ORD0331699,2026-04-16 13:40:00,DS05,3,88.44,62.48,20,10.2,delivered
ORD0332344,2026-04-24 17:00:00,DS05,1,20.54,13.38,20,18.8,delivered
ORD0332817,2026-04-29 12:55:00,DS05,4,61.35,43.34,20,10.0,delivered
ORD0333312,2026-05-05 21:52:00,DS05,2,34.55,25.41,20,22.9,delivered
ORD0333314,2026-05-05 15:51:00,DS05,5,208.25,159.16,20,32.7,delivered
ORD0333427,2026-05-06 18:08:00,DS05,1,25.5,20.07,20,29.2,delivered
ORD0333510,2026-05-07 20:21:00,DS05,3,38.78,27.97,20,13.3,delivered
ORD0333580,2026-05-08 17:24:00,DS05,1,35.96,25.73,20,20.5,delivered
ORD0333691,2026-05-09 13:40:00,DS05,2,30.2,23.72,20,27.8,delivered
ORD0333741,2026-05-09 22:53:00,DS05,1,9.34,6.97,20,28.9,delivered
ORD0333904,2026-05-11 17:58:00,DS05,2,16.99,12.75,20,20.5,delivered
ORD0334138,2026-05-14 17:30:00,DS05,1,18.54,13.19,20,8.6,delivered
ORD0334334,2026-05-16 20:11:00,DS05,1,19.13,14.64,20,19.8,cancelled_customer
ORD0334371,2026-05-16 07:04:00,DS05,2,28.27,21.21,20,12.5,delivered
ORD0334440,2026-05-17 09:51:00,DS05,3,106.26,80.59,20,15.4,delivered
ORD0335071,2026-05-24 19:20:00,DS05,5,144.94,94.3,20,10.8,delivered
ORD0335411,2026-05-28 21:51:00,DS05,1,22.7,16.38,20,27.4,delivered
ORD0335739,2026-05-31 16:54:00,DS05,4,126.52,91.47,20,14.7,delivered
ORD0336480,2026-06-08 18:33:00,DS05,1,4.78,3.36,20,,delivered
ORD0336523,2026-06-08 12:03:00,DS05,2,87.64,66.82,20,10.4,delivered
ORD0336747,2026-06-11 14:35:00,DS05,7,126.55,92.09,20,12.0,delivered
ORD0336918,2026-06-12 21:53:00,DS05,1,19.13,14.64,20,30.3,delivered
ORD0337437,2026-06-18 19:52:00,DS05,1,7.24,5.7,20,15.7,delivered
ORD0337477,2026-06-19 12:49:00,DS05,2,24.97,16.37,20,28.6,delivered
ORD0337674,2026-06-20 19:58:00,DS05,2,37.64,27.97,20,24.2,delivered
ORD0337766,2026-06-21 07:48:00,DS05,2,25.06,14.49,20,14.2,delivered
ORD0337770,2026-06-21 10:06:00,DS05,2,124.39,85.17,20,18.5,delivered
ORD0337787,2026-06-21 18:15:00,DS05,2,47.86,35.44,20,7.9,delivered
ORD0337930,2026-06-23 12:44:00,DS05,7,136.55,95.1,20,11.8,delivered
ORD0338196,2026-06-26 11:33:00,DS05,8,269.47,191.75,20,14.3,delivered
ORD0338274,2026-06-27 14:08:00,DS05,8,238.28,175.18,20,21.3,delivered
ORD0338278,2026-06-27 19:10:00,DS05,7,169.09,118.33,20,24.1,delivered
ORD0338716,2025-01-07 14:28:00,DS06,1,19.26,11.99,20,15.5,delivered
ORD0339054,2025-01-14 16:21:00,DS06,5,112.9,80.05,20,20.3,delivered
ORD0339277,2025-01-19 19:33:00,DS06,2,13.42,8.98,20,27.5,delivered
ORD0339577,2025-01-25 17:07:00,DS06,9,173.1,124.35,20,22.6,cancelled_customer
ORD0339684,2025-01-27 23:07:00,DS06,2,73.22,54.94,20,21.7,cancelled_customer
ORD0340556,2025-02-14 16:17:00,DS06,5,105.6,76.98,20,25.5,delivered
ORD0340934,2025-02-22 17:25:00,DS06,3,37.27,28.38,20,17.6,delivered
ORD0341030,2025-02-24 17:06:00,DS06,4,100.83,65.45,20,13.9,cancelled_customer
ORD0341498,2025-03-04 22:34:00,DS06,5,136.63,102.39,20,27.6,delivered
ORD0341565,2025-03-05 22:16:00,DS06,2,45.14,31.92,20,16.9,delivered
ORD0342006,2025-03-12 08:59:00,DS06,6,157.0,113.89,20,17.4,delivered
ORD0342022,2025-03-12 20:56:00,DS06,7,206.51,149.21,20,28.8,delivered
ORD0342128,2025-03-14 17:30:00,DS06,4,57.42,41.95,20,20.1,delivered
ORD0342192,2025-03-14 21:44:00,DS06,5,81.67,56.44,20,31.0,delivered
ORD0342748,2025-03-22 00:10:00,DS06,12,349.21,253.46,20,13.3,delivered
ORD0342834,2025-03-23 20:14:00,DS06,2,66.01,46.75,20,16.5,delivered
ORD0342933,2025-03-25 19:46:00,DS06,3,83.74,61.54,20,17.4,delivered
ORD0343163,2025-03-28 07:09:00,DS06,8,161.85,113.23,20,19.1,delivered
ORD0343252,2025-03-29 20:27:00,DS06,2,81.11,58.07,20,26.9,delivered
ORD0343414,2025-04-01 07:46:00,DS06,1,20.86,16.75,20,17.7,delivered
ORD0343667,2025-04-05 12:02:00,DS06,3,91.27,63.36,20,13.3,delivered
ORD0343696,2025-04-05 18:46:00,DS06,3,52.68,34.9,20,19.2,cancelled_customer
ORD0344018,2025-04-12 06:06:00,DS06,1,20.31,14.05,20,12.7,delivered
ORD0344228,2025-04-16 14:27:00,DS06,1,13.42,9.59,20,34.0,delivered
ORD0344648,2025-04-23 13:41:00,DS06,7,218.85,156.69,20,11.1,delivered
ORD0344850,2025-04-26 18:33:00,DS06,2,41.46,31.2,20,17.9,delivered
ORD0344971,2025-04-29 11:37:00,DS06,2,28.19,19.16,20,20.7,delivered
ORD0345249,2025-05-03 19:30:00,DS06,2,84.16,60.49,20,31.1,delivered
ORD0345545,2025-05-09 20:32:00,DS06,2,93.16,65.72,20,21.2,delivered
ORD0345772,2025-05-13 15:49:00,DS06,2,58.23,40.87,20,16.2,delivered
ORD0345946,2025-05-16 21:13:00,DS06,3,101.02,72.29,20,19.3,delivered
ORD0346660,2025-05-27 20:21:00,DS06,1,12.53,9.59,20,13.0,delivered
ORD0346931,2025-05-31 07:02:00,DS06,1,24.71,18.9,20,21.0,delivered
ORD0346983,2025-06-01 21:36:00,DS06,3,47.85,34.22,20,16.3,delivered
ORD0347116,2025-06-04 20:53:00,DS06,4,87.53,62.07,20,23.8,delivered
ORD0347217,2025-06-06 07:54:00,DS06,1,4.96,3.22,20,13.0,cancelled_customer
ORD0347500,2025-06-10 16:06:00,DS06,2,50.76,38.51,20,25.5,delivered
ORD0348322,2025-06-23 02:30:00,DS06,1,56.41,42.5,20,17.6,delivered
ORD0348432,2025-06-25 20:29:00,DS06,3,49.4,33.11,20,23.8,delivered
ORD0348756,2025-06-30 18:44:00,DS06,6,131.59,90.77,20,24.6,delivered
ORD0348940,2025-07-03 10:20:00,DS06,1,19.13,14.64,20,28.5,delivered
ORD0349115,2025-07-06 18:53:00,DS06,3,69.13,49.08,20,25.0,delivered
ORD0349160,2025-07-06 17:46:00,DS06,1,9.17,7.18,20,14.3,delivered
ORD0349269,2025-07-08 14:49:00,DS06,11,275.6,190.31,20,18.2,delivered
ORD0349325,2025-07-09 13:30:00,DS06,1,20.54,13.38,20,20.0,delivered
ORD0349797,2025-07-17 15:11:00,DS06,2,22.32,14.86,20,15.7,cancelled_customer
ORD0350527,2025-07-28 20:31:00,DS06,1,3.24,2.19,20,15.9,delivered
ORD0350824,2025-08-02 22:32:00,DS06,2,41.7,31.04,20,21.0,delivered
ORD0351073,2025-08-05 20:03:00,DS06,3,121.98,91.9,20,19.3,delivered
ORD0351422,2025-08-11 10:13:00,DS06,1,71.05,55.53,20,23.0,delivered
ORD0351985,2025-08-20 08:52:00,DS06,2,50.34,34.5,20,10.5,delivered
ORD0352432,2025-08-26 15:07:00,DS06,3,29.83,21.18,20,18.1,cancelled_customer
ORD0352528,2025-08-28 14:47:00,DS06,7,200.95,148.57,20,21.5,delivered
ORD0352593,2025-08-29 17:58:00,DS06,6,221.62,160.29,20,18.4,delivered
ORD0352598,2025-08-29 23:47:00,DS06,1,72.8,56.35,20,24.4,delivered
ORD0352858,2025-09-02 20:25:00,DS06,1,15.62,11.52,20,30.7,delivered
ORD0352915,2025-09-03 10:40:00,DS06,3,46.07,33.42,20,14.2,delivered
ORD0353039,2025-09-05 21:05:00,DS06,1,19.97,14.33,20,17.8,delivered
ORD0353610,2025-09-14 20:59:00,DS06,2,30.46,23.29,20,34.4,delivered
ORD0353808,2025-09-17 11:46:00,DS06,2,37.88,26.48,20,17.7,delivered
ORD0353881,2025-09-18 13:00:00,DS06,1,13.42,9.59,20,15.0,delivered
ORD0354019,2025-09-20 15:15:00,DS06,2,37.26,25.52,20,13.9,delivered
ORD0354667,2025-10-01 21:36:00,DS06,1,15.63,9.4,20,15.5,delivered
ORD0354796,2025-10-03 21:39:00,DS06,2,54.65,40.26,20,18.6,delivered
ORD0354835,2025-10-04 10:06:00,DS06,8,194.69,142.39,20,15.8,delivered
ORD0354848,2025-10-04 14:42:00,DS06,2,69.2,47.95,20,16.7,delivered
ORD0355135,2025-10-09 12:48:00,DS06,3,67.75,48.12,20,18.6,delivered
ORD0355161,2025-10-09 11:22:00,DS06,1,14.84,10.47,20,30.7,delivered
ORD0355201,2025-10-10 12:51:00,DS06,3,53.81,41.56,20,26.6,delivered
ORD0355209,2025-10-10 18:48:00,DS06,3,73.62,56.45,20,13.6,delivered
ORD0355392,2025-10-13 19:47:00,DS06,1,9.34,6.97,20,34.4,delivered
ORD0355407,2025-10-13 08:53:00,DS06,2,27.88,20.16,20,25.7,delivered
ORD0356034,2025-10-24 14:12:00,DS06,1,20.31,14.05,20,18.7,delivered
ORD0356647,2025-11-03 19:01:00,DS06,5,129.23,94.85,20,13.2,delivered
ORD0356933,2025-11-08 20:31:00,DS06,1,17.72,12.83,20,12.3,delivered
ORD0357159,2025-11-12 10:58:00,DS06,2,68.93,52.43,20,28.0,delivered
ORD0357388,2025-11-16 08:23:00,DS06,1,4.96,3.22,20,14.8,delivered
ORD0357638,2025-11-21 14:58:00,DS06,4,108.62,81.98,20,21.5,delivered
ORD0358025,2025-11-27 17:34:00,DS06,3,88.8,66.31,20,18.8,delivered
ORD0358047,2025-11-28 10:50:00,DS06,2,25.05,19.52,20,20.4,delivered
ORD0358298,2025-12-02 19:56:00,DS06,12,331.07,247.57,20,18.1,delivered
ORD0358662,2025-12-08 22:19:00,DS06,6,199.56,141.63,20,10.3,delivered
ORD0358818,2025-12-11 21:03:00,DS06,2,38.99,25.76,20,36.9,delivered
ORD0358924,2025-12-13 20:07:00,DS06,2,58.06,41.08,20,5.9,delivered
ORD0359101,2025-12-17 20:34:00,DS06,1,13.42,9.59,20,12.1,delivered
ORD0359161,2025-12-18 12:11:00,DS06,1,10.8,6.97,20,33.0,delivered
ORD0359645,2025-12-26 11:22:00,DS06,2,22.1,14.93,20,16.8,delivered
ORD0359913,2025-12-30 19:04:00,DS06,1,9.15,6.63,20,22.8,delivered
ORD0359954,2025-12-31 22:45:00,DS06,3,110.35,80.95,20,21.4,delivered
ORD0360443,2026-01-09 17:06:00,DS06,1,14.84,10.47,20,14.8,delivered
ORD0360985,2026-01-18 18:19:00,DS06,2,31.06,21.88,20,30.6,delivered
ORD0361351,2026-01-24 21:58:00,DS06,5,111.08,75.48,20,17.3,delivered
ORD0361707,2026-01-31 19:21:00,DS06,1,20.86,16.75,20,27.9,delivered
ORD0361885,2026-02-03 16:11:00,DS06,5,227.04,168.92,20,20.0,delivered
ORD0362093,2026-02-06 21:36:00,DS06,1,15.62,11.52,20,29.8,delivered
ORD0362234,2026-02-09 09:09:00,DS06,5,95.07,67.29,20,18.0,delivered
ORD0362276,2026-02-09 13:46:00,DS06,3,43.43,32.26,20,21.3,delivered
ORD0362302,2026-02-10 12:34:00,DS06,3,58.21,39.08,20,18.6,delivered
ORD0362442,2026-02-12 10:01:00,DS06,4,83.19,57.83,20,29.3,delivered
ORD0362486,2026-02-13 07:55:00,DS06,6,143.92,106.51,20,26.2,delivered
ORD0362487,2026-02-13 09:57:00,DS06,2,23.75,15.69,20,16.8,delivered
ORD0362821,2026-02-18 08:00:00,DS06,3,132.08,96.28,20,17.7,delivered
ORD0363069,2026-02-21 01:36:00,DS06,5,149.01,103.4,20,14.5,delivered
ORD0363098,2026-02-21 18:14:00,DS06,6,204.24,154.49,20,13.0,delivered
ORD0363220,2026-02-23 20:14:00,DS06,6,131.38,90.72,20,32.1,delivered
ORD0363248,2026-02-24 19:14:00,DS06,6,123.02,87.96,20,29.7,cancelled_customer
ORD0363742,2026-03-01 23:11:00,DS06,11,317.37,223.04,20,28.3,delivered
ORD0364515,2026-03-11 22:58:00,DS06,1,25.64,18.93,20,10.1,cancelled_customer
ORD0364534,2026-03-11 20:44:00,DS06,9,278.69,207.87,20,10.2,delivered
ORD0365554,2026-03-23 11:20:00,DS06,3,66.04,47.9,20,26.8,delivered
ORD0365889,2026-03-28 13:18:00,DS06,3,102.53,78.72,20,32.7,delivered
ORD0366287,2026-04-04 09:07:00,DS06,2,78.04,45.21,20,20.3,delivered
ORD0366387,2026-04-05 20:54:00,DS06,1,19.13,14.64,20,32.8,delivered
ORD0366663,2026-04-10 08:16:00,DS06,4,123.21,84.72,20,15.4,delivered
ORD0366704,2026-04-10 09:09:00,DS06,2,16.52,11.5,20,15.1,delivered
ORD0367114,2026-04-16 23:33:00,DS06,1,5.09,3.56,20,32.1,delivered
ORD0367120,2026-04-17 09:57:00,DS06,1,21.67,13.81,20,14.9,delivered
ORD0367539,2026-04-23 18:52:00,DS06,3,106.59,66.86,20,13.3,delivered
ORD0367658,2026-04-24 23:48:00,DS06,7,190.81,132.26,20,19.5,delivered
ORD0367795,2026-04-26 11:58:00,DS06,4,93.03,64.32,20,34.1,delivered
ORD0367923,2026-04-29 09:37:00,DS06,3,80.28,59.64,20,14.3,delivered
ORD0368175,2026-05-02 00:35:00,DS06,7,184.64,135.29,20,12.3,delivered
ORD0368316,2026-05-04 12:59:00,DS06,2,21.67,16.56,20,17.1,delivered
ORD0368365,2026-05-05 18:22:00,DS06,1,19.13,14.64,20,15.9,delivered
ORD0368421,2026-05-06 08:42:00,DS06,1,4.0,3.14,20,18.2,delivered
ORD0368814,2026-05-12 11:01:00,DS06,7,247.57,176.26,20,21.0,delivered
ORD0368906,2026-05-13 13:54:00,DS06,4,105.28,76.03,20,51.1,delivered
ORD0369051,2026-05-15 15:55:00,DS06,4,87.15,58.59,20,33.2,delivered
ORD0369098,2026-05-16 13:43:00,DS06,3,54.88,37.01,20,25.1,delivered
ORD0369241,2026-05-18 21:32:00,DS06,3,120.17,89.1,20,24.2,delivered
ORD0369384,2026-05-20 08:43:00,DS06,4,54.63,37.32,20,19.2,delivered
ORD0369815,2026-05-26 09:42:00,DS06,1,25.15,20.09,20,21.7,delivered
ORD0369997,2026-05-28 12:29:00,DS06,3,131.79,98.47,20,14.1,delivered
ORD0370149,2026-05-30 20:32:00,DS06,3,71.9,50.39,20,37.6,delivered
ORD0370179,2026-05-31 10:55:00,DS06,2,13.26,9.5,20,20.6,delivered
ORD0370763,2026-06-08 20:43:00,DS06,10,238.87,170.12,20,26.5,delivered
ORD0371010,2026-06-12 08:40:00,DS06,2,42.77,29.85,20,29.6,delivered
ORD0371105,2026-06-13 20:21:00,DS06,2,9.26,7.01,20,24.3,delivered
ORD0371822,2026-06-23 15:59:00,DS06,4,78.72,55.35,20,14.4,delivered
ORD0371882,2026-06-24 00:22:00,DS06,3,37.11,24.94,20,26.9,delivered
ORD0372541,2025-01-06 12:14:00,DS07,6,124.33,91.71,20,18.9,delivered
ORD0372959,2025-01-11 09:39:00,DS07,3,52.2,37.61,20,26.3,delivered
ORD0373028,2025-01-11 18:53:00,DS07,1,9.15,6.63,20,21.5,delivered
ORD0373296,2025-01-15 17:35:00,DS07,4,100.34,70.16,20,36.6,cancelled_customer
ORD0373345,2025-01-15 11:49:00,DS07,2,61.37,36.52,20,32.0,delivered
ORD0373861,2025-01-20 11:14:00,DS07,2,32.36,22.4,20,18.9,delivered
ORD0374156,2025-01-24 13:18:00,DS07,2,31.78,22.3,20,28.3,delivered
ORD0374323,2025-01-25 18:51:00,DS07,7,179.57,135.18,20,37.6,delivered
ORD0374388,2025-01-26 19:31:00,DS07,7,195.28,138.96,20,31.2,delivered
ORD0375080,2025-02-02 13:25:00,DS07,1,54.08,38.92,20,47.1,delivered
ORD0375711,2025-02-08 15:16:00,DS07,8,142.24,101.03,20,31.7,delivered
ORD0375827,2025-02-09 15:09:00,DS07,1,23.79,18.78,20,36.6,delivered
ORD0375942,2025-02-11 12:16:00,DS07,2,20.67,15.57,20,19.1,delivered
ORD0376051,2025-02-12 21:03:00,DS07,2,37.29,26.41,20,32.0,delivered
ORD0376311,2025-02-14 14:05:00,DS07,2,67.75,50.05,20,18.7,delivered
ORD0376394,2025-02-15 17:30:00,DS07,1,24.74,18.35,20,25.5,delivered
ORD0376510,2025-02-16 22:06:00,DS07,1,4.96,3.22,20,19.1,delivered
ORD0376514,2025-02-16 23:16:00,DS07,2,31.32,24.1,20,39.5,delivered
ORD0376717,2025-02-19 13:06:00,DS07,1,7.24,5.7,20,25.8,delivered
ORD0377186,2025-02-23 11:38:00,DS07,2,119.89,92.21,20,33.0,delivered
ORD0377567,2025-02-27 18:02:00,DS07,3,43.98,32.36,20,59.9,delivered
ORD0377784,2025-03-01 21:35:00,DS07,3,43.9,32.79,20,29.5,delivered
ORD0377786,2025-03-01 17:20:00,DS07,2,29.69,20.01,20,25.1,delivered
ORD0378254,2025-03-05 13:17:00,DS07,4,86.79,63.52,20,32.2,delivered
ORD0378861,2025-03-09 23:57:00,DS07,4,102.42,68.69,20,16.0,delivered
ORD0378996,2025-03-10 19:38:00,DS07,2,40.72,31.34,20,37.4,delivered
ORD0379155,2025-03-11 16:23:00,DS07,3,93.68,70.44,20,23.1,delivered
ORD0379177,2025-03-12 16:25:00,DS07,5,130.44,99.06,20,31.1,delivered
ORD0379435,2025-03-14 17:19:00,DS07,5,121.83,93.58,20,34.8,delivered
ORD0379604,2025-03-14 22:40:00,DS07,1,3.24,2.19,20,15.2,delivered
ORD0380452,2025-03-21 17:20:00,DS07,3,37.02,24.35,20,43.4,delivered
ORD0380994,2025-03-24 20:49:00,DS07,1,32.55,24.41,20,34.2,delivered
ORD0381280,2025-03-27 11:33:00,DS07,1,3.24,2.19,20,24.2,delivered
ORD0381573,2025-03-28 12:08:00,DS07,2,18.64,14.58,20,27.5,delivered
ORD0381667,2025-03-29 19:32:00,DS07,2,27.14,20.56,20,44.0,delivered
ORD0381884,2025-03-30 11:03:00,DS07,3,147.75,112.04,20,19.0,delivered
ORD0381925,2025-03-30 12:02:00,DS07,1,19.38,13.83,20,24.9,delivered
ORD0382015,2025-03-31 12:48:00,DS07,3,120.68,88.83,20,26.8,delivered
ORD0382023,2025-03-31 21:14:00,DS07,5,248.42,187.57,20,56.1,delivered
ORD0382445,2025-04-04 00:29:00,DS07,2,33.91,25.53,20,42.4,delivered
ORD0382933,2025-04-09 10:20:00,DS07,2,40.89,30.25,20,32.5,delivered
ORD0382952,2025-04-09 09:04:00,DS07,2,89.59,68.72,20,23.6,cancelled_customer
ORD0383314,2025-04-12 08:16:00,DS07,3,52.65,38.33,20,21.6,delivered
ORD0383349,2025-04-12 11:54:00,DS07,1,31.95,24.92,20,24.0,delivered
ORD0383402,2025-04-12 01:49:00,DS07,8,163.07,117.19,20,25.6,delivered
ORD0383613,2025-04-14 11:32:00,DS07,6,140.89,103.76,20,28.3,delivered
ORD0383753,2025-04-16 16:37:00,DS07,2,29.31,21.3,20,27.1,delivered
ORD0384208,2025-04-19 05:16:00,DS07,7,140.8,101.16,20,37.2,delivered
ORD0384522,2025-04-23 19:18:00,DS07,7,170.63,122.51,20,28.6,delivered
ORD0384550,2025-04-23 19:50:00,DS07,3,44.22,31.08,20,32.6,delivered
ORD0384916,2025-04-26 08:42:00,DS07,4,49.4,34.13,20,28.4,delivered
ORD0384935,2025-04-26 18:20:00,DS07,9,259.24,193.03,20,31.7,delivered
ORD0385238,2025-04-29 16:32:00,DS07,4,95.9,72.28,20,38.7,delivered
ORD0385577,2025-05-02 20:12:00,DS07,2,29.69,20.01,20,37.4,delivered
ORD0385675,2025-05-03 06:32:00,DS07,4,77.74,57.55,20,33.3,delivered
ORD0385693,2025-05-03 17:48:00,DS07,2,48.85,33.02,20,25.9,delivered
ORD0385694,2025-05-03 18:59:00,DS07,2,27.69,19.82,20,37.2,delivered
ORD0386002,2025-05-06 08:42:00,DS07,2,33.96,22.97,20,26.5,delivered
ORD0387005,2025-05-14 17:09:00,DS07,1,55.01,37.74,20,33.2,delivered
ORD0387172,2025-05-16 18:23:00,DS07,1,28.76,22.04,20,18.4,delivered
ORD0387173,2025-05-16 16:22:00,DS07,2,27.39,19.97,20,25.0,delivered
ORD0387174,2025-05-16 14:36:00,DS07,12,279.76,208.01,20,40.8,delivered
ORD0387198,2025-05-16 13:12:00,DS07,3,82.66,60.29,20,43.6,delivered
ORD0387404,2025-05-17 19:06:00,DS07,7,148.02,106.64,20,43.7,delivered
ORD0387867,2025-05-22 14:39:00,DS07,1,12.53,9.59,20,38.8,delivered
ORD0387893,2025-05-22 14:55:00,DS07,3,58.09,41.45,20,26.9,delivered
ORD0388165,2025-05-24 19:46:00,DS07,1,12.52,9.93,20,37.5,delivered
ORD0388242,2025-05-24 20:40:00,DS07,2,50.2,37.43,20,33.9,cancelled_customer
ORD0388744,2025-05-29 20:21:00,DS07,4,121.38,87.01,20,30.6,delivered
ORD0389362,2025-06-03 16:16:00,DS07,7,158.96,113.7,20,30.0,delivered
ORD0389572,2025-06-05 11:23:00,DS07,4,102.78,76.81,20,27.2,delivered
ORD0389975,2025-06-08 10:03:00,DS07,4,74.11,55.39,20,33.7,delivered
ORD0390700,2025-06-14 19:06:00,DS07,1,25.15,20.09,20,50.5,delivered
ORD0390799,2025-06-14 18:07:00,DS07,2,55.11,38.97,20,39.1,delivered
ORD0390850,2025-06-15 21:48:00,DS07,1,31.57,24.71,20,38.7,delivered
ORD0390890,2025-06-15 17:17:00,DS07,2,25.04,19.86,20,31.3,delivered
ORD0391213,2025-06-18 16:02:00,DS07,6,171.41,127.01,20,14.1,delivered
ORD0392001,2025-06-25 13:16:00,DS07,1,25.64,18.93,20,22.6,cancelled_customer
ORD0392027,2025-06-25 17:15:00,DS07,2,68.94,52.09,20,23.1,delivered
ORD0392113,2025-06-25 14:30:00,DS07,3,24.27,18.01,20,19.5,delivered
ORD0392282,2025-06-27 20:56:00,DS07,3,54.0,39.32,20,48.1,delivered
ORD0392602,2025-06-29 13:28:00,DS07,1,18.24,13.34,20,24.3,delivered
ORD0392616,2025-06-29 09:43:00,DS07,10,205.33,150.59,20,30.0,delivered
ORD0392626,2025-06-29 21:07:00,DS07,1,36.57,25.78,20,20.5,delivered
ORD0392775,2025-07-01 09:47:00,DS07,2,32.55,24.23,20,29.8,delivered
ORD0392989,2025-07-02 14:41:00,DS07,1,18.54,13.19,20,15.3,delivered
ORD0393591,2025-07-07 18:41:00,DS07,2,41.7,31.04,20,43.0,delivered
ORD0393682,2025-07-08 21:28:00,DS07,6,102.49,75.52,20,38.5,delivered
ORD0393930,2025-07-10 07:14:00,DS07,3,62.91,46.87,20,25.4,delivered
ORD0393961,2025-07-10 19:52:00,DS07,1,25.64,18.93,20,19.1,delivered
ORD0394205,2025-07-12 16:06:00,DS07,7,161.36,114.7,20,17.7,delivered
ORD0394434,2025-07-14 18:34:00,DS07,5,150.86,111.38,20,78.1,delivered
ORD0394738,2025-07-16 13:59:00,DS07,3,95.03,64.73,20,22.9,delivered
ORD0394922,2025-07-18 10:15:00,DS07,3,57.33,44.32,20,25.9,delivered
ORD0395326,2025-07-21 18:12:00,DS07,7,183.52,130.33,20,34.6,cancelled_customer
ORD0395568,2025-07-23 16:13:00,DS07,2,21.3,14.16,20,34.7,delivered
ORD0396671,2025-08-01 20:51:00,DS07,3,45.28,32.1,20,30.4,delivered
ORD0397701,2025-08-08 11:47:00,DS07,4,101.87,74.86,20,34.6,delivered
ORD0397793,2025-08-09 18:49:00,DS07,1,4.96,3.22,20,34.6,delivered
ORD0398413,2025-08-15 18:50:00,DS07,10,270.84,192.86,20,30.8,delivered
ORD0398850,2025-08-18 10:14:00,DS07,1,19.13,14.64,20,26.4,delivered
ORD0399014,2025-08-19 17:43:00,DS07,2,59.27,41.01,20,45.9,delivered
ORD0399389,2025-08-22 18:05:00,DS07,3,112.66,80.63,20,54.5,cancelled_customer
ORD0399463,2025-08-23 13:44:00,DS07,1,18.54,13.19,20,34.1,delivered
ORD0399693,2025-08-24 13:29:00,DS07,3,74.12,54.59,20,57.9,delivered
ORD0399787,2025-08-25 18:35:00,DS07,11,240.45,172.96,20,43.1,delivered
ORD0400136,2025-08-28 15:20:00,DS07,1,36.32,23.43,20,55.7,delivered
ORD0400522,2025-08-31 13:20:00,DS07,4,96.77,70.21,20,30.3,delivered
ORD0400540,2025-08-31 08:56:00,DS07,2,38.26,29.28,20,24.0,cancelled_customer
ORD0400636,2025-09-01 12:00:00,DS07,3,51.28,36.3,20,39.1,delivered
ORD0400848,2025-09-03 13:48:00,DS07,1,20.69,15.7,20,23.9,delivered
ORD0401231,2025-09-06 12:48:00,DS07,5,118.81,83.79,20,21.8,delivered
ORD0401262,2025-09-06 15:05:00,DS07,2,32.75,22.34,20,21.3,delivered
ORD0401655,2025-09-09 20:51:00,DS07,2,90.18,70.17,20,29.9,delivered
ORD0401736,2025-09-10 20:09:00,DS07,2,60.04,44.27,20,34.1,cancelled_customer
ORD0402264,2025-09-14 16:14:00,DS07,9,288.61,210.68,20,39.6,delivered
ORD0402459,2025-09-15 20:15:00,DS07,4,82.98,61.11,20,41.7,delivered
ORD0402785,2025-09-18 12:28:00,DS07,3,111.88,82.92,20,24.3,delivered
ORD0403390,2025-09-23 18:00:00,DS07,2,49.86,35.65,20,22.2,delivered
ORD0403637,2025-09-25 14:18:00,DS07,2,36.61,27.0,20,22.2,delivered
ORD0403663,2025-09-25 11:58:00,DS07,1,9.32,7.29,20,16.0,delivered
ORD0404758,2025-10-04 15:45:00,DS07,3,69.59,50.71,20,30.0,delivered
ORD0404998,2025-10-06 15:54:00,DS07,3,97.65,70.39,20,37.2,delivered
ORD0405736,2025-10-12 19:08:00,DS07,1,24.74,18.35,20,13.5,delivered
ORD0405887,2025-10-14 05:55:00,DS07,4,57.02,41.71,20,29.8,delivered
ORD0406039,2025-10-15 19:06:00,DS07,2,42.14,29.33,20,32.2,delivered
ORD0406318,2025-10-17 17:07:00,DS07,2,38.17,28.52,20,18.5,delivered
ORD0406431,2025-10-18 22:09:00,DS07,4,81.82,61.79,20,25.2,delivered
ORD0406683,2025-10-20 20:27:00,DS07,2,56.33,39.44,20,39.8,delivered
ORD0407048,2025-10-24 11:19:00,DS07,3,41.22,29.95,20,47.0,delivered
ORD0407342,2025-10-26 18:21:00,DS07,4,103.5,77.89,20,38.3,delivered
ORD0407396,2025-10-26 16:10:00,DS07,1,9.34,6.97,20,38.1,cancelled_customer
ORD0407541,2025-10-28 14:56:00,DS07,6,106.21,72.85,20,37.4,delivered
ORD0407627,2025-10-29 20:59:00,DS07,9,207.83,151.52,20,39.2,delivered
ORD0407739,2025-10-30 17:59:00,DS07,1,14.84,10.47,20,15.7,delivered
ORD0407893,2025-10-31 19:13:00,DS07,7,169.76,123.54,20,21.4,delivered
ORD0408127,2025-11-02 21:15:00,DS07,4,69.69,45.86,20,34.5,cancelled_customer
ORD0408619,2025-11-06 08:48:00,DS07,2,81.15,60.85,20,21.5,delivered
ORD0408805,2025-11-08 16:39:00,DS07,2,66.94,40.52,20,21.6,delivered
ORD0408849,2025-11-08 19:09:00,DS07,5,178.37,136.6,20,31.7,delivered
ORD0408855,2025-11-08 13:21:00,DS07,5,110.53,77.92,20,29.8,delivered
ORD0409228,2025-11-12 12:10:00,DS07,3,47.27,36.19,20,35.2,delivered
ORD0409400,2025-11-13 20:36:00,DS07,3,36.0,24.26,20,45.8,delivered
ORD0409794,2025-11-16 15:38:00,DS07,4,91.49,65.56,20,38.0,delivered
ORD0409859,2025-11-17 15:17:00,DS07,8,141.65,102.82,20,18.8,delivered
ORD0409924,2025-11-18 09:28:00,DS07,2,47.89,36.68,20,29.3,cancelled_customer
ORD0410002,2025-11-19 20:47:00,DS07,2,41.87,31.7,20,27.3,delivered
ORD0410174,2025-11-20 22:52:00,DS07,2,34.55,25.41,20,29.6,delivered
ORD0410287,2025-11-21 12:28:00,DS07,3,39.06,29.55,20,19.0,delivered
ORD0410660,2025-11-24 08:31:00,DS07,2,28.97,21.3,20,50.6,cancelled_customer
ORD0411240,2025-11-29 07:24:00,DS07,6,121.06,83.64,20,13.9,delivered
ORD0411512,2025-12-02 09:10:00,DS07,2,27.69,19.82,20,25.0,delivered
ORD0411565,2025-12-02 13:38:00,DS07,1,18.54,13.19,20,25.1,delivered
ORD0412811,2025-12-13 19:32:00,DS07,3,49.3,36.36,20,33.7,delivered
ORD0412823,2025-12-13 10:26:00,DS07,4,76.1,58.53,20,23.2,delivered
ORD0412960,2025-12-14 02:38:00,DS07,3,81.05,61.41,20,33.7,delivered
ORD0413107,2025-12-16 09:48:00,DS07,1,15.74,11.62,20,29.2,delivered
ORD0413144,2025-12-16 20:33:00,DS07,1,19.38,13.83,20,29.6,delivered
ORD0413276,2025-12-17 17:14:00,DS07,1,11.65,7.48,20,25.3,delivered
ORD0413315,2025-12-18 19:39:00,DS07,1,11.16,7.43,20,14.1,delivered
ORD0413687,2025-12-20 20:46:00,DS07,2,81.91,62.57,20,23.7,delivered
ORD0413755,2025-12-21 11:17:00,DS07,1,27.56,19.75,20,17.0,delivered
ORD0413976,2025-12-23 23:04:00,DS07,1,12.53,9.59,20,36.0,delivered
ORD0414175,2025-12-25 20:50:00,DS07,6,219.89,159.66,20,20.9,delivered
ORD0414215,2025-12-26 22:01:00,DS07,3,130.43,90.54,20,43.2,delivered
ORD0414685,2025-12-30 12:43:00,DS07,3,61.28,45.62,20,39.1,delivered
ORD0414778,2025-12-31 21:44:00,DS07,1,13.82,9.21,20,37.8,delivered
ORD0414836,2025-12-31 10:49:00,DS07,1,9.32,7.29,20,30.6,delivered
ORD0415067,2026-01-02 16:27:00,DS07,2,53.73,38.88,20,19.8,delivered
ORD0415221,2026-01-03 21:26:00,DS07,2,40.34,30.54,20,27.6,delivered
ORD0415836,2026-01-09 08:04:00,DS07,6,131.89,94.64,20,49.5,delivered
ORD0416160,2026-01-12 10:25:00,DS07,4,120.34,90.75,20,35.7,delivered
ORD0416624,2026-01-16 14:05:00,DS07,1,3.24,2.19,20,18.1,delivered
ORD0416643,2026-01-16 11:17:00,DS07,6,113.14,79.88,20,28.0,delivered
ORD0417176,2026-01-21 22:48:00,DS07,1,28.76,22.04,20,16.0,delivered
ORD0417247,2026-01-22 16:14:00,DS07,3,37.23,26.69,20,23.5,delivered
ORD0417879,2026-01-27 15:05:00,DS07,5,240.83,183.99,20,52.5,delivered
ORD0417895,2026-01-28 06:31:00,DS07,1,14.55,11.41,20,31.2,delivered
ORD0417927,2026-01-28 17:51:00,DS07,4,110.71,78.59,20,28.1,delivered
ORD0417947,2026-01-28 23:50:00,DS07,5,100.17,71.28,20,50.4,cancelled_customer
ORD0418035,2026-01-29 22:21:00,DS07,1,3.91,2.77,20,26.9,delivered
ORD0418050,2026-01-29 09:59:00,DS07,3,48.64,35.45,20,25.9,delivered
ORD0418209,2026-01-30 15:00:00,DS07,3,88.68,67.51,20,28.4,delivered
ORD0418500,2026-02-02 13:57:00,DS07,2,21.52,14.3,20,28.7,delivered
ORD0418502,2026-02-02 10:12:00,DS07,5,144.55,110.92,20,18.7,cancelled_customer
ORD0418704,2026-02-04 19:47:00,DS07,3,31.02,23.19,20,20.9,delivered
ORD0419368,2026-02-09 13:37:00,DS07,2,119.1,89.5,20,28.9,delivered
ORD0419829,2026-02-13 10:45:00,DS07,6,161.76,120.38,20,12.9,delivered
ORD0420088,2026-02-15 15:21:00,DS07,1,23.38,18.51,20,33.3,delivered
ORD0420614,2026-02-20 22:39:00,DS07,1,40.43,28.89,20,39.8,delivered
ORD0420640,2026-02-20 20:28:00,DS07,4,134.27,99.56,20,30.5,cancelled_customer
ORD0420680,2026-02-20 19:46:00,DS07,2,48.28,34.23,20,37.8,delivered
ORD0420751,2026-02-20 14:09:00,DS07,7,158.74,115.0,20,47.2,cancelled_customer
ORD0421031,2026-02-22 01:19:00,DS07,1,40.37,27.82,20,46.7,delivered
ORD0421138,2026-02-22 06:46:00,DS07,3,96.96,73.34,20,47.3,delivered
ORD0421143,2026-02-22 22:35:00,DS07,3,71.03,53.81,20,41.7,delivered
ORD0421577,2026-02-25 08:03:00,DS07,1,15.63,9.4,20,32.6,delivered
ORD0421755,2026-02-26 23:48:00,DS07,1,11.16,7.43,20,22.7,delivered
ORD0421795,2026-02-27 22:26:00,DS07,2,51.94,37.92,20,48.9,delivered
ORD0423258,2026-03-07 11:37:00,DS07,4,108.9,78.79,20,24.4,delivered
ORD0423611,2026-03-09 06:42:00,DS07,2,50.79,39.02,20,33.9,delivered
ORD0423720,2026-03-10 19:02:00,DS07,4,117.16,82.46,20,37.8,delivered
ORD0423811,2026-03-11 23:55:00,DS07,2,16.55,11.3,20,32.1,delivered
ORD0424892,2026-03-17 17:53:00,DS07,7,233.84,173.62,20,24.0,delivered
ORD0425311,2026-03-20 08:42:00,DS07,2,38.76,25.36,20,40.7,delivered
ORD0425816,2026-03-23 15:21:00,DS07,3,111.09,83.81,20,19.4,delivered
ORD0425884,2026-03-23 15:24:00,DS07,6,198.52,145.77,20,37.9,delivered
ORD0425957,2026-03-24 20:42:00,DS07,6,178.55,126.82,20,49.4,delivered
ORD0426102,2026-03-25 20:11:00,DS07,1,20.54,13.38,20,29.4,delivered
ORD0426197,2026-03-26 19:07:00,DS07,2,41.51,29.54,20,56.4,delivered
ORD0426299,2026-03-27 21:18:00,DS07,1,17.61,11.53,20,23.5,delivered
ORD0426308,2026-03-27 14:05:00,DS07,2,68.55,50.31,20,26.3,delivered
ORD0426549,2026-03-29 10:32:00,DS07,1,9.15,6.63,20,16.3,cancelled_customer
ORD0426553,2026-03-29 13:35:00,DS07,4,174.98,132.03,20,33.9,delivered
ORD0426908,2026-04-01 21:49:00,DS07,1,71.05,55.53,20,21.2,delivered
ORD0426910,2026-04-01 11:31:00,DS07,2,28.6,18.96,20,29.4,delivered
ORD0427247,2026-04-03 21:45:00,DS07,7,215.76,162.76,20,34.1,delivered
ORD0427248,2026-04-03 09:35:00,DS07,4,66.22,44.66,20,30.4,delivered
ORD0427709,2026-04-07 13:57:00,DS07,6,125.48,93.12,20,43.6,delivered
ORD0427739,2026-04-07 16:07:00,DS07,3,57.05,40.22,20,28.0,delivered
ORD0427955,2026-04-09 17:37:00,DS07,4,155.59,119.51,20,49.4,delivered
ORD0427997,2026-04-09 09:13:00,DS07,1,17.72,12.83,20,17.3,delivered
ORD0428076,2026-04-10 18:05:00,DS07,9,165.07,121.39,20,23.2,delivered
ORD0428210,2026-04-11 18:03:00,DS07,4,60.58,44.83,20,31.5,delivered
ORD0429141,2026-04-18 12:45:00,DS07,1,2.6,1.94,20,65.5,delivered
ORD0429720,2026-04-23 16:47:00,DS07,6,125.13,87.14,20,37.0,cancelled_customer
ORD0430042,2026-04-25 16:19:00,DS07,1,61.98,37.3,20,28.7,delivered
ORD0430140,2026-04-26 20:03:00,DS07,5,166.65,122.03,20,47.3,delivered
ORD0430727,2026-04-30 14:50:00,DS07,3,139.0,105.11,20,27.4,delivered
ORD0431288,2026-05-04 15:55:00,DS07,2,36.8,26.36,20,36.6,delivered
ORD0431449,2026-05-06 20:03:00,DS07,4,63.26,46.13,20,46.8,delivered
ORD0431532,2026-05-07 09:43:00,DS07,3,47.0,36.97,20,33.4,delivered
ORD0431626,2026-05-07 15:55:00,DS07,2,52.33,37.7,20,20.9,delivered
ORD0431750,2026-05-08 19:41:00,DS07,1,20.93,13.18,20,30.0,delivered
ORD0431858,2026-05-09 16:01:00,DS07,1,25.5,20.07,20,31.1,delivered
ORD0432098,2026-05-10 13:12:00,DS07,2,28.24,20.87,20,24.9,delivered
ORD0432515,2026-05-14 14:07:00,DS07,2,44.71,31.56,20,16.5,delivered
ORD0433548,2026-05-22 08:10:00,DS07,5,119.21,88.14,20,40.7,delivered
ORD0433689,2026-05-23 21:54:00,DS07,3,92.88,71.16,20,36.3,delivered
ORD0433735,2026-05-23 12:20:00,DS07,5,125.57,88.38,20,33.2,delivered
ORD0433738,2026-05-23 19:39:00,DS07,5,61.2,41.33,20,37.2,delivered
ORD0433954,2026-05-24 11:32:00,DS07,7,200.58,152.31,20,55.1,delivered
ORD0434542,2026-05-29 19:16:00,DS07,7,171.14,125.75,20,34.3,delivered
ORD0434825,2026-05-31 14:55:00,DS07,6,105.0,75.22,20,24.5,delivered
ORD0435017,2026-06-01 01:18:00,DS07,6,136.64,100.38,20,37.7,cancelled_customer
ORD0435190,2026-06-03 09:41:00,DS07,4,139.72,98.16,20,23.4,delivered
ORD0435413,2026-06-04 18:05:00,DS07,4,63.92,47.65,20,35.2,delivered
ORD0435464,2026-06-05 22:35:00,DS07,4,135.26,93.89,20,26.7,cancelled_customer
ORD0435491,2026-06-05 09:17:00,DS07,6,177.77,133.06,20,25.9,delivered
ORD0435592,2026-06-05 19:14:00,DS07,2,28.11,21.8,20,41.6,delivered
ORD0435696,2026-06-06 17:58:00,DS07,1,7.42,5.4,20,19.4,delivered
ORD0435769,2026-06-06 17:12:00,DS07,5,139.24,103.32,20,23.9,delivered
ORD0436075,2026-06-09 12:31:00,DS07,5,145.15,99.13,20,33.2,delivered
ORD0436084,2026-06-09 20:00:00,DS07,2,48.68,35.17,20,30.9,cancelled_customer
ORD0436089,2026-06-09 19:52:00,DS07,2,89.59,68.72,20,32.8,delivered
ORD0436241,2026-06-10 17:50:00,DS07,1,56.07,40.74,20,29.5,delivered
ORD0436353,2026-06-11 07:57:00,DS07,4,86.16,62.97,20,24.3,delivered
ORD0436773,2026-06-13 19:31:00,DS07,3,117.55,91.21,20,29.2,delivered
ORD0437147,2026-06-16 18:50:00,DS07,3,91.3,64.27,20,31.5,delivered
ORD0437682,2026-06-20 16:43:00,DS07,1,18.24,13.34,20,25.5,cancelled_customer
ORD0437786,2026-06-20 10:47:00,DS07,2,77.04,52.87,20,31.6,delivered
ORD0437853,2026-06-21 22:06:00,DS07,6,115.87,82.42,20,40.0,delivered
ORD0437864,2026-06-21 21:51:00,DS07,5,76.19,53.61,20,19.7,delivered
ORD0438074,2026-06-22 19:42:00,DS07,2,24.49,19.35,20,25.6,delivered
ORD0438487,2026-06-25 18:09:00,DS07,7,226.54,160.29,20,23.3,delivered
ORD0438804,2026-06-27 18:00:00,DS07,6,202.29,141.23,20,31.4,delivered
ORD0438904,2026-06-28 21:39:00,DS07,6,143.1,105.89,20,37.5,delivered
ORD0439173,2026-06-30 10:16:00,DS07,7,199.43,142.38,20,19.5,delivered
ORD0439276,2025-01-03 19:28:00,DS08,5,78.87,57.97,20,30.3,delivered
ORD0439726,2025-01-12 14:51:00,DS08,6,132.43,94.82,20,23.8,delivered
ORD0439752,2025-01-13 23:07:00,DS08,6,159.97,119.58,20,39.0,delivered
ORD0439891,2025-01-15 19:47:00,DS08,1,10.33,6.1,20,32.8,delivered
ORD0440055,2025-01-18 22:13:00,DS08,2,42.14,29.33,20,28.4,delivered
ORD0440388,2025-01-23 15:23:00,DS08,5,155.23,110.69,20,22.3,delivered
ORD0441070,2025-02-02 11:44:00,DS08,2,38.51,28.47,20,10.6,delivered
ORD0441583,2025-02-10 17:12:00,DS08,4,124.56,83.52,20,25.0,delivered
ORD0441771,2025-02-14 10:43:00,DS08,1,28.09,19.95,20,26.7,delivered
ORD0441891,2025-02-15 10:30:00,DS08,1,18.54,13.19,20,11.6,delivered
ORD0442208,2025-02-20 12:03:00,DS08,1,25.15,20.09,20,20.0,delivered
ORD0442346,2025-02-22 03:47:00,DS08,9,240.17,172.33,20,9.4,delivered
ORD0442430,2025-02-23 21:30:00,DS08,4,107.53,74.45,20,27.1,delivered
ORD0442478,2025-02-24 22:03:00,DS08,3,137.39,103.02,20,18.9,cancelled_customer
ORD0442509,2025-02-25 15:34:00,DS08,1,35.71,24.75,20,15.2,delivered
ORD0442574,2025-02-26 21:42:00,DS08,1,35.96,25.73,20,18.0,delivered
ORD0442799,2025-03-01 09:00:00,DS08,2,30.5,22.41,20,16.9,delivered
ORD0443187,2025-03-06 05:46:00,DS08,4,49.88,37.23,20,13.6,delivered
ORD0443599,2025-03-10 11:48:00,DS08,11,222.48,161.71,20,20.0,delivered
ORD0443627,2025-03-10 20:01:00,DS08,4,73.35,54.46,20,22.0,delivered
ORD0443800,2025-03-12 00:30:00,DS08,2,77.72,50.32,20,14.3,delivered
ORD0443931,2025-03-14 05:16:00,DS08,1,19.13,14.64,20,16.7,delivered
ORD0444135,2025-03-15 23:05:00,DS08,2,62.51,36.82,20,13.0,delivered
ORD0444230,2025-03-16 21:51:00,DS08,2,27.41,20.52,20,27.6,delivered
ORD0444605,2025-03-21 20:03:00,DS08,8,202.16,133.84,20,22.7,delivered
ORD0444737,2025-03-22 22:40:00,DS08,1,12.52,9.93,20,28.3,delivered
ORD0444848,2025-03-23 17:02:00,DS08,2,16.43,12.7,20,35.3,cancelled_customer
ORD0444997,2025-03-25 17:51:00,DS08,1,35.96,25.73,20,20.3,delivered
ORD0445170,2025-03-27 12:10:00,DS08,7,195.36,142.59,20,19.7,delivered
ORD0445235,2025-03-28 03:10:00,DS08,2,75.54,57.14,20,13.5,delivered
ORD0445678,2025-04-01 08:31:00,DS08,1,25.01,14.97,20,19.5,delivered
ORD0445905,2025-04-04 13:31:00,DS08,2,50.83,36.7,20,26.0,delivered
ORD0445944,2025-04-05 11:06:00,DS08,2,43.64,31.29,20,15.3,delivered
ORD0446014,2025-04-05 11:39:00,DS08,2,79.23,59.01,20,16.3,delivered
ORD0446140,2025-04-07 16:47:00,DS08,1,28.09,19.95,20,18.8,delivered
ORD0446675,2025-04-15 22:43:00,DS08,1,25.5,20.07,20,15.5,delivered
ORD0447344,2025-04-24 11:46:00,DS08,1,20.0,14.45,20,12.2,delivered
ORD0447412,2025-04-25 11:02:00,DS08,1,23.97,18.1,20,28.3,delivered
ORD0447730,2025-04-29 14:20:00,DS08,1,5.95,3.65,20,15.8,delivered
ORD0448012,2025-05-02 11:09:00,DS08,1,9.17,7.18,20,18.1,delivered
ORD0448094,2025-05-03 09:13:00,DS08,7,209.75,158.26,20,10.5,delivered
ORD0448136,2025-05-04 15:09:00,DS08,1,10.8,6.97,20,22.4,delivered
ORD0448499,2025-05-09 20:32:00,DS08,7,158.88,116.07,20,32.7,delivered
ORD0448890,2025-05-14 19:48:00,DS08,3,73.97,50.23,20,24.0,delivered
ORD0449053,2025-05-16 12:38:00,DS08,1,14.55,11.41,20,22.8,delivered
ORD0449171,2025-05-17 10:30:00,DS08,7,229.97,155.75,20,22.9,delivered
ORD0449252,2025-05-18 10:02:00,DS08,1,52.16,37.61,20,12.1,delivered
ORD0449393,2025-05-20 08:11:00,DS08,1,56.41,42.5,20,10.8,delivered
ORD0449460,2025-05-21 20:57:00,DS08,1,39.71,28.05,20,13.5,delivered
ORD0449710,2025-05-24 01:52:00,DS08,1,9.34,6.97,20,15.9,delivered
ORD0449953,2025-05-27 12:56:00,DS08,6,197.39,144.18,20,13.0,delivered
ORD0450085,2025-05-29 23:02:00,DS08,2,24.49,19.35,20,13.6,delivered
ORD0450231,2025-05-30 10:57:00,DS08,2,21.69,15.72,20,15.6,delivered
ORD0450371,2025-06-01 20:35:00,DS08,2,70.87,53.87,20,27.7,delivered
ORD0450513,2025-06-03 18:51:00,DS08,3,56.06,38.97,20,17.6,delivered
ORD0450649,2025-06-05 21:59:00,DS08,1,34.4,25.34,20,12.0,delivered
ORD0450992,2025-06-09 21:05:00,DS08,5,121.96,89.13,20,20.5,delivered
ORD0451034,2025-06-09 14:26:00,DS08,11,273.3,200.95,20,35.3,delivered
ORD0451330,2025-06-13 21:04:00,DS08,1,24.71,18.9,20,21.3,delivered
ORD0451794,2025-06-19 13:37:00,DS08,3,68.92,50.47,20,16.7,delivered
ORD0452140,2025-06-23 16:01:00,DS08,1,20.54,13.38,20,15.3,delivered
ORD0452324,2025-06-25 20:05:00,DS08,1,9.32,7.29,20,22.1,delivered
ORD0452333,2025-06-25 17:08:00,DS08,3,47.49,35.81,20,16.2,delivered
ORD0452619,2025-06-28 19:46:00,DS08,6,108.77,81.74,20,19.8,delivered
ORD0452728,2025-06-29 19:23:00,DS08,1,25.64,18.93,20,11.3,delivered
ORD0452831,2025-07-01 09:13:00,DS08,1,20.54,13.38,20,13.1,delivered
ORD0453217,2025-07-05 21:32:00,DS08,2,81.71,59.67,20,21.6,delivered
ORD0453534,2025-07-09 19:24:00,DS08,4,71.86,49.75,20,22.7,delivered
ORD0453654,2025-07-11 09:37:00,DS08,1,31.63,23.87,20,12.4,delivered
ORD0453717,2025-07-11 10:59:00,DS08,3,57.27,41.71,20,13.8,delivered
ORD0453765,2025-07-12 19:18:00,DS08,2,52.06,35.05,20,17.3,delivered
ORD0453848,2025-07-13 12:01:00,DS08,3,54.84,40.1,20,11.7,delivered
ORD0453918,2025-07-14 18:45:00,DS08,5,82.39,62.24,20,17.5,delivered
ORD0453919,2025-07-14 18:34:00,DS08,1,18.79,14.51,20,18.3,delivered
ORD0454018,2025-07-16 11:42:00,DS08,1,18.54,13.19,20,18.5,delivered
ORD0454209,2025-07-18 08:26:00,DS08,2,41.28,26.65,20,12.2,delivered
ORD0454609,2025-07-23 10:15:00,DS08,1,40.43,28.89,20,20.1,delivered
ORD0454677,2025-07-23 17:45:00,DS08,2,41.91,28.8,20,17.6,delivered
ORD0454683,2025-07-24 23:02:00,DS08,5,151.55,110.77,20,26.9,delivered
ORD0454781,2025-07-25 10:06:00,DS08,4,104.49,74.79,20,14.9,delivered
ORD0454868,2025-07-25 06:52:00,DS08,3,62.0,43.02,20,26.2,delivered
ORD0455467,2025-08-01 17:25:00,DS08,1,25.64,18.93,20,16.8,delivered
ORD0455902,2025-08-07 10:52:00,DS08,1,19.5,12.99,20,21.2,delivered
ORD0455936,2025-08-07 13:35:00,DS08,3,65.02,46.73,20,12.3,delivered
ORD0455958,2025-08-07 14:08:00,DS08,2,23.13,17.78,20,19.1,delivered
ORD0456689,2025-08-16 17:08:00,DS08,1,3.91,2.77,20,22.0,delivered
ORD0457068,2025-08-21 21:18:00,DS08,5,135.65,104.52,20,32.6,delivered
ORD0457184,2025-08-22 22:25:00,DS08,2,21.72,15.87,20,11.5,delivered
ORD0457466,2025-08-26 19:10:00,DS08,1,42.42,28.23,20,28.2,delivered
ORD0457830,2025-08-30 06:33:00,DS08,3,59.75,41.69,20,21.5,delivered
ORD0457914,2025-08-31 18:54:00,DS08,4,74.59,54.25,20,21.3,delivered
ORD0457933,2025-08-31 19:32:00,DS08,1,13.42,9.59,20,25.1,delivered
ORD0458133,2025-09-03 12:33:00,DS08,2,32.18,23.02,20,18.2,delivered
ORD0458259,2025-09-05 23:08:00,DS08,2,55.23,41.46,20,11.2,delivered
ORD0458423,2025-09-06 19:48:00,DS08,4,76.22,55.87,20,37.0,delivered
ORD0459082,2025-09-14 11:11:00,DS08,1,24.74,18.35,20,5.5,delivered
ORD0459487,2025-09-19 12:07:00,DS08,2,64.69,47.2,20,12.2,delivered
ORD0459637,2025-09-21 19:06:00,DS08,3,60.18,44.87,20,21.0,delivered
ORD0459995,2025-09-26 06:26:00,DS08,1,71.05,55.53,20,24.6,delivered
ORD0460135,2025-09-27 09:22:00,DS08,5,136.23,85.09,20,21.7,delivered
ORD0460239,2025-09-28 18:31:00,DS08,2,26.95,18.5,20,17.9,delivered
ORD0460279,2025-09-29 17:39:00,DS08,7,223.42,168.36,20,20.3,delivered
ORD0460409,2025-09-30 19:17:00,DS08,11,244.3,176.46,20,24.1,delivered
ORD0460411,2025-09-30 14:55:00,DS08,4,90.14,61.61,20,18.3,delivered
ORD0460590,2025-10-03 07:00:00,DS08,2,33.38,23.94,20,,delivered
ORD0460986,2025-10-08 20:24:00,DS08,5,130.87,92.19,20,22.3,delivered
ORD0460996,2025-10-08 15:53:00,DS08,5,126.19,92.27,20,15.4,delivered
ORD0461002,2025-10-08 07:35:00,DS08,4,63.88,43.05,20,11.1,delivered
ORD0461316,2025-10-11 11:26:00,DS08,1,24.74,18.35,20,14.9,delivered
ORD0461328,2025-10-12 21:49:00,DS08,2,31.66,23.75,20,30.1,delivered
ORD0461647,2025-10-16 14:06:00,DS08,1,17.61,11.53,20,14.5,delivered
ORD0461693,2025-10-17 21:45:00,DS08,3,48.44,35.94,20,11.6,delivered
ORD0462198,2025-10-23 12:15:00,DS08,6,133.22,92.83,20,19.5,delivered
ORD0462411,2025-10-25 14:09:00,DS08,2,43.66,31.2,20,38.6,delivered
ORD0462699,2025-10-30 13:06:00,DS08,2,15.9,12.12,20,19.6,delivered
ORD0462964,2025-11-01 13:39:00,DS08,1,25.64,18.93,20,12.6,delivered
ORD0463028,2025-11-02 13:07:00,DS08,4,87.06,62.21,20,24.3,delivered
ORD0463051,2025-11-03 11:13:00,DS08,6,107.44,77.97,20,10.1,delivered
ORD0463215,2025-11-05 17:04:00,DS08,2,84.91,54.35,20,12.7,delivered
ORD0463217,2025-11-05 11:13:00,DS08,2,31.92,24.03,20,20.2,delivered
ORD0463316,2025-11-06 13:08:00,DS08,1,19.61,11.93,20,27.7,delivered
ORD0463818,2025-11-13 14:34:00,DS08,3,120.8,91.71,20,12.3,delivered
ORD0464172,2025-11-18 17:05:00,DS08,1,33.28,22.89,20,19.1,delivered
ORD0464232,2025-11-19 18:23:00,DS08,3,81.19,58.53,20,29.0,delivered
ORD0464383,2025-11-20 15:15:00,DS08,1,20.31,14.05,20,15.4,delivered
ORD0464508,2025-11-22 11:40:00,DS08,8,212.66,154.77,20,16.9,delivered
ORD0464749,2025-11-25 20:14:00,DS08,2,81.85,62.5,20,18.1,delivered
ORD0464836,2025-11-26 15:58:00,DS08,3,131.49,87.41,20,18.9,delivered
ORD0465295,2025-12-02 21:27:00,DS08,3,108.93,77.63,20,39.7,delivered
ORD0465495,2025-12-05 20:50:00,DS08,1,8.3,6.28,20,14.0,delivered
ORD0466419,2025-12-17 18:30:00,DS08,2,27.22,19.95,20,19.3,delivered
ORD0466431,2025-12-18 13:01:00,DS08,1,71.63,50.9,20,8.6,delivered
ORD0466943,2025-12-24 18:47:00,DS08,4,97.88,68.36,20,20.9,delivered
ORD0467299,2025-12-29 19:58:00,DS08,5,168.8,118.24,20,18.5,delivered
ORD0467536,2026-01-01 17:51:00,DS08,8,149.57,113.57,20,16.1,delivered
ORD0467749,2026-01-04 18:27:00,DS08,5,99.69,73.04,20,15.5,delivered
ORD0468374,2026-01-12 09:25:00,DS08,1,12.52,9.93,20,14.4,delivered
ORD0468413,2026-01-13 16:58:00,DS08,1,16.74,11.14,20,20.5,delivered
ORD0468701,2026-01-17 16:25:00,DS08,2,89.59,68.72,20,20.0,delivered
ORD0468753,2026-01-18 15:56:00,DS08,2,31.03,21.12,20,27.5,cancelled_customer
ORD0468810,2026-01-19 14:08:00,DS08,2,29.16,21.21,20,17.6,delivered
ORD0468877,2026-01-20 19:47:00,DS08,3,51.02,38.33,20,18.3,delivered
ORD0469017,2026-01-22 19:21:00,DS08,1,19.13,14.64,20,27.8,delivered
ORD0469018,2026-01-22 11:16:00,DS08,3,110.33,81.25,20,11.9,delivered
ORD0469320,2026-01-26 16:30:00,DS08,2,38.89,29.51,20,16.7,delivered
ORD0469874,2026-02-02 19:39:00,DS08,3,56.89,41.12,20,21.7,delivered
ORD0470206,2026-02-07 20:25:00,DS08,2,27.79,20.77,20,34.0,delivered
ORD0470221,2026-02-07 15:07:00,DS08,7,176.1,128.88,20,13.0,delivered
ORD0470321,2026-02-08 19:35:00,DS08,1,11.65,7.48,20,25.9,delivered
ORD0470593,2026-02-12 17:44:00,DS08,1,19.38,13.83,20,19.1,delivered
ORD0470744,2026-02-14 12:27:00,DS08,6,81.01,58.75,20,11.5,delivered
ORD0471496,2026-02-21 09:01:00,DS08,3,43.85,31.88,20,19.1,delivered
ORD0472336,2026-03-01 23:35:00,DS08,1,8.3,6.28,20,14.9,delivered
ORD0472344,2026-03-01 10:25:00,DS08,2,66.07,47.82,20,23.5,delivered
ORD0472558,2026-03-04 16:40:00,DS08,1,25.5,20.07,20,34.3,delivered
ORD0472744,2026-03-06 20:26:00,DS08,2,60.12,42.36,20,15.2,delivered
ORD0472845,2026-03-06 19:50:00,DS08,2,28.9,22.07,20,25.3,delivered
ORD0473030,2026-03-08 09:54:00,DS08,2,31.65,24.57,20,12.7,delivered
ORD0473136,2026-03-08 18:33:00,DS08,4,114.96,83.79,20,22.3,delivered
ORD0473202,2026-03-09 13:50:00,DS08,7,239.15,176.67,20,18.5,delivered
ORD0474184,2026-03-19 18:38:00,DS08,5,130.44,94.2,20,16.6,delivered
ORD0474283,2026-03-20 16:56:00,DS08,1,35.96,25.73,20,16.4,delivered
ORD0474392,2026-03-20 18:59:00,DS08,3,92.5,69.08,20,23.1,delivered
ORD0474462,2026-03-21 17:51:00,DS08,2,38.16,28.86,20,21.9,delivered
ORD0474534,2026-03-22 14:52:00,DS08,2,73.83,54.36,20,30.7,delivered
ORD0474803,2026-03-25 21:58:00,DS08,2,44.0,30.72,20,14.6,delivered
ORD0474935,2026-03-26 17:24:00,DS08,5,73.5,52.6,20,12.6,delivered
ORD0475079,2026-03-28 11:19:00,DS08,2,36.74,26.17,20,22.4,delivered
ORD0475106,2026-03-28 18:37:00,DS08,6,123.98,91.87,20,31.0,delivered
ORD0475315,2026-03-31 19:56:00,DS08,3,99.97,62.78,20,22.5,delivered
ORD0475324,2026-03-31 17:08:00,DS08,8,173.44,122.83,20,15.3,delivered
ORD0475906,2026-04-07 09:05:00,DS08,2,33.06,23.31,20,7.7,delivered
ORD0476616,2026-04-16 20:01:00,DS08,1,22.78,14.16,20,17.6,delivered
ORD0476833,2026-04-18 12:56:00,DS08,1,9.17,7.18,20,29.2,delivered
ORD0478245,2026-05-04 16:29:00,DS08,7,302.09,221.95,20,17.6,delivered
ORD0478330,2026-05-05 00:04:00,DS08,4,95.79,69.28,20,16.0,delivered
ORD0478519,2026-05-07 19:20:00,DS08,1,19.61,11.93,20,28.0,delivered
ORD0479010,2026-05-12 18:40:00,DS08,1,10.8,6.97,20,24.2,delivered
ORD0479340,2026-05-16 14:17:00,DS08,4,130.27,98.6,20,30.4,delivered
ORD0479884,2026-05-22 20:09:00,DS08,8,292.91,218.73,20,13.2,delivered
ORD0480123,2026-05-24 19:07:00,DS08,5,123.19,91.02,20,35.8,delivered
ORD0480335,2026-05-26 15:34:00,DS08,2,67.43,47.09,20,14.9,delivered
ORD0480687,2026-05-30 10:10:00,DS08,6,98.36,71.37,20,12.7,delivered
ORD0480840,2026-05-31 14:29:00,DS08,1,10.33,6.1,20,11.2,delivered
ORD0480907,2026-06-01 12:34:00,DS08,10,271.83,207.99,20,10.0,cancelled_customer
ORD0481342,2026-06-06 11:02:00,DS08,7,225.39,164.76,20,12.9,delivered
ORD0481452,2026-06-07 05:24:00,DS08,1,32.55,24.41,20,15.3,delivered
ORD0481507,2026-06-07 14:24:00,DS08,1,22.48,17.45,20,31.0,delivered
ORD0481789,2026-06-11 15:08:00,DS08,3,89.69,64.2,20,10.8,delivered
ORD0481998,2026-06-13 16:12:00,DS08,5,102.26,77.87,20,17.0,delivered
ORD0482294,2026-06-16 13:12:00,DS08,6,179.5,139.18,20,18.1,delivered
ORD0130789,2026-04-04 16:15:00,DS02,7,155.05,106.15,20,17.5,delivered
ORD0424267,2026-03-13 16:49:00,DS07,1,19.13,14.64,20,,delivered
ORD0052292,2026-01-20 19:00:00,DS01,5,116.3,83.3,20,21.5,delivered
ORD0245953,2025-04-04 08:01:00,DS04,3,45.7,34.62,20,18.5,delivered
ORD0192131,2025-10-27 06:02:00,DS03,3,91.11,66.05,20,22.3,delivered
ORD0065312,2026-04-11 12:53:00,DS01,2,30.6,22.15,20,12.6,delivered
ORD0342147,2025-03-14 11:55:00,DS06,3,59.93,42.97,20,23.0,delivered
