po_id,supplier_id,store_id,sku_id,order_date,promised_date,received_date,qty_ordered,qty_received,unit_cost_aed,po_value_aed
PO0000087,SUP08,DS01,SKU0261,2025-11-03,2025-11-10,2025-11-10,63,63,9.59,604.17
PO0000371,SUP06,DS01,SKU0161,2025-08-13,2025-08-19,2025-08-19,36,36,6.97,250.92
PO0000402,SUP06,DS01,SKU0161,2025-12-01,2025-12-07,2025-12-07,72,72,6.97,501.84
PO0000450,SUP06,DS01,SKU0161,2026-05-20,2026-05-26,2026-05-27,45,45,6.97,313.65
PO0000471,SUP08,DS01,SKU0266,2025-02-05,2025-02-12,2025-02-12,24,24,55.53,1332.72
PO0000601,SUP08,DS01,SKU0266,2026-05-11,2026-05-18,2026-05-18,48,48,55.53,2665.44
PO0000721,SUP05,DS01,SKU0117,2026-01-14,2026-01-18,2026-01-18,22,22,6.63,145.86
PO0000740,SUP05,DS01,SKU0117,2026-03-25,2026-03-29,2026-03-29,22,22,6.63,145.86
PO0000830,SUP05,DS01,SKU0122,2025-08-13,2025-08-17,2025-08-17,18,18,14.64,263.52
PO0000881,SUP05,DS01,SKU0122,2026-02-11,2026-02-15,2026-02-15,18,18,14.64,263.52
PO0000902,SUP05,DS01,SKU0122,2026-04-29,2026-05-03,2026-05-03,36,36,14.64,527.04
PO0001111,SUP04,DS01,SKU0095,2025-05-12,2025-05-13,2025-05-13,27,27,14.05,379.35
PO0001262,SUP04,DS01,SKU0094,2025-04-23,2025-04-24,2025-04-24,24,24,13.38,321.12
PO0001348,SUP04,DS01,SKU0094,2026-02-18,2026-02-19,2026-02-19,32,32,13.38,428.16
PO0001388,SUP03,DS01,SKU0076,2025-01-08,2025-01-11,2025-01-11,8,8,10.47,83.76
PO0001390,SUP03,DS01,SKU0076,2025-01-20,2025-01-23,2025-01-23,32,32,10.47,335.04
PO0001409,SUP03,DS01,SKU0076,2025-05-05,2025-05-08,2025-05-08,32,32,10.47,335.04
PO0001412,SUP03,DS01,SKU0076,2025-05-14,2025-05-17,2025-05-17,8,8,10.47,83.76
PO0001447,SUP03,DS01,SKU0076,2025-11-17,2025-11-20,2025-11-20,32,32,10.47,335.04
PO0001517,SUP05,DS01,SKU0127,2025-05-05,2025-05-09,2025-05-09,44,44,18.35,807.4
PO0001618,SUP05,DS01,SKU0127,2026-06-10,2026-06-14,2026-06-14,22,22,18.35,403.7
PO0001646,SUP05,DS01,SKU0106,2025-03-26,2025-03-30,2025-03-30,48,48,13.19,633.12
PO0001710,SUP05,DS01,SKU0106,2025-12-22,2025-12-26,2025-12-26,24,24,13.19,316.56
PO0001779,SUP08,DS01,SKU0219,2025-03-12,2025-03-19,2025-03-19,24,24,25.73,617.52
PO0001921,SUP06,DS01,SKU0143,2025-01-29,2025-02-04,2025-02-04,14,14,9.59,134.26
PO0001972,SUP06,DS01,SKU0143,2025-07-30,2025-08-05,2025-08-05,14,14,9.59,134.26
PO0002132,SUP01,DS01,SKU0018,2025-09-01,2025-09-03,2025-09-03,35,35,9.93,347.55
PO0002138,SUP01,DS01,SKU0018,2025-09-22,2025-09-24,2025-09-24,42,42,9.93,417.06
PO0002158,SUP01,DS01,SKU0018,2025-12-01,2025-12-03,2025-12-03,35,35,9.93,347.55
PO0002305,SUP01,DS01,SKU0032,2025-11-17,2025-11-19,2025-11-19,45,45,20.07,903.15
PO0002494,SUP02,DS01,SKU0061,2026-04-20,2026-04-22,2026-04-22,36,36,7.29,262.44
PO0002632,SUP04,DS01,SKU0212,2026-02-18,2026-02-19,2026-02-19,12,12,14.16,169.92
PO0002705,SUP01,DS01,SKU0023,2025-06-04,2025-06-06,2025-06-06,10,10,7.18,71.8
PO0002746,SUP01,DS01,SKU0023,2025-10-29,2025-10-31,2025-10-31,10,10,7.18,71.8
PO0002921,SUP01,DS01,SKU0012,2026-04-27,2026-04-29,2026-04-29,27,18,13.34,360.18
PO0002964,SUP08,DS01,SKU0256,2025-04-09,2025-04-16,2025-04-16,8,8,19.95,159.6
PO0002988,SUP08,DS01,SKU0256,2025-07-02,2025-07-09,2025-07-09,16,16,19.95,319.2
PO0003078,SUP08,DS01,SKU0256,2026-05-20,2026-05-27,2026-05-27,8,8,19.95,159.6
PO0003083,SUP08,DS01,SKU0256,2026-06-08,2026-06-15,2026-06-15,32,32,19.95,638.4
PO0003385,SUP06,DS01,SKU0169,2025-01-22,2025-01-28,2025-01-28,14,14,5.78,80.92
PO0003420,SUP06,DS01,SKU0169,2025-06-02,2025-06-08,2025-06-08,21,18,5.78,121.38
PO0003489,SUP06,DS01,SKU0169,2026-02-02,2026-02-08,2026-02-08,21,21,5.78,121.38
PO0003526,SUP06,DS01,SKU0169,2026-06-15,2026-06-21,2026-06-21,21,21,5.78,121.38
PO0003599,SUP06,DS01,SKU0132,2025-11-19,2025-11-25,2025-11-25,17,13,2.19,37.23
PO0003628,SUP06,DS01,SKU0132,2026-03-23,2026-03-29,2026-03-29,17,17,2.19,37.23
PO0003711,SUP08,DS01,SKU0218,2025-08-11,2025-08-18,2025-08-18,32,32,27.82,890.24
PO0003714,SUP08,DS01,SKU0218,2025-08-27,2025-09-03,2025-09-03,16,16,27.82,445.12
PO0003762,SUP08,DS01,SKU0218,2026-02-18,2026-02-25,2026-02-25,16,16,27.82,445.12
PO0003793,SUP08,DS01,SKU0218,2026-06-08,2026-06-15,2026-06-15,24,24,27.82,667.68
PO0003844,SUP02,DS01,SKU0043,2025-07-02,2025-07-04,2025-07-04,15,15,23.87,358.05
PO0003856,SUP02,DS01,SKU0043,2025-09-01,2025-09-03,2025-09-03,15,15,23.87,358.05
PO0003857,SUP02,DS01,SKU0043,2025-09-03,2025-09-05,2025-09-05,15,15,23.87,358.05
PO0003861,SUP02,DS01,SKU0043,2025-09-22,2025-09-24,2025-09-24,15,15,23.87,358.05
PO0003969,SUP03,DS01,SKU0066,2025-05-28,2025-05-31,2025-05-31,14,14,24.41,341.74
PO0004003,SUP03,DS01,SKU0066,2025-10-01,2025-10-04,2025-10-04,7,7,24.41,170.87
PO0004055,SUP03,DS01,SKU0066,2026-04-06,2026-04-09,2026-04-09,21,18,24.41,512.61
PO0004056,SUP03,DS01,SKU0066,2026-04-08,2026-04-11,2026-04-11,14,14,24.41,341.74
PO0004327,SUP06,DS01,SKU0134,2025-01-08,2025-01-14,2025-01-14,23,23,3.22,74.06
PO0004351,SUP06,DS01,SKU0134,2025-06-02,2025-06-08,2025-06-08,23,23,3.22,74.06
PO0004415,SUP06,DS01,SKU0134,2026-05-25,2026-05-31,2026-05-31,23,23,3.22,74.06
PO0004508,SUP08,DS01,SKU0259,2025-11-19,2025-11-26,2025-11-26,10,10,28.05,280.5
PO0004542,SUP08,DS01,SKU0259,2026-03-23,2026-03-30,2026-04-01,30,30,28.05,841.5
PO0004615,SUP04,DS01,SKU0209,2025-06-11,2025-06-12,2025-06-12,8,8,11.93,95.44
PO0004646,SUP04,DS01,SKU0209,2025-09-29,2025-09-30,2025-09-30,16,16,11.93,190.88
PO0004677,SUP04,DS01,SKU0209,2026-01-14,2026-01-15,2026-01-15,8,8,11.93,95.44
PO0004757,SUP02,DS01,SKU0050,2025-05-26,2025-05-28,2025-05-28,24,24,14.51,348.24
PO0004824,SUP02,DS01,SKU0050,2026-03-02,2026-03-04,2026-03-04,36,36,14.51,522.36
PO0004891,SUP06,DS01,SKU0181,2025-05-19,2025-05-25,2025-05-25,18,18,9.21,165.78
PO0004969,SUP06,DS01,SKU0181,2026-02-18,2026-02-24,2026-02-24,45,45,9.21,414.45
PO0005057,SUP06,DS01,SKU0135,2025-08-25,2025-08-31,2025-08-31,32,32,13.81,441.92
PO0005151,SUP01,DS01,SKU0016,2025-04-30,2025-05-02,2025-05-02,8,8,20.09,160.72
PO0005218,SUP01,DS01,SKU0016,2026-02-02,2026-02-04,2026-02-04,24,24,20.09,482.16
PO0005272,SUP03,DS01,SKU0081,2025-03-31,2025-04-03,2025-04-03,16,16,56.35,901.6
PO0005292,SUP03,DS01,SKU0081,2025-07-02,2025-07-05,2025-07-05,4,4,56.35,225.4
PO0005368,SUP03,DS01,SKU0081,2026-06-29,2026-07-02,2026-07-02,24,21,56.35,1352.4
PO0005471,SUP08,DS01,SKU0257,2026-03-02,2026-03-09,2026-03-09,33,33,30.99,1022.67
PO0005542,SUP07,DS01,SKU0195,2025-06-09,2025-06-14,2025-06-14,9,9,10.67,96.03
PO0005608,SUP07,DS01,SKU0195,2026-02-16,2026-02-21,2026-02-21,18,18,10.67,192.06
PO0005638,SUP07,DS01,SKU0195,2026-06-01,2026-06-06,2026-06-06,36,36,10.67,384.12
PO0005714,SUP02,DS01,SKU0049,2025-10-27,2025-10-29,2025-10-29,15,15,4.82,72.3
PO0005833,SUP01,DS01,SKU0030,2025-10-29,2025-10-31,2025-10-31,8,8,2.77,22.16
PO0005959,SUP08,DS01,SKU0236,2025-09-01,2025-09-08,2025-09-08,18,18,7.43,133.74
PO0006020,SUP08,DS01,SKU0236,2026-04-01,2026-04-08,2026-04-08,6,6,7.43,44.58
PO0006034,SUP08,DS01,SKU0236,2026-05-20,2026-05-27,2026-05-27,12,12,7.43,89.16
PO0006185,SUP08,DS01,SKU0242,2026-05-25,2026-06-01,2026-06-01,18,18,11.11,199.98
PO0006191,SUP08,DS01,SKU0242,2026-06-15,2026-06-22,2026-06-22,18,18,11.11,199.98
PO0006210,SUP08,DS01,SKU0251,2025-03-03,2025-03-10,2025-03-10,24,24,9.4,225.6
PO0006255,SUP08,DS01,SKU0251,2025-08-11,2025-08-18,2025-08-19,12,12,9.4,112.8
PO0006271,SUP08,DS01,SKU0251,2025-10-06,2025-10-13,2025-10-13,12,12,9.4,112.8
PO0006319,SUP08,DS01,SKU0251,2026-03-30,2026-04-06,2026-04-06,24,24,9.4,225.6
PO0006394,SUP06,DS01,SKU0147,2025-08-04,2025-08-10,2025-08-10,12,12,7.48,89.76
PO0006512,SUP08,DS01,SKU0230,2025-06-23,2025-06-30,2025-06-30,11,11,25.78,283.58
PO0006557,SUP08,DS01,SKU0230,2025-12-24,2025-12-31,2025-12-31,11,11,25.78,283.58
PO0006572,SUP08,DS01,SKU0230,2026-02-25,2026-03-04,2026-03-04,11,11,25.78,283.58
PO0006778,SUP08,DS01,SKU0225,2025-07-02,2025-07-09,2025-07-09,8,8,15.57,124.56
PO0006860,SUP08,DS01,SKU0225,2026-05-11,2026-05-18,2026-05-18,16,16,15.57,249.12
PO0006888,SUP02,DS01,SKU0046,2025-03-10,2025-03-12,2025-03-12,11,11,5.49,60.39
PO0006934,SUP02,DS01,SKU0046,2025-10-01,2025-10-03,2025-10-03,11,11,5.49,60.39
PO0007022,SUP04,DS01,SKU0092,2025-04-14,2025-04-15,2025-04-15,8,8,13.24,105.92
PO0007060,SUP04,DS01,SKU0092,2025-08-27,2025-08-28,2025-08-28,8,8,13.24,105.92
PO0007224,SUP08,DS01,SKU0240,2025-10-15,2025-10-22,2025-10-22,6,6,6.79,40.74
PO0007348,SUP08,DS01,SKU0260,2025-08-27,2025-09-03,2025-09-03,10,10,37.49,374.9
PO0007369,SUP08,DS01,SKU0260,2025-12-01,2025-12-08,2025-12-08,20,20,37.49,749.8
PO0007371,SUP08,DS01,SKU0260,2025-12-10,2025-12-17,2025-12-17,10,10,37.49,374.9
PO0007383,SUP08,DS01,SKU0260,2026-02-09,2026-02-16,2026-02-16,20,20,37.49,749.8
PO0007577,SUP08,DS01,SKU0226,2025-08-25,2025-09-01,2025-09-01,12,12,19.38,232.56
PO0007628,SUP08,DS01,SKU0226,2026-04-22,2026-04-29,2026-04-29,12,12,19.38,232.56
PO0007650,SUP06,DS01,SKU0156,2025-02-17,2025-02-23,2025-02-23,24,24,6.97,167.28
PO0007707,SUP06,DS01,SKU0156,2026-05-13,2026-05-19,2026-05-19,24,24,6.97,167.28
PO0007782,SUP04,DS01,SKU0086,2025-10-22,2025-10-23,2025-10-23,7,7,12.37,86.59
PO0007832,SUP04,DS01,SKU0086,2026-04-29,2026-04-30,2026-04-30,7,7,12.37,86.59
PO0007911,SUP01,DS01,SKU0022,2025-10-08,2025-10-10,2025-10-10,9,9,11.52,103.68
PO0007960,SUP01,DS01,SKU0022,2026-06-10,2026-06-12,2026-06-13,9,7,11.52,103.68
PO0007972,SUP07,DS01,SKU0198,2025-02-03,2025-02-08,2025-02-08,11,11,16.38,180.18
PO0007983,SUP07,DS01,SKU0198,2025-03-31,2025-04-05,2025-04-05,22,22,16.38,360.36
PO0008020,SUP07,DS01,SKU0198,2025-09-22,2025-09-27,2025-09-29,11,11,16.38,180.18
PO0008022,SUP07,DS01,SKU0198,2025-09-29,2025-10-04,2025-10-04,11,11,16.38,180.18
PO0008096,SUP06,DS01,SKU0138,2025-05-14,2025-05-20,2025-05-20,16,16,14.33,229.28
PO0008231,SUP07,DS01,SKU0194,2025-10-13,2025-10-18,2025-10-18,7,6,33.9,237.3
PO0008239,SUP07,DS01,SKU0194,2025-11-17,2025-11-22,2025-11-22,14,14,33.9,474.6
PO0008252,SUP07,DS01,SKU0194,2026-01-12,2026-01-17,2026-01-17,7,7,33.9,237.3
PO0008302,SUP05,DS01,SKU0121,2025-03-03,2025-03-07,2025-03-07,23,23,18.9,434.7
PO0008353,SUP05,DS01,SKU0121,2026-04-27,2026-05-01,2026-05-01,23,23,18.9,434.7
PO0008361,SUP05,DS01,SKU0121,2026-06-29,2026-07-03,2026-07-03,23,23,18.9,434.7
PO0008382,SUP06,DS01,SKU0145,2025-05-28,2025-06-03,2025-06-05,17,17,15.51,263.67
PO0008387,SUP06,DS01,SKU0145,2025-06-25,2025-07-01,2025-07-01,17,17,15.51,263.67
PO0008430,SUP06,DS01,SKU0145,2026-04-06,2026-04-12,2026-04-12,17,17,15.51,263.67
PO0008488,SUP05,DS01,SKU0128,2025-09-24,2025-09-28,2025-09-28,16,16,19.75,316.0
PO0008507,SUP05,DS01,SKU0128,2026-01-26,2026-01-30,2026-01-30,16,16,19.75,316.0
PO0008510,SUP05,DS01,SKU0128,2026-02-16,2026-02-20,2026-02-20,16,16,19.75,316.0
PO0008743,SUP02,DS01,SKU0035,2025-12-29,2025-12-31,2025-12-31,11,11,16.75,184.25
PO0008803,SUP02,DS01,SKU0059,2025-04-28,2025-04-30,2025-04-30,10,10,22.04,220.4
PO0008845,SUP02,DS01,SKU0059,2025-11-19,2025-11-21,2025-11-21,10,10,22.04,220.4
PO0008858,SUP02,DS01,SKU0059,2026-01-12,2026-01-14,2026-01-14,10,10,22.04,220.4
PO0008956,SUP03,DS01,SKU0079,2025-10-06,2025-10-09,2025-10-09,8,8,33.15,265.2
PO0008976,SUP03,DS01,SKU0079,2026-01-12,2026-01-15,2026-01-15,8,8,33.15,265.2
PO0009016,SUP01,DS01,SKU0011,2025-01-13,2025-01-15,2025-01-15,10,10,16.51,165.1
PO0009103,SUP01,DS01,SKU0011,2026-03-18,2026-03-20,2026-03-20,10,10,16.51,165.1
PO0009279,SUP06,DS01,SKU0179,2025-11-05,2025-11-11,2025-11-11,7,6,19.74,138.18
PO0009307,SUP06,DS01,SKU0179,2026-03-04,2026-03-10,2026-03-10,7,7,19.74,138.18
PO0009357,SUP04,DS01,SKU0210,2025-03-24,2025-03-25,2025-03-25,6,6,24.59,147.54
PO0009362,SUP04,DS01,SKU0210,2025-04-09,2025-04-10,2025-04-10,6,6,24.59,147.54
PO0009538,SUP03,DS01,SKU0063,2025-11-05,2025-11-08,2025-11-08,5,5,41.59,207.95
PO0009572,SUP03,DS01,SKU0063,2026-05-13,2026-05-16,2026-05-16,5,5,41.59,207.95
PO0009641,SUP01,DS01,SKU0002,2025-11-03,2025-11-05,2025-11-05,12,12,11.62,139.44
PO0009674,SUP01,DS01,SKU0002,2026-05-18,2026-05-20,2026-05-21,12,10,11.62,139.44
PO0009695,SUP04,DS01,SKU0207,2025-02-10,2025-02-11,2025-02-11,6,6,14.97,89.82
PO0009725,SUP04,DS01,SKU0207,2025-06-04,2025-06-05,2025-06-05,6,6,14.97,89.82
PO0009906,SUP04,DS01,SKU0091,2026-02-09,2026-02-10,2026-02-10,9,9,11.99,107.91
PO0009918,SUP04,DS01,SKU0091,2026-03-25,2026-03-26,2026-03-26,9,9,11.99,107.91
PO0010021,SUP04,DS01,SKU0213,2025-10-29,2025-10-30,2025-10-30,6,6,12.99,77.94
PO0010056,SUP04,DS01,SKU0213,2026-03-09,2026-03-10,2026-03-10,6,6,12.99,77.94
PO0010058,SUP04,DS01,SKU0213,2026-03-16,2026-03-17,2026-03-17,6,6,12.99,77.94
PO0010112,SUP02,DS01,SKU0047,2025-05-07,2025-05-09,2025-05-09,12,12,15.74,188.88
PO0010144,SUP02,DS01,SKU0047,2025-11-19,2025-11-21,2025-11-21,12,12,15.74,188.88
PO0010224,SUP03,DS01,SKU0068,2025-08-18,2025-08-21,2025-08-21,8,8,50.9,407.2
PO0010409,SUP06,DS01,SKU0167,2025-06-25,2025-07-01,2025-07-01,10,10,24.32,243.2
PO0010451,SUP06,DS01,SKU0167,2026-01-28,2026-02-03,2026-02-03,10,10,24.32,243.2
PO0010463,SUP06,DS01,SKU0167,2026-04-06,2026-04-12,2026-04-12,10,10,24.32,243.2
PO0010475,SUP06,DS01,SKU0167,2026-06-15,2026-06-21,2026-06-21,10,10,24.32,243.2
PO0010496,SUP04,DS01,SKU0215,2025-03-05,2025-03-06,2025-03-06,7,7,23.43,164.01
PO0010520,SUP04,DS01,SKU0215,2025-07-09,2025-07-10,2025-07-11,7,7,23.43,164.01
PO0010607,SUP07,DS01,SKU0197,2025-04-21,2025-04-26,2025-04-26,12,12,22.89,274.68
PO0010628,SUP07,DS01,SKU0197,2025-08-13,2025-08-18,2025-08-18,12,12,22.89,274.68
PO0010693,SUP08,DS01,SKU0238,2025-03-10,2025-03-17,2025-03-17,14,14,29.64,414.96
PO0010726,SUP08,DS01,SKU0238,2025-08-04,2025-08-11,2025-08-11,14,14,29.64,414.96
PO0010731,SUP08,DS01,SKU0238,2025-08-25,2025-09-01,2025-09-01,7,7,29.64,207.48
PO0010766,SUP08,DS01,SKU0238,2026-02-11,2026-02-18,2026-02-18,7,7,29.64,207.48
PO0010801,SUP08,DS01,SKU0222,2025-01-15,2025-01-22,2025-01-22,8,8,29.64,237.12
PO0010843,SUP08,DS01,SKU0222,2025-09-08,2025-09-15,2025-09-15,8,8,29.64,237.12
PO0010847,SUP08,DS01,SKU0222,2025-09-24,2025-10-01,2025-10-01,8,8,29.64,237.12
PO0010861,SUP08,DS01,SKU0222,2025-12-01,2025-12-08,2025-12-08,8,8,29.64,237.12
PO0010905,SUP08,DS01,SKU0222,2026-06-10,2026-06-17,2026-06-17,8,8,29.64,237.12
PO0010907,SUP08,DS01,SKU0222,2026-06-22,2026-06-29,2026-06-29,8,8,29.64,237.12
PO0010924,SUP02,DS01,SKU0051,2025-05-05,2025-05-07,2025-05-07,17,17,19.57,332.69
PO0010949,SUP02,DS01,SKU0051,2025-12-15,2025-12-17,2025-12-17,17,17,19.57,332.69
PO0011002,SUP04,DS01,SKU0205,2025-04-28,2025-04-29,2025-04-29,10,10,23.96,239.6
PO0011175,SUP06,DS01,SKU0131,2025-06-16,2025-06-22,2025-06-22,19,19,17.2,326.8
PO0011197,SUP06,DS01,SKU0131,2026-01-28,2026-02-03,2026-02-04,19,19,17.2,326.8
PO0011229,SUP05,DS01,SKU0115,2025-05-19,2025-05-23,2025-05-23,16,16,2.42,38.72
PO0011247,SUP05,DS01,SKU0115,2025-11-03,2025-11-07,2025-11-07,16,16,2.42,38.72
PO0011469,SUP01,DS01,SKU0010,2026-01-05,2026-01-07,2026-01-07,10,10,9.44,94.4
PO0011521,SUP03,DS01,SKU0069,2025-03-31,2025-04-03,2025-04-03,12,12,47.96,575.52
PO0011569,SUP03,DS01,SKU0069,2025-10-06,2025-10-09,2025-10-09,4,4,47.96,191.84
PO0011572,SUP03,DS01,SKU0069,2025-10-15,2025-10-18,2025-10-18,4,4,47.96,191.84
PO0011581,SUP03,DS01,SKU0069,2025-12-01,2025-12-04,2025-12-04,8,8,47.96,383.68
PO0011587,SUP03,DS01,SKU0069,2025-12-29,2026-01-01,2026-01-01,8,8,47.96,383.68
PO0011668,SUP02,DS01,SKU0052,2025-09-01,2025-09-03,2025-09-03,10,7,12.38,123.8
PO0011829,SUP07,DS01,SKU0184,2025-03-12,2025-03-17,2025-03-17,12,12,25.34,304.08
PO0011866,SUP07,DS01,SKU0184,2026-01-05,2026-01-10,2026-01-10,12,12,25.34,304.08
PO0011910,SUP07,DS01,SKU0193,2025-04-30,2025-05-05,2025-05-05,8,8,27.14,217.12
PO0011938,SUP07,DS01,SKU0193,2025-10-20,2025-10-25,2025-10-27,8,8,27.14,217.12
PO0012002,SUP01,DS01,SKU0029,2025-04-21,2025-04-23,2025-04-23,8,8,21.46,171.68
PO0012032,SUP01,DS01,SKU0029,2025-09-22,2025-09-24,2025-09-24,8,8,21.46,171.68
PO0012075,SUP01,DS01,SKU0029,2026-04-13,2026-04-15,2026-04-17,8,8,21.46,171.68
PO0012078,SUP01,DS01,SKU0029,2026-04-27,2026-04-29,2026-05-01,8,7,21.46,171.68
PO0012081,SUP01,DS01,SKU0029,2026-05-18,2026-05-20,2026-05-22,8,8,21.46,171.68
PO0012139,SUP01,DS01,SKU0006,2025-11-10,2025-11-12,2025-11-12,10,10,15.7,157.0
PO0012338,SUP06,DS01,SKU0174,2026-06-15,2026-06-21,2026-06-21,7,7,37.74,264.18
PO0012340,SUP06,DS01,SKU0174,2026-06-22,2026-06-28,2026-06-28,7,7,37.74,264.18
PO0012426,SUP03,DS01,SKU0082,2026-06-24,2026-06-27,2026-06-27,7,7,26.06,182.42
PO0012443,SUP01,DS01,SKU0026,2025-04-02,2025-04-04,2025-04-04,8,8,4.22,33.76
PO0012540,SUP01,DS01,SKU0021,2025-06-30,2025-07-02,2025-07-02,7,7,18.1,126.7
PO0012547,SUP01,DS01,SKU0021,2025-08-04,2025-08-06,2025-08-06,7,7,18.1,126.7
PO0012549,SUP01,DS01,SKU0021,2025-08-11,2025-08-13,2025-08-14,7,7,18.1,126.7
PO0012677,SUP07,DS01,SKU0188,2025-04-30,2025-05-05,2025-05-05,8,6,38.92,311.36
PO0012828,SUP04,DS01,SKU0099,2025-09-15,2025-09-16,2025-09-16,10,10,10.45,104.5
PO0012861,SUP04,DS01,SKU0099,2026-04-27,2026-04-28,2026-04-28,10,10,10.45,104.5
PO0012941,SUP06,DS01,SKU0180,2026-05-25,2026-05-31,2026-06-02,9,9,40.74,366.66
PO0012964,SUP01,DS01,SKU0008,2025-04-28,2025-04-30,2025-04-30,12,12,4.5,54.0
PO0012998,SUP01,DS01,SKU0008,2025-12-22,2025-12-24,2025-12-24,12,12,4.5,54.0
PO0013042,SUP08,DS01,SKU0232,2025-06-09,2025-06-16,2025-06-18,10,10,28.23,282.3
PO0013096,SUP08,DS01,SKU0232,2026-06-29,2026-07-06,2026-07-06,20,20,28.23,564.6
PO0013113,SUP02,DS01,SKU0045,2025-06-04,2025-06-06,2025-06-06,12,12,8.17,98.04
PO0013218,SUP01,DS01,SKU0003,2026-01-05,2026-01-07,2026-01-07,7,7,10.36,72.52
PO0013225,SUP01,DS01,SKU0003,2026-02-18,2026-02-20,2026-02-20,7,7,10.36,72.52
PO0013235,SUP01,DS01,SKU0003,2026-04-20,2026-04-22,2026-04-22,7,5,10.36,72.52
PO0013242,SUP01,DS01,SKU0003,2026-06-01,2026-06-03,2026-06-03,7,7,10.36,72.52
PO0013250,SUP01,DS01,SKU0001,2025-01-20,2025-01-22,2025-01-22,6,6,4.07,24.42
PO0013283,SUP01,DS01,SKU0001,2025-07-14,2025-07-16,2025-07-16,6,6,4.07,24.42
PO0013369,SUP06,DS01,SKU0162,2025-04-28,2025-05-04,2025-05-04,11,11,12.83,141.13
PO0013371,SUP06,DS01,SKU0162,2025-05-14,2025-05-20,2025-05-20,11,11,12.83,141.13
PO0013528,SUP03,DS01,SKU0072,2025-05-19,2025-05-22,2025-05-22,6,6,47.33,283.98
PO0013589,SUP03,DS01,SKU0072,2026-06-03,2026-06-06,2026-06-08,6,6,47.33,283.98
PO0013725,SUP01,DS01,SKU0015,2025-11-24,2025-11-26,2025-11-26,11,11,18.01,198.11
PO0013756,SUP01,DS01,SKU0005,2025-01-01,2025-01-03,2025-01-03,9,9,5.4,48.6
PO0013777,SUP01,DS01,SKU0005,2025-05-26,2025-05-28,2025-05-28,9,9,5.4,48.6
PO0013793,SUP01,DS01,SKU0005,2025-09-15,2025-09-17,2025-09-17,9,9,5.4,48.6
PO0013827,SUP01,DS01,SKU0005,2026-04-22,2026-04-24,2026-04-24,9,9,5.4,48.6
PO0013880,SUP01,DS01,SKU0034,2025-02-17,2025-02-19,2025-02-19,10,10,9.2,92.0
PO0014041,SUP02,DS01,SKU0053,2026-05-18,2026-05-20,2026-05-20,15,15,18.78,281.7
PO0014098,SUP07,DS01,SKU0185,2026-04-22,2026-04-27,2026-04-27,11,11,9.44,103.84
PO0014116,SUP08,DS01,SKU0250,2025-03-17,2025-03-24,2025-03-24,7,7,6.1,42.7
PO0014139,SUP08,DS01,SKU0250,2025-08-04,2025-08-11,2025-08-11,7,7,6.1,42.7
PO0014337,SUP01,DS01,SKU0017,2026-02-18,2026-02-20,2026-02-20,9,9,15.78,142.02
PO0014353,SUP01,DS01,SKU0017,2026-06-17,2026-06-19,2026-06-20,9,9,15.78,142.02
PO0014389,SUP08,DS01,SKU0254,2025-12-31,2026-01-07,2026-01-07,11,11,6.75,74.25
PO0014632,SUP06,DS01,SKU0136,2025-01-08,2025-01-14,2025-01-16,14,14,20.16,282.24
PO0014684,SUP04,DS01,SKU0100,2025-02-24,2025-02-25,2025-02-25,10,10,4.5,45.0
PO0014788,SUP06,DS01,SKU0165,2026-01-05,2026-01-11,2026-01-11,12,12,11.14,133.68
PO0014800,SUP06,DS01,SKU0165,2026-05-06,2026-05-12,2026-05-12,12,12,11.14,133.68
PO0014920,SUP04,DS01,SKU0204,2025-07-28,2025-07-29,2025-07-29,7,7,17.64,123.48
PO0014949,SUP04,DS01,SKU0204,2026-01-19,2026-01-20,2026-01-20,7,7,17.64,123.48
PO0015057,SUP06,DS01,SKU0168,2025-02-19,2025-02-25,2025-02-25,11,11,31.15,342.65
PO0015115,SUP07,DS01,SKU0186,2025-03-10,2025-03-15,2025-03-15,7,7,36.09,252.63
PO0015132,SUP07,DS01,SKU0186,2025-06-30,2025-07-05,2025-07-05,7,7,36.09,252.63
PO0015251,SUP06,DS01,SKU0158,2026-03-04,2026-03-10,2026-03-10,6,6,4.87,29.22
PO0015310,SUP03,DS01,SKU0077,2025-09-08,2025-09-11,2025-09-11,6,6,13.69,82.14
PO0015328,SUP03,DS01,SKU0077,2026-01-12,2026-01-15,2026-01-15,6,6,13.69,82.14
PO0015342,SUP03,DS01,SKU0077,2026-03-23,2026-03-26,2026-03-26,6,6,13.69,82.14
PO0015410,SUP08,DS01,SKU0252,2026-06-01,2026-06-08,2026-06-08,9,9,9.75,87.75
PO0015438,SUP01,DS01,SKU0031,2025-06-16,2025-06-18,2025-06-18,7,7,16.56,115.92
PO0015440,SUP01,DS01,SKU0031,2025-06-30,2025-07-02,2025-07-02,7,7,16.56,115.92
PO0015494,SUP04,DS01,SKU0089,2025-01-08,2025-01-09,2025-01-09,10,10,12.75,127.5
PO0015513,SUP04,DS01,SKU0089,2025-05-19,2025-05-20,2025-05-20,10,10,12.75,127.5
PO0015548,SUP04,DS01,SKU0089,2026-01-12,2026-01-13,2026-01-13,10,10,12.75,127.5
PO0015636,SUP03,DS01,SKU0067,2026-04-20,2026-04-23,2026-04-23,7,7,38.13,266.91
PO0015727,SUP01,DS01,SKU0025,2025-04-21,2025-04-23,2025-04-23,6,5,14.48,86.88
PO0015740,SUP01,DS01,SKU0025,2025-07-07,2025-07-09,2025-07-09,6,6,14.48,86.88
PO0015810,SUP05,DS01,SKU0130,2025-07-30,2025-08-03,2025-08-03,23,23,7.08,162.84
PO0015822,SUP05,DS01,SKU0130,2026-05-25,2026-05-29,2026-05-29,23,23,7.08,162.84
PO0015867,SUP05,DS01,SKU0111,2025-08-11,2025-08-15,2025-08-15,12,12,3.26,39.12
PO0015878,SUP05,DS01,SKU0111,2026-01-19,2026-01-23,2026-01-23,12,12,3.26,39.12
PO0015882,SUP05,DS01,SKU0111,2026-02-23,2026-02-27,2026-02-27,12,12,3.26,39.12
PO0015914,SUP02,DS01,SKU0062,2025-09-15,2025-09-17,2025-09-17,14,14,24.92,348.88
PO0015938,SUP02,DS01,SKU0062,2026-06-29,2026-07-01,2026-07-01,14,14,24.92,348.88
PO0015990,SUP08,DS01,SKU0241,2025-03-17,2025-03-24,2025-03-24,9,9,34.0,306.0
PO0016003,SUP08,DS01,SKU0241,2025-08-20,2025-08-27,2025-08-27,9,9,34.0,306.0
PO0016039,SUP02,DS01,SKU0058,2025-04-21,2025-04-23,2025-04-23,15,15,19.05,285.75
PO0016080,SUP04,DS01,SKU0083,2025-03-24,2025-03-25,2025-03-25,6,6,9.98,59.88
PO0016089,SUP04,DS01,SKU0083,2025-05-19,2025-05-20,2025-05-20,6,6,9.98,59.88
PO0016230,SUP04,DS01,SKU0216,2025-11-12,2025-11-13,2025-11-13,4,4,20.81,83.24
PO0016361,SUP07,DS01,SKU0187,2025-06-16,2025-06-21,2025-06-21,8,8,11.03,88.24
PO0016362,SUP07,DS01,SKU0187,2025-06-23,2025-06-28,2025-06-28,8,8,11.03,88.24
PO0016422,SUP06,DS01,SKU0146,2026-03-16,2026-03-22,2026-03-22,17,17,17.85,303.45
PO0016430,SUP08,DS01,SKU0258,2025-01-27,2025-02-03,2025-02-03,8,8,52.13,417.04
PO0016431,SUP08,DS01,SKU0258,2025-02-03,2025-02-10,2025-02-10,8,8,52.13,417.04
PO0016449,SUP08,DS01,SKU0258,2025-07-21,2025-07-28,2025-07-28,8,8,52.13,417.04
PO0016527,SUP03,DS01,SKU0074,2025-10-01,2025-10-04,2025-10-04,4,4,40.02,160.08
PO0016660,SUP08,DS01,SKU0224,2025-11-05,2025-11-12,2025-11-12,7,7,8.95,62.65
PO0016718,SUP01,DS01,SKU0027,2025-10-13,2025-10-15,2025-10-15,10,10,3.36,33.6
PO0016751,SUP04,DS01,SKU0206,2025-01-29,2025-01-30,2025-01-30,7,7,15.1,105.7
PO0016786,SUP04,DS01,SKU0206,2025-09-22,2025-09-23,2025-09-23,7,7,15.1,105.7
PO0016791,SUP04,DS01,SKU0206,2025-10-27,2025-10-28,2025-10-28,7,7,15.1,105.7
PO0016800,SUP04,DS01,SKU0206,2025-12-29,2025-12-30,2025-12-30,7,7,15.1,105.7
PO0016811,SUP04,DS01,SKU0206,2026-03-16,2026-03-17,2026-03-19,7,7,15.1,105.7
PO0016853,SUP01,DS01,SKU0020,2025-02-10,2025-02-12,2025-02-12,6,6,6.67,40.02
PO0016912,SUP01,DS01,SKU0020,2026-04-20,2026-04-22,2026-04-22,6,6,6.67,40.02
PO0016957,SUP04,DS01,SKU0203,2025-08-04,2025-08-05,2025-08-05,5,5,17.48,87.4
PO0017275,SUP05,DS01,SKU0119,2025-06-02,2025-06-06,2025-06-06,20,20,22.09,441.8
PO0017301,SUP04,DS01,SKU0098,2025-03-24,2025-03-25,2025-03-25,7,7,9.64,67.48
PO0017339,SUP04,DS01,SKU0098,2025-12-15,2025-12-16,2025-12-16,7,7,9.64,67.48
PO0017413,SUP07,DS01,SKU0201,2026-05-11,2026-05-16,2026-05-16,7,7,7.44,52.08
PO0017565,SUP08,DS01,SKU0234,2025-10-06,2025-10-13,2025-10-15,9,9,28.46,256.14
PO0017566,SUP08,DS01,SKU0234,2025-10-20,2025-10-27,2025-10-27,9,9,28.46,256.14
PO0017623,SUP01,DS01,SKU0007,2025-01-27,2025-01-29,2025-01-31,12,12,7.74,92.88
PO0017640,SUP01,DS01,SKU0007,2025-05-28,2025-05-30,2025-05-30,12,12,7.74,92.88
PO0017686,SUP01,DS01,SKU0007,2026-05-04,2026-05-06,2026-05-06,12,12,7.74,92.88
PO0017699,SUP08,DS02,SKU0261,2025-01-27,2025-02-03,2025-02-03,56,56,9.59,537.04
PO0017756,SUP08,DS02,SKU0261,2025-08-18,2025-08-25,2025-08-25,56,56,9.59,537.04
PO0017764,SUP08,DS02,SKU0261,2025-09-15,2025-09-22,2025-09-22,77,77,9.59,738.43
PO0017904,SUP06,DS02,SKU0176,2025-07-28,2025-08-03,2025-08-03,60,60,18.93,1135.8
PO0017923,SUP06,DS02,SKU0176,2025-10-01,2025-10-07,2025-10-07,24,24,18.93,454.32
PO0017927,SUP06,DS02,SKU0176,2025-10-15,2025-10-21,2025-10-21,24,24,18.93,454.32
PO0017953,SUP06,DS02,SKU0176,2026-01-14,2026-01-20,2026-01-20,36,36,18.93,681.48
PO0017976,SUP06,DS02,SKU0176,2026-04-08,2026-04-14,2026-04-14,36,36,18.93,681.48
PO0017992,SUP06,DS02,SKU0176,2026-06-03,2026-06-09,2026-06-09,36,36,18.93,681.48
PO0018051,SUP06,DS02,SKU0161,2025-07-07,2025-07-13,2025-07-13,63,63,6.97,439.11
PO0018170,SUP08,DS02,SKU0266,2025-03-05,2025-03-12,2025-03-12,30,30,55.53,1665.9
PO0018419,SUP05,DS02,SKU0117,2026-02-18,2026-02-22,2026-02-22,88,88,6.63,583.44
PO0018452,SUP05,DS02,SKU0117,2026-06-17,2026-06-21,2026-06-21,22,22,6.63,145.86
PO0018566,SUP05,DS02,SKU0122,2026-02-04,2026-02-08,2026-02-08,18,18,14.64,263.52
PO0018580,SUP05,DS02,SKU0122,2026-03-30,2026-04-03,2026-04-03,72,72,14.64,1054.08
PO0018599,SUP05,DS02,SKU0122,2026-06-03,2026-06-07,2026-06-07,18,18,14.64,263.52
PO0018654,SUP06,DS02,SKU0172,2025-06-23,2025-06-29,2025-06-29,56,56,42.5,2380.0
PO0018703,SUP06,DS02,SKU0172,2025-12-10,2025-12-16,2025-12-16,28,28,42.5,1190.0
PO0018751,SUP06,DS02,SKU0172,2026-06-01,2026-06-07,2026-06-07,63,63,42.5,2677.5
PO0018777,SUP04,DS02,SKU0095,2025-03-03,2025-03-04,2025-03-04,27,27,14.05,379.35
PO0018792,SUP04,DS02,SKU0095,2025-04-23,2025-04-24,2025-04-24,18,18,14.05,252.9
PO0018825,SUP04,DS02,SKU0095,2025-08-18,2025-08-19,2025-08-19,27,27,14.05,379.35
PO0018846,SUP04,DS02,SKU0095,2025-10-29,2025-10-30,2025-10-30,27,27,14.05,379.35
PO0018868,SUP04,DS02,SKU0095,2026-01-14,2026-01-15,2026-01-15,18,18,14.05,252.9
PO0018979,SUP04,DS02,SKU0094,2025-08-18,2025-08-19,2025-08-19,32,32,13.38,428.16
PO0018990,SUP04,DS02,SKU0094,2025-09-24,2025-09-25,2025-09-25,8,8,13.38,107.04
PO0018997,SUP04,DS02,SKU0094,2025-10-20,2025-10-21,2025-10-21,32,32,13.38,428.16
PO0019009,SUP04,DS02,SKU0094,2025-12-01,2025-12-02,2025-12-02,32,32,13.38,428.16
PO0019014,SUP04,DS02,SKU0094,2025-12-17,2025-12-18,2025-12-18,8,8,13.38,107.04
PO0019114,SUP03,DS02,SKU0076,2025-09-22,2025-09-25,2025-09-25,32,32,10.47,335.04
PO0019136,SUP03,DS02,SKU0076,2026-02-04,2026-02-07,2026-02-07,8,8,10.47,83.76
PO0019223,SUP05,DS02,SKU0127,2025-09-03,2025-09-07,2025-09-07,22,22,18.35,403.7
PO0019372,SUP05,DS02,SKU0106,2025-12-08,2025-12-12,2025-12-12,24,24,13.19,316.56
PO0019555,SUP08,DS02,SKU0219,2026-05-11,2026-05-18,2026-05-18,48,48,25.73,1235.04
PO0019571,SUP06,DS02,SKU0143,2025-01-08,2025-01-14,2025-01-14,14,11,9.59,134.26
PO0019584,SUP06,DS02,SKU0143,2025-02-26,2025-03-04,2025-03-04,14,14,9.59,134.26
PO0019661,SUP06,DS02,SKU0143,2025-12-03,2025-12-09,2025-12-09,14,14,9.59,134.26
PO0019662,SUP06,DS02,SKU0143,2025-12-08,2025-12-14,2025-12-14,28,28,9.59,268.52
PO0019691,SUP06,DS02,SKU0143,2026-04-01,2026-04-07,2026-04-07,28,28,9.59,268.52
PO0019696,SUP06,DS02,SKU0143,2026-04-20,2026-04-26,2026-04-26,14,14,9.59,134.26
PO0019879,SUP01,DS02,SKU0032,2025-02-12,2025-02-14,2025-02-14,9,9,20.07,180.63
PO0020063,SUP02,DS02,SKU0061,2025-07-28,2025-07-30,2025-07-30,36,36,7.29,262.44
PO0020125,SUP02,DS02,SKU0061,2026-03-25,2026-03-27,2026-03-27,12,12,7.29,87.48
PO0020126,SUP02,DS02,SKU0061,2026-03-30,2026-04-01,2026-04-01,36,36,7.29,262.44
PO0020188,SUP04,DS02,SKU0212,2025-05-05,2025-05-06,2025-05-06,16,16,14.16,226.56
PO0020194,SUP04,DS02,SKU0212,2025-05-26,2025-05-27,2025-05-27,16,16,14.16,226.56
PO0020210,SUP04,DS02,SKU0212,2025-07-21,2025-07-22,2025-07-22,16,16,14.16,226.56
PO0020340,SUP01,DS02,SKU0023,2025-06-18,2025-06-20,2025-06-20,10,10,7.18,71.8
PO0020369,SUP01,DS02,SKU0023,2025-11-17,2025-11-19,2025-11-19,20,20,7.18,143.6
PO0020403,SUP01,DS02,SKU0023,2026-05-04,2026-05-06,2026-05-08,10,10,7.18,71.8
PO0020446,SUP01,DS02,SKU0012,2025-04-21,2025-04-23,2025-04-23,18,18,13.34,240.12
PO0020475,SUP01,DS02,SKU0012,2025-09-01,2025-09-03,2025-09-03,27,27,13.34,360.18
PO0020496,SUP01,DS02,SKU0012,2025-12-01,2025-12-03,2025-12-03,27,27,13.34,360.18
PO0020543,SUP01,DS02,SKU0012,2026-06-10,2026-06-12,2026-06-12,18,13,13.34,240.12
PO0020545,SUP01,DS02,SKU0012,2026-06-17,2026-06-19,2026-06-21,18,13,13.34,240.12
PO0020639,SUP08,DS02,SKU0256,2025-11-26,2025-12-03,2025-12-03,8,8,19.95,159.6
PO0020660,SUP08,DS02,SKU0256,2026-02-11,2026-02-18,2026-02-18,8,8,19.95,159.6
PO0020747,SUP04,DS02,SKU0085,2025-06-16,2025-06-17,2025-06-17,18,18,11.53,207.54
PO0020770,SUP04,DS02,SKU0085,2025-09-08,2025-09-09,2025-09-09,18,18,11.53,207.54
PO0020805,SUP04,DS02,SKU0085,2026-01-12,2026-01-13,2026-01-13,6,6,11.53,69.18
PO0020888,SUP01,DS02,SKU0013,2025-06-02,2025-06-04,2025-06-04,21,21,6.28,131.88
PO0020912,SUP01,DS02,SKU0013,2025-08-27,2025-08-29,2025-08-29,7,7,6.28,43.96
PO0020943,SUP01,DS02,SKU0013,2025-12-31,2026-01-02,2026-01-02,14,14,6.28,87.92
PO0021075,SUP06,DS02,SKU0169,2025-11-17,2025-11-23,2025-11-23,21,21,5.78,121.38
PO0021134,SUP06,DS02,SKU0169,2026-06-24,2026-06-30,2026-06-30,7,7,5.78,40.46
PO0021163,SUP06,DS02,SKU0132,2025-06-04,2025-06-10,2025-06-10,17,17,2.19,37.23
PO0021212,SUP06,DS02,SKU0132,2026-02-16,2026-02-22,2026-02-22,17,17,2.19,37.23
PO0021231,SUP06,DS02,SKU0132,2026-05-27,2026-06-02,2026-06-02,17,17,2.19,37.23
PO0021233,SUP06,DS02,SKU0132,2026-06-03,2026-06-09,2026-06-09,17,17,2.19,37.23
PO0021323,SUP08,DS02,SKU0218,2025-12-01,2025-12-08,2025-12-08,16,16,27.82,445.12
PO0021364,SUP08,DS02,SKU0218,2026-05-04,2026-05-11,2026-05-11,8,8,27.82,222.56
PO0021382,SUP02,DS02,SKU0043,2025-01-06,2025-01-08,2025-01-08,15,15,23.87,358.05
PO0021565,SUP03,DS02,SKU0066,2025-10-15,2025-10-18,2025-10-18,7,7,24.41,170.87
PO0021610,SUP03,DS02,SKU0066,2026-04-06,2026-04-09,2026-04-10,14,14,24.41,341.74
PO0021642,SUP05,DS02,SKU0113,2025-02-17,2025-02-21,2025-02-21,17,17,24.71,420.07
PO0021644,SUP05,DS02,SKU0113,2025-03-03,2025-03-07,2025-03-07,34,34,24.71,840.14
PO0021688,SUP05,DS02,SKU0113,2025-09-29,2025-10-03,2025-10-03,34,34,24.71,840.14
PO0021697,SUP05,DS02,SKU0113,2025-11-17,2025-11-21,2025-11-21,17,17,24.71,420.07
PO0021756,SUP05,DS02,SKU0103,2025-02-24,2025-02-28,2025-02-28,24,24,13.83,331.92
PO0021761,SUP05,DS02,SKU0103,2025-03-19,2025-03-23,2025-03-23,12,12,13.83,165.96
PO0021778,SUP05,DS02,SKU0103,2025-06-02,2025-06-06,2025-06-06,12,12,13.83,165.96
PO0021804,SUP05,DS02,SKU0103,2025-09-22,2025-09-26,2025-09-26,12,12,13.83,165.96
PO0021824,SUP05,DS02,SKU0103,2025-12-22,2025-12-26,2025-12-26,12,12,13.83,165.96
PO0021856,SUP05,DS02,SKU0103,2026-05-06,2026-05-10,2026-05-10,12,12,13.83,165.96
PO0022004,SUP08,DS02,SKU0259,2025-07-07,2025-07-14,2025-07-14,20,20,28.05,561.0
PO0022163,SUP04,DS02,SKU0209,2025-09-15,2025-09-16,2025-09-16,12,12,11.93,143.16
PO0022165,SUP04,DS02,SKU0209,2025-09-22,2025-09-23,2025-09-23,12,12,11.93,143.16
PO0022218,SUP04,DS02,SKU0209,2026-03-25,2026-03-26,2026-03-26,12,12,11.93,143.16
PO0022375,SUP06,DS02,SKU0181,2025-02-03,2025-02-09,2025-02-09,18,17,9.21,165.78
PO0022399,SUP06,DS02,SKU0181,2025-05-07,2025-05-13,2025-05-13,9,9,9.21,82.89
PO0022410,SUP06,DS02,SKU0181,2025-06-18,2025-06-24,2025-06-24,9,9,9.21,82.89
PO0022416,SUP06,DS02,SKU0181,2025-07-14,2025-07-20,2025-07-20,27,27,9.21,248.67
PO0022455,SUP06,DS02,SKU0181,2025-12-17,2025-12-23,2025-12-23,9,9,9.21,82.89
PO0022473,SUP06,DS02,SKU0181,2026-02-23,2026-03-01,2026-03-01,36,36,9.21,331.56
PO0022514,SUP06,DS02,SKU0135,2025-02-12,2025-02-18,2025-02-18,16,16,13.81,220.96
PO0022659,SUP01,DS02,SKU0016,2025-06-30,2025-07-02,2025-07-02,24,24,20.09,482.16
PO0022702,SUP01,DS02,SKU0016,2026-01-05,2026-01-07,2026-01-07,16,16,20.09,321.44
PO0022806,SUP03,DS02,SKU0081,2025-11-03,2025-11-06,2025-11-06,16,16,56.35,901.6
PO0022905,SUP08,DS02,SKU0257,2025-08-11,2025-08-18,2025-08-18,11,11,30.99,340.89
PO0022942,SUP08,DS02,SKU0257,2026-01-14,2026-01-21,2026-01-21,11,11,30.99,340.89
PO0023034,SUP07,DS02,SKU0195,2025-08-13,2025-08-18,2025-08-18,9,9,10.67,96.03
PO0023041,SUP07,DS02,SKU0195,2025-09-08,2025-09-13,2025-09-13,9,9,10.67,96.03
PO0023160,SUP02,DS02,SKU0049,2025-08-06,2025-08-08,2025-08-08,15,15,4.82,72.3
PO0023178,SUP02,DS02,SKU0049,2025-10-27,2025-10-29,2025-10-29,15,15,4.82,72.3
PO0023180,SUP02,DS02,SKU0049,2025-11-03,2025-11-05,2025-11-05,15,15,4.82,72.3
PO0023233,SUP01,DS02,SKU0030,2025-01-08,2025-01-10,2025-01-10,16,16,2.77,44.32
PO0023273,SUP01,DS02,SKU0030,2025-07-07,2025-07-09,2025-07-09,16,16,2.77,44.32
PO0023364,SUP08,DS02,SKU0236,2025-01-15,2025-01-22,2025-01-22,6,6,7.43,44.58
PO0023392,SUP08,DS02,SKU0236,2025-04-30,2025-05-07,2025-05-07,12,12,7.43,89.16
PO0023405,SUP08,DS02,SKU0236,2025-06-16,2025-06-23,2025-06-23,24,24,7.43,178.32
PO0023420,SUP08,DS02,SKU0236,2025-08-06,2025-08-13,2025-08-13,12,12,7.43,89.16
PO0023485,SUP08,DS02,SKU0236,2026-04-01,2026-04-08,2026-04-08,6,6,7.43,44.58
PO0023523,SUP08,DS02,SKU0242,2025-02-24,2025-03-03,2025-03-03,12,12,11.11,133.32
PO0023546,SUP08,DS02,SKU0242,2025-05-28,2025-06-04,2025-06-04,6,6,11.11,66.66
PO0023560,SUP08,DS02,SKU0242,2025-07-21,2025-07-28,2025-07-28,12,12,11.11,133.32
PO0023611,SUP08,DS02,SKU0242,2026-01-21,2026-01-28,2026-01-28,6,6,11.11,66.66
PO0023663,SUP08,DS02,SKU0251,2025-01-29,2025-02-05,2025-02-06,12,12,9.4,112.8
PO0023761,SUP08,DS02,SKU0251,2026-01-19,2026-01-26,2026-01-26,18,18,9.4,169.2
PO0023770,SUP08,DS02,SKU0251,2026-02-23,2026-03-02,2026-03-02,12,12,9.4,112.8
PO0023792,SUP08,DS02,SKU0251,2026-05-18,2026-05-25,2026-05-25,24,24,9.4,225.6
PO0023947,SUP08,DS02,SKU0230,2025-05-26,2025-06-02,2025-06-02,11,11,25.78,283.58
PO0023953,SUP08,DS02,SKU0230,2025-06-23,2025-06-30,2025-06-30,11,11,25.78,283.58
PO0023970,SUP08,DS02,SKU0230,2025-09-10,2025-09-17,2025-09-17,11,11,25.78,283.58
PO0024161,SUP08,DS02,SKU0225,2025-03-12,2025-03-19,2025-03-19,8,8,15.57,124.56
PO0024171,SUP08,DS02,SKU0225,2025-04-30,2025-05-07,2025-05-07,8,8,15.57,124.56
PO0024187,SUP08,DS02,SKU0225,2025-07-02,2025-07-09,2025-07-09,16,16,15.57,249.12
PO0024232,SUP08,DS02,SKU0225,2025-12-24,2025-12-31,2025-12-31,8,8,15.57,124.56
PO0024366,SUP02,DS02,SKU0046,2026-02-25,2026-02-27,2026-02-27,11,11,5.49,60.39
PO0024428,SUP04,DS02,SKU0092,2025-05-05,2025-05-06,2025-05-06,8,8,13.24,105.92
PO0024467,SUP04,DS02,SKU0092,2025-10-01,2025-10-02,2025-10-02,8,8,13.24,105.92
PO0024481,SUP04,DS02,SKU0092,2025-12-01,2025-12-02,2025-12-02,8,8,13.24,105.92
PO0024486,SUP04,DS02,SKU0092,2025-12-29,2025-12-30,2025-12-30,8,8,13.24,105.92
PO0024492,SUP04,DS02,SKU0092,2026-01-28,2026-01-29,2026-01-29,8,8,13.24,105.92
PO0024595,SUP08,DS02,SKU0240,2025-09-17,2025-09-24,2025-09-24,6,6,6.79,40.74
PO0024731,SUP08,DS02,SKU0260,2025-10-27,2025-11-03,2025-11-03,10,10,37.49,374.9
PO0024754,SUP08,DS02,SKU0260,2026-02-09,2026-02-16,2026-02-16,10,10,37.49,374.9
PO0024799,SUP08,DS02,SKU0264,2025-03-31,2025-04-07,2025-04-07,12,12,37.12,445.44
PO0024870,SUP08,DS02,SKU0264,2026-04-27,2026-05-04,2026-05-04,12,12,37.12,445.44
PO0024951,SUP08,DS02,SKU0226,2025-12-22,2025-12-29,2025-12-29,12,12,19.38,232.56
PO0025012,SUP06,DS02,SKU0156,2025-08-11,2025-08-17,2025-08-17,24,24,6.97,167.28
PO0025058,SUP04,DS02,SKU0086,2025-02-10,2025-02-11,2025-02-11,7,7,12.37,86.59
PO0025117,SUP04,DS02,SKU0086,2025-09-10,2025-09-11,2025-09-11,7,7,12.37,86.59
PO0025172,SUP04,DS02,SKU0086,2026-04-01,2026-04-02,2026-04-02,7,7,12.37,86.59
PO0025214,SUP01,DS02,SKU0022,2025-03-05,2025-03-07,2025-03-07,9,9,11.52,103.68
PO0025404,SUP07,DS02,SKU0198,2026-06-01,2026-06-06,2026-06-06,11,11,16.38,180.18
PO0025414,SUP06,DS02,SKU0138,2025-02-03,2025-02-09,2025-02-09,16,16,14.33,229.28
PO0025498,SUP07,DS02,SKU0194,2025-02-26,2025-03-03,2025-03-03,7,7,33.9,237.3
PO0025550,SUP07,DS02,SKU0194,2025-10-08,2025-10-13,2025-10-13,7,7,33.9,237.3
PO0025626,SUP05,DS02,SKU0121,2025-06-18,2025-06-22,2025-06-22,23,23,18.9,434.7
PO0025731,SUP06,DS02,SKU0145,2026-04-27,2026-05-03,2026-05-03,17,17,15.51,263.67
PO0025755,SUP05,DS02,SKU0128,2025-04-21,2025-04-25,2025-04-25,16,16,19.75,316.0
PO0025804,SUP05,DS02,SKU0128,2026-03-18,2026-03-22,2026-03-22,16,16,19.75,316.0
PO0025997,SUP02,DS02,SKU0035,2025-07-09,2025-07-11,2025-07-11,11,11,16.75,184.25
PO0026162,SUP02,DS02,SKU0059,2026-06-17,2026-06-19,2026-06-19,10,10,22.04,220.4
PO0026164,SUP02,DS02,SKU0059,2026-06-24,2026-06-26,2026-06-26,10,10,22.04,220.4
PO0026221,SUP01,DS02,SKU0011,2025-09-08,2025-09-10,2025-09-10,10,10,16.51,165.1
PO0026262,SUP01,DS02,SKU0011,2026-03-11,2026-03-13,2026-03-13,10,8,16.51,165.1
PO0026275,SUP01,DS02,SKU0011,2026-05-18,2026-05-20,2026-05-20,10,10,16.51,165.1
PO0026392,SUP06,DS02,SKU0179,2025-06-11,2025-06-17,2025-06-17,7,7,19.74,138.18
PO0026402,SUP06,DS02,SKU0179,2025-07-21,2025-07-27,2025-07-27,14,14,19.74,276.36
PO0026407,SUP06,DS02,SKU0179,2025-08-11,2025-08-17,2025-08-17,14,14,19.74,276.36
PO0026450,SUP06,DS02,SKU0179,2026-03-02,2026-03-08,2026-03-08,7,7,19.74,138.18
PO0026493,SUP04,DS02,SKU0210,2025-02-17,2025-02-18,2025-02-18,6,6,24.59,147.54
PO0026518,SUP04,DS02,SKU0210,2025-06-16,2025-06-17,2025-06-17,6,6,24.59,147.54
PO0026672,SUP03,DS02,SKU0063,2026-01-26,2026-01-29,2026-01-29,5,5,41.59,207.95
PO0026703,SUP01,DS02,SKU0002,2025-01-06,2025-01-08,2025-01-08,12,12,11.62,139.44
PO0026704,SUP01,DS02,SKU0002,2025-01-13,2025-01-15,2025-01-15,12,12,11.62,139.44
PO0026736,SUP01,DS02,SKU0002,2025-07-16,2025-07-18,2025-07-20,12,12,11.62,139.44
PO0026880,SUP04,DS02,SKU0096,2026-01-21,2026-01-22,2026-01-22,9,9,7.28,65.52
PO0026924,SUP04,DS02,SKU0207,2025-01-22,2025-01-23,2025-01-23,6,6,14.97,89.82
PO0027118,SUP04,DS02,SKU0091,2026-01-19,2026-01-20,2026-01-20,9,9,11.99,107.91
PO0027129,SUP04,DS02,SKU0091,2026-03-18,2026-03-19,2026-03-19,9,9,11.99,107.91
PO0027176,SUP04,DS02,SKU0213,2025-05-05,2025-05-06,2025-05-06,6,6,12.99,77.94
PO0027366,SUP02,DS02,SKU0047,2026-05-20,2026-05-22,2026-05-22,12,12,15.74,188.88
PO0027412,SUP03,DS02,SKU0068,2025-09-15,2025-09-18,2025-09-18,8,8,50.9,407.2
PO0027451,SUP03,DS02,SKU0068,2026-05-25,2026-05-28,2026-05-28,8,8,50.9,407.2
PO0027665,SUP04,DS02,SKU0215,2026-03-02,2026-03-03,2026-03-03,7,7,23.43,164.01
PO0027710,SUP07,DS02,SKU0197,2025-05-28,2025-06-02,2025-06-02,12,9,22.89,274.68
PO0027866,SUP08,DS02,SKU0238,2025-03-24,2025-03-31,2025-03-31,7,7,29.64,207.48
PO0027872,SUP08,DS02,SKU0238,2025-04-21,2025-04-28,2025-04-28,7,7,29.64,207.48
PO0027899,SUP08,DS02,SKU0238,2025-09-17,2025-09-24,2025-09-24,7,7,29.64,207.48
PO0027932,SUP08,DS02,SKU0238,2026-02-16,2026-02-23,2026-02-23,7,7,29.64,207.48
PO0027956,SUP08,DS02,SKU0238,2026-06-01,2026-06-08,2026-06-08,7,7,29.64,207.48
PO0027965,SUP08,DS02,SKU0222,2025-01-01,2025-01-08,2025-01-08,24,18,29.64,711.36
PO0028165,SUP04,DS02,SKU0205,2026-05-25,2026-05-26,2026-05-26,5,5,23.96,119.8
PO0028213,SUP05,DS02,SKU0114,2026-05-11,2026-05-15,2026-05-15,20,20,23.03,460.6
PO0028225,SUP06,DS02,SKU0131,2025-04-14,2025-04-20,2025-04-20,19,19,17.2,326.8
PO0028262,SUP06,DS02,SKU0131,2026-06-29,2026-07-05,2026-07-05,19,19,17.2,326.8
PO0028301,SUP05,DS02,SKU0115,2026-02-23,2026-02-27,2026-02-27,16,16,2.42,38.72
PO0028343,SUP07,DS02,SKU0190,2025-07-14,2025-07-19,2025-07-19,9,9,24.75,222.75
PO0028384,SUP07,DS02,SKU0190,2026-04-27,2026-05-02,2026-05-02,9,9,24.75,222.75
PO0028481,SUP03,DS02,SKU0069,2025-01-01,2025-01-04,2025-01-04,12,12,47.96,575.52
PO0028528,SUP03,DS02,SKU0069,2025-08-04,2025-08-07,2025-08-07,4,4,47.96,191.84
PO0028537,SUP03,DS02,SKU0069,2025-09-15,2025-09-18,2025-09-18,12,12,47.96,575.52
PO0028567,SUP03,DS02,SKU0069,2026-01-26,2026-01-29,2026-01-29,4,4,47.96,191.84
PO0028600,SUP03,DS02,SKU0069,2026-06-15,2026-06-18,2026-06-18,12,12,47.96,575.52
PO0028614,SUP02,DS02,SKU0052,2025-03-31,2025-04-02,2025-04-02,10,10,12.38,123.8
PO0028620,SUP02,DS02,SKU0052,2025-05-19,2025-05-21,2025-05-21,10,10,12.38,123.8
PO0028652,SUP02,DS02,SKU0052,2026-02-02,2026-02-04,2026-02-04,10,10,12.38,123.8
PO0028656,SUP02,DS02,SKU0052,2026-02-23,2026-02-25,2026-02-26,10,10,12.38,123.8
PO0028721,SUP01,DS02,SKU0028,2025-09-15,2025-09-17,2025-09-17,8,8,5.7,45.6
PO0028736,SUP01,DS02,SKU0028,2025-12-08,2025-12-10,2025-12-10,8,8,5.7,45.6
PO0028851,SUP07,DS02,SKU0193,2025-03-17,2025-03-22,2025-03-22,8,8,27.14,217.12
PO0028974,SUP01,DS02,SKU0029,2025-11-05,2025-11-07,2025-11-07,8,8,21.46,171.68
PO0029108,SUP02,DS02,SKU0044,2025-03-19,2025-03-21,2025-03-21,13,13,11.41,148.33
PO0029242,SUP06,DS02,SKU0174,2026-06-15,2026-06-21,2026-06-21,7,7,37.74,264.18
PO0029302,SUP01,DS02,SKU0026,2026-01-12,2026-01-14,2026-01-14,8,8,4.22,33.76
PO0029322,SUP01,DS02,SKU0026,2026-06-08,2026-06-10,2026-06-10,8,6,4.22,33.76
PO0029325,SUP01,DS02,SKU0026,2026-06-17,2026-06-19,2026-06-19,8,4,4.22,33.76
PO0029345,SUP01,DS02,SKU0021,2025-04-21,2025-04-23,2025-04-23,7,7,18.1,126.7
PO0029357,SUP01,DS02,SKU0021,2025-07-07,2025-07-09,2025-07-09,7,7,18.1,126.7
PO0029406,SUP01,DS02,SKU0021,2026-05-18,2026-05-20,2026-05-20,7,7,18.1,126.7
PO0029475,SUP05,DS02,SKU0129,2025-05-12,2025-05-16,2025-05-16,14,14,20.63,288.82
PO0029540,SUP07,DS02,SKU0188,2025-08-20,2025-08-25,2025-08-25,8,8,38.92,311.36
PO0029621,SUP04,DS02,SKU0099,2025-01-15,2025-01-16,2025-01-16,10,10,10.45,104.5
PO0029636,SUP04,DS02,SKU0099,2025-04-28,2025-04-29,2025-04-29,10,10,10.45,104.5
PO0029664,SUP04,DS02,SKU0099,2025-11-03,2025-11-04,2025-11-04,10,10,10.45,104.5
PO0029707,SUP06,DS02,SKU0180,2025-03-10,2025-03-16,2025-03-16,9,9,40.74,366.66
PO0029812,SUP01,DS02,SKU0008,2025-11-10,2025-11-12,2025-11-12,12,12,4.5,54.0
PO0029973,SUP01,DS02,SKU0003,2025-04-21,2025-04-23,2025-04-23,7,7,10.36,72.52
PO0029978,SUP01,DS02,SKU0003,2025-05-26,2025-05-28,2025-05-28,7,7,10.36,72.52
PO0029985,SUP01,DS02,SKU0003,2025-07-14,2025-07-16,2025-07-16,7,7,10.36,72.52
PO0030050,SUP01,DS02,SKU0001,2025-03-05,2025-03-07,2025-03-07,6,6,4.07,24.42
PO0030073,SUP01,DS02,SKU0001,2025-07-14,2025-07-16,2025-07-16,6,6,4.07,24.42
PO0030350,SUP03,DS02,SKU0072,2025-06-30,2025-07-03,2025-07-05,6,6,47.33,283.98
PO0030448,SUP06,DS02,SKU0142,2026-06-10,2026-06-16,2026-06-16,13,13,14.45,187.85
PO0030522,SUP01,DS02,SKU0015,2026-01-19,2026-01-21,2026-01-21,11,11,18.01,198.11
PO0030538,SUP01,DS02,SKU0015,2026-05-20,2026-05-22,2026-05-22,11,11,18.01,198.11
PO0030622,SUP05,DS02,SKU0104,2025-01-22,2025-01-26,2025-01-26,21,21,13.87,291.27
PO0030642,SUP05,DS02,SKU0104,2026-03-02,2026-03-06,2026-03-06,21,21,13.87,291.27
PO0030649,SUP05,DS02,SKU0104,2026-06-24,2026-06-28,2026-06-28,21,21,13.87,291.27
PO0030765,SUP02,DS02,SKU0053,2025-03-24,2025-03-26,2025-03-26,15,14,18.78,281.7
PO0030824,SUP07,DS02,SKU0185,2025-10-08,2025-10-13,2025-10-15,11,11,9.44,103.84
PO0030849,SUP07,DS02,SKU0185,2026-06-29,2026-07-04,2026-07-04,11,11,9.44,103.84
PO0030884,SUP08,DS02,SKU0250,2025-09-10,2025-09-17,2025-09-17,7,7,6.1,42.7
PO0030897,SUP08,DS02,SKU0250,2025-12-01,2025-12-08,2025-12-08,7,7,6.1,42.7
PO0030900,SUP08,DS02,SKU0250,2025-12-29,2026-01-05,2026-01-05,7,7,6.1,42.7
PO0030976,SUP01,DS02,SKU0009,2025-12-01,2025-12-03,2025-12-03,8,8,4.73,37.84
PO0031012,SUP01,DS02,SKU0017,2025-01-27,2025-01-29,2025-01-29,9,9,15.78,142.02
PO0031042,SUP01,DS02,SKU0017,2025-09-01,2025-09-03,2025-09-03,9,9,15.78,142.02
PO0031126,SUP08,DS02,SKU0254,2026-06-24,2026-07-01,2026-07-01,11,11,6.75,74.25
PO0031205,SUP06,DS02,SKU0154,2026-03-02,2026-03-08,2026-03-08,21,21,5.87,123.27
PO0031226,SUP04,DS02,SKU0093,2025-04-07,2025-04-08,2025-04-08,10,10,3.65,36.5
PO0031245,SUP04,DS02,SKU0093,2025-08-18,2025-08-19,2025-08-19,10,10,3.65,36.5
PO0031310,SUP06,DS02,SKU0136,2025-09-29,2025-10-05,2025-10-05,14,14,20.16,282.24
PO0031355,SUP04,DS02,SKU0100,2025-06-30,2025-07-01,2025-07-01,10,10,4.5,45.0
PO0031391,SUP04,DS02,SKU0100,2026-03-09,2026-03-10,2026-03-10,10,10,4.5,45.0
PO0031421,SUP04,DS02,SKU0090,2025-03-31,2025-04-01,2025-04-01,10,10,8.38,83.8
PO0031448,SUP04,DS02,SKU0090,2025-10-06,2025-10-07,2025-10-07,10,10,8.38,83.8
PO0031480,SUP04,DS02,SKU0090,2026-05-18,2026-05-19,2026-05-19,10,10,8.38,83.8
PO0031541,SUP03,DS02,SKU0070,2025-12-01,2025-12-04,2025-12-05,5,5,16.1,80.5
PO0031554,SUP03,DS02,SKU0070,2026-02-18,2026-02-21,2026-02-21,5,5,16.1,80.5
PO0031592,SUP04,DS02,SKU0204,2025-04-21,2025-04-22,2025-04-22,7,7,17.64,123.48
PO0031633,SUP04,DS02,SKU0204,2026-01-05,2026-01-06,2026-01-06,7,7,17.64,123.48
PO0031662,SUP07,DS02,SKU0183,2025-01-15,2025-01-20,2025-01-20,7,6,12.43,87.01
PO0031663,SUP07,DS02,SKU0183,2025-01-20,2025-01-25,2025-01-27,7,7,12.43,87.01
PO0031691,SUP07,DS02,SKU0183,2025-09-15,2025-09-20,2025-09-20,7,7,12.43,87.01
PO0031705,SUP07,DS02,SKU0183,2025-12-22,2025-12-27,2025-12-27,7,7,12.43,87.01
PO0031979,SUP06,DS02,SKU0158,2026-03-09,2026-03-15,2026-03-15,6,6,4.87,29.22
PO0031987,SUP06,DS02,SKU0158,2026-04-27,2026-05-03,2026-05-03,6,6,4.87,29.22
PO0032026,SUP03,DS02,SKU0077,2025-08-04,2025-08-07,2025-08-07,6,6,13.69,82.14
PO0032285,SUP02,DS02,SKU0041,2025-11-03,2025-11-05,2025-11-05,16,16,4.33,69.28
PO0032290,SUP02,DS02,SKU0041,2026-02-02,2026-02-04,2026-02-04,16,16,4.33,69.28
PO0032378,SUP01,DS02,SKU0025,2026-01-26,2026-01-28,2026-01-28,6,6,14.48,86.88
PO0032421,SUP05,DS02,SKU0130,2026-01-28,2026-02-01,2026-02-01,23,23,7.08,162.84
PO0032518,SUP02,DS02,SKU0062,2026-03-16,2026-03-18,2026-03-18,14,14,24.92,348.88
PO0032578,SUP02,DS02,SKU0058,2025-09-03,2025-09-05,2025-09-05,15,15,19.05,285.75
PO0032615,SUP04,DS02,SKU0083,2025-05-19,2025-05-20,2025-05-20,6,6,9.98,59.88
PO0032665,SUP04,DS02,SKU0083,2026-04-20,2026-04-21,2026-04-21,6,6,9.98,59.88
PO0032712,SUP04,DS02,SKU0216,2025-07-14,2025-07-15,2025-07-15,4,4,20.81,83.24
PO0032760,SUP04,DS02,SKU0216,2026-03-09,2026-03-10,2026-03-10,4,4,20.81,83.24
PO0032814,SUP03,DS02,SKU0071,2025-11-17,2025-11-20,2025-11-20,8,8,22.16,177.28
PO0032815,SUP03,DS02,SKU0071,2025-12-01,2025-12-04,2025-12-04,8,8,22.16,177.28
PO0032853,SUP07,DS02,SKU0187,2025-07-07,2025-07-12,2025-07-12,8,8,11.03,88.24
PO0032932,SUP08,DS02,SKU0258,2025-08-11,2025-08-18,2025-08-19,8,8,52.13,417.04
PO0032953,SUP08,DS02,SKU0258,2026-03-18,2026-03-25,2026-03-27,8,7,52.13,417.04
PO0033010,SUP03,DS02,SKU0074,2025-11-17,2025-11-20,2025-11-20,4,4,40.02,160.08
PO0033197,SUP08,DS03,SKU0261,2026-01-19,2026-01-26,2026-01-26,77,77,9.59,738.43
PO0033203,SUP08,DS03,SKU0261,2026-02-09,2026-02-16,2026-02-16,84,84,9.59,805.56
PO0033246,SUP06,DS03,SKU0176,2025-01-13,2025-01-19,2025-01-19,72,72,18.93,1362.96
PO0033257,SUP06,DS03,SKU0176,2025-02-19,2025-02-25,2025-02-25,24,24,18.93,454.32
PO0033350,SUP06,DS03,SKU0176,2026-01-14,2026-01-20,2026-01-20,36,36,18.93,681.48
PO0033396,SUP06,DS03,SKU0161,2025-01-01,2025-01-07,2025-01-07,180,180,6.97,1254.6
PO0033399,SUP06,DS03,SKU0161,2025-01-15,2025-01-21,2025-01-21,27,27,6.97,188.19
PO0033405,SUP06,DS03,SKU0161,2025-02-05,2025-02-11,2025-02-11,27,21,6.97,188.19
PO0033424,SUP06,DS03,SKU0161,2025-04-16,2025-04-22,2025-04-22,27,27,6.97,188.19
PO0033602,SUP08,DS03,SKU0266,2025-07-16,2025-07-23,2025-07-23,30,30,55.53,1665.9
PO0033636,SUP08,DS03,SKU0266,2025-11-12,2025-11-19,2025-11-19,36,36,55.53,1999.08
PO0033679,SUP08,DS03,SKU0266,2026-04-13,2026-04-20,2026-04-20,72,72,55.53,3998.16
PO0033724,SUP05,DS03,SKU0117,2025-03-19,2025-03-23,2025-03-23,44,44,6.63,291.72
PO0033746,SUP05,DS03,SKU0117,2025-06-09,2025-06-13,2025-06-13,88,88,6.63,583.44
PO0033778,SUP05,DS03,SKU0117,2025-09-29,2025-10-03,2025-10-03,110,110,6.63,729.3
PO0033845,SUP05,DS03,SKU0117,2026-05-25,2026-05-29,2026-05-29,88,88,6.63,583.44
PO0033848,SUP05,DS03,SKU0117,2026-06-03,2026-06-07,2026-06-07,22,22,6.63,145.86
PO0033894,SUP05,DS03,SKU0122,2025-05-21,2025-05-25,2025-05-25,36,36,14.64,527.04
PO0033971,SUP05,DS03,SKU0122,2026-02-16,2026-02-20,2026-02-20,54,40,14.64,790.56
PO0033988,SUP05,DS03,SKU0122,2026-04-20,2026-04-24,2026-04-24,90,90,14.64,1317.6
PO0033998,SUP05,DS03,SKU0122,2026-05-25,2026-05-29,2026-05-29,72,72,14.64,1054.08
PO0034049,SUP06,DS03,SKU0172,2025-05-28,2025-06-03,2025-06-03,42,42,42.5,1785.0
PO0034146,SUP06,DS03,SKU0172,2026-05-06,2026-05-12,2026-05-12,42,42,42.5,1785.0
PO0034206,SUP04,DS03,SKU0095,2025-06-04,2025-06-05,2025-06-05,27,27,14.05,379.35
PO0034282,SUP04,DS03,SKU0095,2026-03-02,2026-03-03,2026-03-03,36,36,14.05,505.8
PO0034402,SUP04,DS03,SKU0094,2025-10-27,2025-10-28,2025-10-28,40,40,13.38,535.2
PO0034452,SUP04,DS03,SKU0094,2026-04-20,2026-04-21,2026-04-21,48,48,13.38,642.24
PO0034466,SUP04,DS03,SKU0094,2026-06-08,2026-06-09,2026-06-09,48,48,13.38,642.24
PO0034526,SUP03,DS03,SKU0076,2025-09-24,2025-09-27,2025-09-27,8,8,10.47,83.76
PO0034559,SUP03,DS03,SKU0076,2026-03-30,2026-04-02,2026-04-02,48,48,10.47,502.56
PO0034692,SUP05,DS03,SKU0127,2026-03-09,2026-03-13,2026-03-13,66,66,18.35,1211.1
PO0034747,SUP05,DS03,SKU0106,2025-03-31,2025-04-04,2025-04-04,48,48,13.19,633.12
PO0034804,SUP05,DS03,SKU0106,2025-11-05,2025-11-09,2025-11-09,24,24,13.19,316.56
PO0034826,SUP05,DS03,SKU0106,2026-02-02,2026-02-06,2026-02-06,48,48,13.19,633.12
PO0034836,SUP05,DS03,SKU0106,2026-03-09,2026-03-13,2026-03-13,96,89,13.19,1266.24
PO0034850,SUP05,DS03,SKU0106,2026-05-04,2026-05-08,2026-05-08,72,72,13.19,949.68
PO0034885,SUP08,DS03,SKU0219,2025-03-10,2025-03-17,2025-03-17,48,48,25.73,1235.04
PO0034924,SUP08,DS03,SKU0219,2025-07-28,2025-08-04,2025-08-04,48,48,25.73,1235.04
PO0035030,SUP06,DS03,SKU0143,2025-02-05,2025-02-11,2025-02-11,14,14,9.59,134.26
PO0035061,SUP06,DS03,SKU0143,2025-05-28,2025-06-03,2025-06-03,28,28,9.59,268.52
PO0035119,SUP06,DS03,SKU0143,2025-12-22,2025-12-28,2025-12-28,28,28,9.59,268.52
PO0035127,SUP06,DS03,SKU0143,2026-01-19,2026-01-25,2026-01-25,56,56,9.59,537.04
PO0035172,SUP06,DS03,SKU0143,2026-06-24,2026-06-30,2026-06-30,28,28,9.59,268.52
PO0035272,SUP01,DS03,SKU0018,2025-12-22,2025-12-24,2025-12-24,35,35,9.93,347.55
PO0035349,SUP01,DS03,SKU0032,2025-03-24,2025-03-26,2025-03-26,54,54,20.07,1083.78
PO0035558,SUP02,DS03,SKU0061,2025-10-22,2025-10-24,2025-10-24,12,12,7.29,87.48
PO0035591,SUP02,DS03,SKU0061,2026-02-18,2026-02-20,2026-02-20,36,36,7.29,262.44
PO0035640,SUP04,DS03,SKU0212,2025-02-10,2025-02-11,2025-02-11,20,20,14.16,283.2
PO0035694,SUP04,DS03,SKU0212,2025-08-18,2025-08-19,2025-08-19,24,24,14.16,339.84
PO0035697,SUP04,DS03,SKU0212,2025-08-27,2025-08-28,2025-08-28,12,12,14.16,169.92
PO0035784,SUP04,DS03,SKU0212,2026-06-29,2026-06-30,2026-06-30,28,28,14.16,396.48
PO0035981,SUP01,DS03,SKU0012,2025-08-11,2025-08-13,2025-08-13,36,36,13.34,480.24
PO0035982,SUP01,DS03,SKU0012,2025-08-13,2025-08-15,2025-08-15,9,9,13.34,120.06
PO0036087,SUP08,DS03,SKU0256,2025-03-24,2025-03-31,2025-03-31,24,24,19.95,478.8
PO0036099,SUP08,DS03,SKU0256,2025-05-07,2025-05-14,2025-05-14,16,16,19.95,319.2
PO0036245,SUP04,DS03,SKU0085,2025-04-07,2025-04-08,2025-04-08,24,24,11.53,276.72
PO0036254,SUP04,DS03,SKU0085,2025-05-07,2025-05-08,2025-05-08,24,24,11.53,276.72
PO0036472,SUP01,DS03,SKU0013,2026-01-12,2026-01-14,2026-01-14,28,28,6.28,175.84
PO0036527,SUP06,DS03,SKU0169,2025-02-03,2025-02-09,2025-02-09,14,14,5.78,80.92
PO0036571,SUP06,DS03,SKU0169,2025-07-14,2025-07-20,2025-07-20,28,28,5.78,161.84
PO0036590,SUP06,DS03,SKU0169,2025-09-17,2025-09-23,2025-09-23,14,14,5.78,80.92
PO0036618,SUP06,DS03,SKU0169,2025-12-24,2025-12-30,2025-12-30,14,14,5.78,80.92
PO0036644,SUP06,DS03,SKU0169,2026-03-30,2026-04-05,2026-04-05,28,28,5.78,161.84
PO0036726,SUP06,DS03,SKU0132,2025-08-25,2025-08-31,2025-08-31,17,17,2.19,37.23
PO0036742,SUP06,DS03,SKU0132,2025-10-22,2025-10-28,2025-10-28,17,17,2.19,37.23
PO0036755,SUP06,DS03,SKU0132,2025-12-10,2025-12-16,2025-12-16,17,16,2.19,37.23
PO0036800,SUP06,DS03,SKU0132,2026-06-03,2026-06-09,2026-06-09,17,17,2.19,37.23
PO0036888,SUP08,DS03,SKU0218,2025-10-20,2025-10-27,2025-10-27,32,32,27.82,890.24
PO0036926,SUP08,DS03,SKU0218,2026-03-04,2026-03-11,2026-03-11,16,16,27.82,445.12
PO0036927,SUP08,DS03,SKU0218,2026-03-09,2026-03-16,2026-03-16,32,32,27.82,890.24
PO0037024,SUP02,DS03,SKU0043,2025-09-17,2025-09-19,2025-09-19,15,15,23.87,358.05
PO0037039,SUP02,DS03,SKU0043,2025-11-24,2025-11-26,2025-11-26,30,30,23.87,716.1
PO0037107,SUP03,DS03,SKU0066,2025-02-10,2025-02-13,2025-02-13,14,14,24.41,341.74
PO0037144,SUP03,DS03,SKU0066,2025-06-25,2025-06-28,2025-06-28,14,14,24.41,341.74
PO0037156,SUP03,DS03,SKU0066,2025-08-11,2025-08-14,2025-08-14,21,21,24.41,512.61
PO0037206,SUP03,DS03,SKU0066,2026-02-09,2026-02-12,2026-02-12,35,35,24.41,854.35
PO0037259,SUP05,DS03,SKU0113,2025-03-05,2025-03-09,2025-03-09,34,34,24.71,840.14
PO0037266,SUP05,DS03,SKU0113,2025-03-31,2025-04-04,2025-04-04,17,17,24.71,420.07
PO0037281,SUP05,DS03,SKU0113,2025-05-28,2025-06-01,2025-06-01,17,17,24.71,420.07
PO0037285,SUP05,DS03,SKU0113,2025-06-16,2025-06-20,2025-06-22,17,17,24.71,420.07
PO0037319,SUP05,DS03,SKU0113,2025-10-27,2025-10-31,2025-10-31,17,17,24.71,420.07
PO0037337,SUP05,DS03,SKU0113,2026-01-12,2026-01-16,2026-01-16,34,34,24.71,840.14
PO0037347,SUP05,DS03,SKU0113,2026-02-23,2026-02-27,2026-02-27,34,34,24.71,840.14
PO0037410,SUP05,DS03,SKU0103,2025-05-07,2025-05-11,2025-05-11,12,12,13.83,165.96
PO0037468,SUP05,DS03,SKU0103,2026-01-05,2026-01-09,2026-01-09,24,24,13.83,331.92
PO0037477,SUP05,DS03,SKU0103,2026-02-11,2026-02-15,2026-02-15,12,12,13.83,165.96
PO0037490,SUP05,DS03,SKU0103,2026-04-01,2026-04-05,2026-04-05,24,24,13.83,331.92
PO0037516,SUP06,DS03,SKU0134,2025-01-13,2025-01-19,2025-01-19,23,23,3.22,74.06
PO0037547,SUP06,DS03,SKU0134,2025-06-16,2025-06-22,2025-06-22,23,23,3.22,74.06
PO0037623,SUP06,DS03,SKU0134,2026-06-24,2026-06-30,2026-06-30,23,23,3.22,74.06
PO0037651,SUP08,DS03,SKU0259,2025-04-21,2025-04-28,2025-04-28,20,20,28.05,561.0
PO0037664,SUP08,DS03,SKU0259,2025-06-11,2025-06-18,2025-06-18,10,10,28.05,280.5
PO0037745,SUP08,DS03,SKU0259,2026-03-30,2026-04-06,2026-04-06,20,20,28.05,561.0
PO0037767,SUP08,DS03,SKU0259,2026-06-15,2026-06-22,2026-06-22,30,30,28.05,841.5
PO0037778,SUP04,DS03,SKU0209,2025-01-22,2025-01-23,2025-01-23,12,12,11.93,143.16
PO0037783,SUP04,DS03,SKU0209,2025-02-10,2025-02-11,2025-02-11,12,12,11.93,143.16
PO0037853,SUP04,DS03,SKU0209,2025-10-13,2025-10-14,2025-10-14,16,16,11.93,190.88
PO0037886,SUP04,DS03,SKU0209,2026-02-04,2026-02-05,2026-02-05,12,12,11.93,143.16
PO0038007,SUP02,DS03,SKU0050,2025-11-17,2025-11-19,2025-11-19,24,24,14.51,348.24
PO0038025,SUP02,DS03,SKU0050,2026-02-11,2026-02-13,2026-02-13,12,12,14.51,174.12
PO0038041,SUP02,DS03,SKU0050,2026-04-08,2026-04-10,2026-04-10,12,12,14.51,174.12
PO0038245,SUP06,DS03,SKU0135,2025-06-11,2025-06-17,2025-06-17,16,16,13.81,220.96
PO0038251,SUP06,DS03,SKU0135,2025-07-07,2025-07-13,2025-07-14,32,32,13.81,441.92
PO0038301,SUP06,DS03,SKU0135,2026-02-18,2026-02-24,2026-02-24,48,48,13.81,662.88
PO0038331,SUP06,DS03,SKU0135,2026-06-17,2026-06-23,2026-06-23,16,13,13.81,220.96
PO0038338,SUP01,DS03,SKU0016,2025-01-22,2025-01-24,2025-01-24,8,8,20.09,160.72
PO0038525,SUP03,DS03,SKU0081,2025-09-17,2025-09-20,2025-09-20,4,4,56.35,225.4
PO0038528,SUP03,DS03,SKU0081,2025-10-06,2025-10-09,2025-10-09,24,24,56.35,1352.4
PO0038555,SUP03,DS03,SKU0081,2026-01-26,2026-01-29,2026-01-29,20,20,56.35,1127.0
PO0038579,SUP03,DS03,SKU0081,2026-05-13,2026-05-16,2026-05-16,8,8,56.35,450.8
PO0038590,SUP03,DS03,SKU0081,2026-06-29,2026-07-02,2026-07-02,28,28,56.35,1577.8
PO0038628,SUP08,DS03,SKU0257,2025-05-28,2025-06-04,2025-06-04,11,11,30.99,340.89
PO0038756,SUP07,DS03,SKU0195,2025-03-17,2025-03-22,2025-03-22,18,18,10.67,192.06
PO0038760,SUP07,DS03,SKU0195,2025-03-31,2025-04-05,2025-04-05,36,36,10.67,384.12
PO0038769,SUP07,DS03,SKU0195,2025-05-05,2025-05-10,2025-05-10,27,27,10.67,288.09
PO0038793,SUP07,DS03,SKU0195,2025-07-28,2025-08-02,2025-08-02,27,27,10.67,288.09
PO0038878,SUP07,DS03,SKU0195,2026-05-27,2026-06-01,2026-06-01,9,9,10.67,96.03
PO0038965,SUP02,DS03,SKU0049,2025-12-08,2025-12-10,2025-12-10,30,30,4.82,144.6
PO0039053,SUP01,DS03,SKU0030,2025-05-19,2025-05-21,2025-05-21,24,24,2.77,66.48
PO0039066,SUP01,DS03,SKU0030,2025-07-14,2025-07-16,2025-07-16,24,24,2.77,66.48
PO0039187,SUP08,DS03,SKU0236,2025-05-07,2025-05-14,2025-05-14,12,12,7.43,89.16
PO0039393,SUP08,DS03,SKU0242,2025-11-12,2025-11-19,2025-11-19,6,6,11.11,66.66
PO0039438,SUP08,DS03,SKU0242,2026-04-20,2026-04-27,2026-04-27,18,18,11.11,199.98
PO0039454,SUP08,DS03,SKU0242,2026-06-15,2026-06-22,2026-06-22,24,24,11.11,266.64
PO0039479,SUP08,DS03,SKU0251,2025-03-19,2025-03-26,2025-03-26,6,6,9.4,56.4
PO0039495,SUP08,DS03,SKU0251,2025-05-19,2025-05-26,2025-05-26,24,24,9.4,225.6
PO0039537,SUP08,DS03,SKU0251,2025-10-13,2025-10-20,2025-10-20,18,18,9.4,169.2
PO0039584,SUP08,DS03,SKU0251,2026-03-25,2026-04-01,2026-04-01,12,12,9.4,112.8
PO0039629,SUP06,DS03,SKU0147,2025-03-17,2025-03-23,2025-03-23,24,24,7.48,179.52
PO0039675,SUP06,DS03,SKU0147,2025-09-24,2025-09-30,2025-09-30,12,12,7.48,89.76
PO0039689,SUP06,DS03,SKU0147,2025-11-24,2025-11-30,2025-11-30,24,24,7.48,179.52
PO0039718,SUP06,DS03,SKU0147,2026-03-30,2026-04-05,2026-04-05,12,12,7.48,89.76
PO0039841,SUP08,DS03,SKU0230,2026-03-02,2026-03-09,2026-03-09,22,22,25.78,567.16
PO0040028,SUP08,DS03,SKU0225,2025-03-26,2025-04-02,2025-04-02,8,8,15.57,124.56
PO0040063,SUP08,DS03,SKU0225,2025-08-11,2025-08-18,2025-08-18,16,16,15.57,249.12
PO0040078,SUP08,DS03,SKU0225,2025-10-06,2025-10-13,2025-10-13,16,16,15.57,249.12
PO0040137,SUP08,DS03,SKU0225,2026-05-11,2026-05-18,2026-05-18,16,16,15.57,249.12
PO0040151,SUP08,DS03,SKU0225,2026-06-29,2026-07-06,2026-07-06,32,32,15.57,498.24
PO0040182,SUP02,DS03,SKU0046,2025-05-21,2025-05-23,2025-05-23,11,11,5.49,60.39
PO0040184,SUP02,DS03,SKU0046,2025-05-28,2025-05-30,2025-05-30,11,11,5.49,60.39
PO0040209,SUP02,DS03,SKU0046,2025-09-08,2025-09-10,2025-09-10,11,11,5.49,60.39
PO0040255,SUP02,DS03,SKU0046,2026-03-16,2026-03-18,2026-03-18,33,33,5.49,181.17
PO0040459,SUP08,DS03,SKU0240,2025-03-31,2025-04-07,2025-04-07,36,36,6.79,244.44
PO0040493,SUP08,DS03,SKU0240,2025-08-11,2025-08-18,2025-08-18,18,18,6.79,122.22
PO0040513,SUP08,DS03,SKU0240,2025-10-22,2025-10-29,2025-10-29,12,12,6.79,81.48
PO0040532,SUP08,DS03,SKU0240,2025-12-29,2026-01-05,2026-01-05,12,12,6.79,81.48
PO0040550,SUP08,DS03,SKU0240,2026-03-02,2026-03-09,2026-03-09,18,18,6.79,122.22
PO0040626,SUP08,DS03,SKU0260,2025-06-16,2025-06-23,2025-06-23,20,20,37.49,749.8
PO0040657,SUP08,DS03,SKU0260,2025-10-13,2025-10-20,2025-10-20,20,20,37.49,749.8
PO0040683,SUP08,DS03,SKU0260,2026-01-28,2026-02-04,2026-02-04,10,10,37.49,374.9
PO0040686,SUP08,DS03,SKU0260,2026-02-09,2026-02-16,2026-02-16,20,20,37.49,749.8
PO0040914,SUP08,DS03,SKU0226,2025-12-15,2025-12-22,2025-12-22,12,12,19.38,232.56
PO0041038,SUP04,DS03,SKU0086,2025-01-01,2025-01-02,2025-01-02,7,7,12.37,86.59
PO0041138,SUP04,DS03,SKU0086,2026-03-11,2026-03-12,2026-03-12,14,14,12.37,173.18
PO0041171,SUP01,DS03,SKU0022,2025-01-20,2025-01-22,2025-01-22,18,18,11.52,207.36
PO0041262,SUP01,DS03,SKU0022,2026-02-11,2026-02-13,2026-02-13,9,5,11.52,103.68
PO0041292,SUP01,DS03,SKU0022,2026-06-08,2026-06-10,2026-06-10,9,9,11.52,103.68
PO0041302,SUP07,DS03,SKU0198,2025-02-03,2025-02-08,2025-02-08,11,11,16.38,180.18
PO0041328,SUP07,DS03,SKU0198,2025-06-02,2025-06-07,2025-06-07,22,22,16.38,360.36
PO0041354,SUP07,DS03,SKU0198,2025-09-24,2025-09-29,2025-09-29,11,11,16.38,180.18
PO0041380,SUP07,DS03,SKU0198,2026-01-12,2026-01-17,2026-01-17,22,22,16.38,360.36
PO0041428,SUP06,DS03,SKU0138,2025-02-03,2025-02-09,2025-02-09,16,16,14.33,229.28
PO0041496,SUP06,DS03,SKU0138,2026-02-09,2026-02-15,2026-02-15,16,16,14.33,229.28
PO0041640,SUP07,DS03,SKU0194,2026-03-02,2026-03-07,2026-03-07,21,21,33.9,711.9
PO0041722,SUP05,DS03,SKU0121,2025-12-31,2026-01-04,2026-01-04,23,23,18.9,434.7
PO0041832,SUP06,DS03,SKU0145,2026-05-06,2026-05-12,2026-05-12,17,17,15.51,263.67
PO0041899,SUP05,DS03,SKU0128,2025-10-27,2025-10-31,2025-10-31,16,16,19.75,316.0
PO0041931,SUP05,DS03,SKU0128,2026-04-13,2026-04-17,2026-04-17,16,16,19.75,316.0
PO0042039,SUP04,DS03,SKU0087,2026-01-19,2026-01-20,2026-01-20,12,12,3.56,42.72
PO0042157,SUP02,DS03,SKU0035,2025-12-01,2025-12-03,2025-12-03,11,11,16.75,184.25
PO0042217,SUP02,DS03,SKU0059,2025-02-12,2025-02-14,2025-02-14,10,10,22.04,220.4
PO0042233,SUP02,DS03,SKU0059,2025-04-21,2025-04-23,2025-04-23,10,10,22.04,220.4
PO0042285,SUP02,DS03,SKU0059,2025-12-15,2025-12-17,2025-12-17,10,10,22.04,220.4
PO0042463,SUP01,DS03,SKU0011,2025-06-09,2025-06-11,2025-06-11,20,20,16.51,330.2
PO0042470,SUP01,DS03,SKU0011,2025-07-02,2025-07-04,2025-07-04,10,10,16.51,165.1
PO0042493,SUP01,DS03,SKU0011,2025-10-06,2025-10-08,2025-10-08,20,20,16.51,330.2
PO0042585,SUP02,DS03,SKU0037,2025-08-06,2025-08-08,2025-08-08,17,17,17.45,296.65
PO0042622,SUP02,DS03,SKU0037,2026-03-09,2026-03-11,2026-03-11,17,17,17.45,296.65
PO0042695,SUP06,DS03,SKU0179,2025-07-30,2025-08-05,2025-08-05,7,7,19.74,138.18
PO0042763,SUP06,DS03,SKU0179,2026-05-06,2026-05-12,2026-05-12,7,7,19.74,138.18
PO0042877,SUP04,DS03,SKU0210,2025-12-29,2025-12-30,2025-12-30,6,6,24.59,147.54
PO0042908,SUP04,DS03,SKU0210,2026-04-20,2026-04-21,2026-04-21,6,6,24.59,147.54
PO0042969,SUP03,DS03,SKU0063,2025-08-13,2025-08-16,2025-08-16,5,4,41.59,207.95
PO0043083,SUP01,DS03,SKU0002,2025-09-29,2025-10-01,2025-10-01,12,12,11.62,139.44
PO0043101,SUP01,DS03,SKU0002,2025-12-22,2025-12-24,2025-12-24,12,12,11.62,139.44
PO0043130,SUP01,DS03,SKU0002,2026-05-11,2026-05-13,2026-05-13,12,12,11.62,139.44
PO0043133,SUP01,DS03,SKU0002,2026-05-20,2026-05-22,2026-05-22,12,12,11.62,139.44
PO0043268,SUP04,DS03,SKU0207,2025-03-03,2025-03-04,2025-03-04,6,6,14.97,89.82
PO0043276,SUP04,DS03,SKU0207,2025-04-07,2025-04-08,2025-04-08,6,6,14.97,89.82
PO0043519,SUP04,DS03,SKU0213,2026-03-23,2026-03-24,2026-03-24,12,12,12.99,155.88
PO0043554,SUP02,DS03,SKU0047,2025-02-26,2025-02-28,2025-02-28,12,12,15.74,188.88
PO0043617,SUP02,DS03,SKU0047,2026-01-12,2026-01-14,2026-01-14,12,12,15.74,188.88
PO0043663,SUP03,DS03,SKU0068,2025-03-10,2025-03-13,2025-03-13,8,8,50.9,407.2
PO0043727,SUP03,DS03,SKU0068,2026-02-09,2026-02-12,2026-02-12,8,8,50.9,407.2
PO0043734,SUP03,DS03,SKU0068,2026-03-23,2026-03-26,2026-03-26,16,16,50.9,814.4
PO0043792,SUP08,DS03,SKU0253,2025-07-02,2025-07-09,2025-07-09,11,11,11.72,128.92
PO0043826,SUP08,DS03,SKU0253,2025-12-10,2025-12-17,2025-12-17,11,11,11.72,128.92
PO0043844,SUP08,DS03,SKU0253,2026-03-02,2026-03-09,2026-03-09,11,11,11.72,128.92
PO0043884,SUP06,DS03,SKU0167,2025-03-12,2025-03-18,2025-03-18,10,10,24.32,243.2
PO0044001,SUP07,DS03,SKU0197,2025-03-24,2025-03-29,2025-03-29,24,24,22.89,549.36
PO0044111,SUP07,DS03,SKU0191,2025-04-16,2025-04-21,2025-04-21,10,10,28.89,288.9
PO0044124,SUP07,DS03,SKU0191,2025-07-07,2025-07-12,2025-07-12,10,10,28.89,288.9
PO0044167,SUP07,DS03,SKU0191,2026-02-09,2026-02-14,2026-02-14,10,10,28.89,288.9
PO0044260,SUP08,DS03,SKU0238,2025-09-10,2025-09-17,2025-09-17,7,7,29.64,207.48
PO0044315,SUP08,DS03,SKU0238,2026-04-22,2026-04-29,2026-05-01,7,7,29.64,207.48
PO0044318,SUP08,DS03,SKU0238,2026-05-04,2026-05-11,2026-05-11,14,14,29.64,414.96
PO0044332,SUP08,DS03,SKU0238,2026-06-29,2026-07-06,2026-07-06,21,21,29.64,622.44
PO0044409,SUP08,DS03,SKU0222,2026-01-07,2026-01-14,2026-01-14,8,8,29.64,237.12
PO0044463,SUP02,DS03,SKU0051,2025-03-31,2025-04-02,2025-04-02,17,17,19.57,332.69
PO0044485,SUP02,DS03,SKU0051,2025-09-01,2025-09-03,2025-09-03,17,17,19.57,332.69
PO0044500,SUP02,DS03,SKU0051,2025-12-29,2025-12-31,2025-12-31,17,17,19.57,332.69
PO0044568,SUP04,DS03,SKU0205,2025-06-11,2025-06-12,2025-06-12,5,5,23.96,119.8
PO0044576,SUP04,DS03,SKU0205,2025-07-09,2025-07-10,2025-07-10,5,5,23.96,119.8
PO0044648,SUP04,DS03,SKU0205,2026-04-15,2026-04-16,2026-04-16,5,5,23.96,119.8
PO0044739,SUP06,DS03,SKU0131,2025-03-19,2025-03-25,2025-03-27,19,19,17.2,326.8
PO0044799,SUP05,DS03,SKU0115,2025-02-05,2025-02-09,2025-02-09,16,16,2.42,38.72
PO0044842,SUP05,DS03,SKU0115,2025-12-31,2026-01-04,2026-01-04,16,16,2.42,38.72
PO0044901,SUP07,DS03,SKU0190,2025-06-09,2025-06-14,2025-06-14,9,9,24.75,222.75
PO0044976,SUP07,DS03,SKU0190,2026-06-15,2026-06-20,2026-06-20,9,9,24.75,222.75
PO0044977,SUP07,DS03,SKU0190,2026-06-22,2026-06-27,2026-06-27,9,9,24.75,222.75
PO0045000,SUP03,DS03,SKU0073,2025-03-26,2025-03-29,2025-03-29,4,4,13.21,52.84
PO0045028,SUP03,DS03,SKU0073,2025-07-21,2025-07-24,2025-07-24,4,4,13.21,52.84
PO0045145,SUP01,DS03,SKU0010,2025-06-02,2025-06-04,2025-06-04,10,9,9.44,94.4
PO0045154,SUP01,DS03,SKU0010,2025-07-14,2025-07-16,2025-07-16,10,10,9.44,94.4
PO0045177,SUP01,DS03,SKU0010,2025-10-22,2025-10-24,2025-10-24,10,10,9.44,94.4
PO0045273,SUP03,DS03,SKU0069,2025-06-11,2025-06-14,2025-06-14,4,4,47.96,191.84
PO0045316,SUP03,DS03,SKU0069,2025-12-01,2025-12-04,2025-12-06,12,10,47.96,575.52
PO0045425,SUP01,DS03,SKU0028,2025-09-29,2025-10-01,2025-10-01,8,8,5.7,45.6
PO0045551,SUP07,DS03,SKU0184,2026-05-04,2026-05-09,2026-05-09,12,12,25.34,304.08
PO0045585,SUP08,DS03,SKU0239,2025-05-26,2025-06-02,2025-06-02,8,8,37.3,298.4
PO0045588,SUP08,DS03,SKU0239,2025-06-09,2025-06-16,2025-06-16,8,8,37.3,298.4
PO0045604,SUP08,DS03,SKU0239,2025-08-25,2025-09-01,2025-09-01,8,8,37.3,298.4
PO0045619,SUP08,DS03,SKU0239,2025-11-03,2025-11-10,2025-11-10,8,8,37.3,298.4
PO0045739,SUP07,DS03,SKU0193,2026-01-26,2026-01-31,2026-01-31,8,7,27.14,217.12
PO0045818,SUP01,DS03,SKU0029,2025-08-18,2025-08-20,2025-08-20,8,8,21.46,171.68
PO0045829,SUP01,DS03,SKU0029,2025-10-08,2025-10-10,2025-10-10,8,8,21.46,171.68
PO0045884,SUP01,DS03,SKU0029,2026-06-24,2026-06-26,2026-06-28,8,8,21.46,171.68
PO0045930,SUP01,DS03,SKU0006,2025-09-22,2025-09-24,2025-09-24,10,10,15.7,157.0
PO0045935,SUP01,DS03,SKU0006,2025-10-27,2025-10-29,2025-10-29,10,10,15.7,157.0
PO0045959,SUP01,DS03,SKU0006,2026-03-18,2026-03-20,2026-03-23,10,10,15.7,157.0
PO0046119,SUP06,DS03,SKU0174,2025-11-19,2025-11-25,2025-11-25,7,7,37.74,264.18
PO0046153,SUP06,DS03,SKU0174,2026-04-13,2026-04-19,2026-04-19,14,14,37.74,528.36
PO0046357,SUP01,DS03,SKU0026,2026-04-13,2026-04-15,2026-04-15,8,8,4.22,33.76
PO0046381,SUP01,DS03,SKU0021,2025-02-24,2025-02-26,2025-02-26,7,7,18.1,126.7
PO0046409,SUP01,DS03,SKU0021,2025-07-14,2025-07-16,2025-07-16,7,7,18.1,126.7
PO0046478,SUP01,DS03,SKU0021,2026-06-15,2026-06-17,2026-06-21,7,7,18.1,126.7
PO0046511,SUP06,DS03,SKU0144,2025-09-03,2025-09-09,2025-09-09,14,14,13.18,184.52
PO0046608,SUP05,DS03,SKU0129,2026-04-27,2026-05-01,2026-05-01,14,14,20.63,288.82
PO0046817,SUP04,DS03,SKU0099,2025-12-22,2025-12-23,2025-12-23,10,10,10.45,104.5
PO0046916,SUP06,DS03,SKU0180,2026-02-16,2026-02-22,2026-02-22,9,9,40.74,366.66
PO0046956,SUP01,DS03,SKU0008,2025-03-24,2025-03-26,2025-03-26,12,12,4.5,54.0
PO0047052,SUP02,DS03,SKU0045,2025-08-25,2025-08-27,2025-08-27,12,12,8.17,98.04
PO0047074,SUP02,DS03,SKU0045,2026-02-18,2026-02-20,2026-02-20,12,12,8.17,98.04
PO0047119,SUP01,DS03,SKU0003,2025-05-12,2025-05-14,2025-05-14,7,7,10.36,72.52
PO0047125,SUP01,DS03,SKU0003,2025-06-11,2025-06-13,2025-06-13,7,7,10.36,72.52
PO0047172,SUP01,DS03,SKU0003,2026-03-23,2026-03-25,2026-03-26,7,7,10.36,72.52
PO0047205,SUP01,DS03,SKU0001,2025-03-24,2025-03-26,2025-03-26,12,12,4.07,48.84
PO0047218,SUP01,DS03,SKU0001,2025-05-21,2025-05-23,2025-05-23,6,6,4.07,24.42
PO0047339,SUP06,DS03,SKU0162,2025-06-25,2025-07-01,2025-07-01,11,11,12.83,141.13
PO0047341,SUP06,DS03,SKU0162,2025-07-09,2025-07-15,2025-07-15,11,11,12.83,141.13
PO0047449,SUP01,DS03,SKU0004,2025-11-24,2025-11-26,2025-11-26,9,9,8.6,77.4
PO0047478,SUP01,DS03,SKU0004,2026-05-04,2026-05-06,2026-05-09,9,9,8.6,77.4
PO0047559,SUP03,DS03,SKU0072,2026-01-05,2026-01-08,2026-01-08,6,6,47.33,283.98
PO0047595,SUP06,DS03,SKU0142,2025-03-10,2025-03-16,2025-03-16,13,13,14.45,187.85
PO0047643,SUP06,DS03,SKU0142,2026-04-27,2026-05-03,2026-05-03,13,13,14.45,187.85
PO0047739,SUP01,DS03,SKU0015,2025-12-01,2025-12-03,2025-12-03,11,11,18.01,198.11
PO0047804,SUP01,DS03,SKU0005,2025-07-02,2025-07-04,2025-07-04,9,9,5.4,48.6
PO0047848,SUP01,DS03,SKU0005,2026-03-25,2026-03-27,2026-03-31,9,4,5.4,48.6
PO0047942,SUP02,DS03,SKU0042,2026-02-02,2026-02-04,2026-02-04,17,17,20.8,353.6
PO0047986,SUP02,DS03,SKU0053,2025-12-08,2025-12-10,2025-12-10,15,15,18.78,281.7
PO0048187,SUP01,DS03,SKU0009,2025-03-05,2025-03-07,2025-03-07,8,8,4.73,37.84
PO0048221,SUP01,DS03,SKU0009,2025-09-08,2025-09-10,2025-09-10,8,8,4.73,37.84
PO0048229,SUP01,DS03,SKU0009,2025-10-20,2025-10-22,2025-10-22,8,8,4.73,37.84
PO0048308,SUP01,DS03,SKU0017,2025-08-04,2025-08-06,2025-08-06,9,9,15.78,142.02
PO0048345,SUP01,DS03,SKU0017,2026-04-20,2026-04-22,2026-04-22,9,9,15.78,142.02
PO0048402,SUP08,DS03,SKU0254,2026-02-11,2026-02-18,2026-02-18,11,11,6.75,74.25
PO0048503,SUP06,DS03,SKU0159,2025-08-11,2025-08-17,2025-08-17,9,9,36.68,330.12
PO0048673,SUP06,DS03,SKU0136,2025-02-24,2025-03-02,2025-03-02,14,14,20.16,282.24
PO0048693,SUP06,DS03,SKU0136,2025-09-03,2025-09-09,2025-09-09,14,14,20.16,282.24
PO0048766,SUP04,DS03,SKU0100,2025-11-17,2025-11-18,2025-11-18,10,10,4.5,45.0
PO0048807,SUP06,DS03,SKU0165,2025-03-17,2025-03-23,2025-03-23,12,12,11.14,133.68
PO0048822,SUP06,DS03,SKU0165,2025-08-04,2025-08-10,2025-08-10,12,12,11.14,133.68
PO0048924,SUP04,DS03,SKU0090,2026-03-02,2026-03-03,2026-03-03,10,10,8.38,83.8
PO0048931,SUP04,DS03,SKU0090,2026-04-20,2026-04-21,2026-04-21,10,10,8.38,83.8
PO0048942,SUP03,DS03,SKU0070,2025-01-01,2025-01-04,2025-01-04,10,10,16.1,161.0
PO0049037,SUP03,DS03,SKU0070,2026-04-01,2026-04-04,2026-04-04,5,5,16.1,80.5
PO0049048,SUP03,DS03,SKU0070,2026-05-25,2026-05-28,2026-05-28,15,15,16.1,241.5
PO0049074,SUP04,DS03,SKU0204,2025-04-14,2025-04-15,2025-04-15,7,7,17.64,123.48
PO0049153,SUP04,DS03,SKU0204,2026-05-04,2026-05-05,2026-05-05,7,7,17.64,123.48
PO0049200,SUP08,DS03,SKU0231,2025-06-23,2025-06-30,2025-06-30,6,6,11.92,71.52
PO0049228,SUP08,DS03,SKU0231,2025-11-26,2025-12-03,2025-12-03,6,6,11.92,71.52
PO0049342,SUP07,DS03,SKU0186,2025-02-17,2025-02-22,2025-02-22,7,7,36.09,252.63
PO0049452,SUP06,DS03,SKU0158,2025-08-04,2025-08-10,2025-08-10,6,6,4.87,29.22
PO0049470,SUP06,DS03,SKU0158,2025-12-01,2025-12-07,2025-12-07,6,6,4.87,29.22
PO0049526,SUP03,DS03,SKU0077,2025-04-21,2025-04-24,2025-04-24,6,6,13.69,82.14
PO0049597,SUP08,DS03,SKU0252,2025-02-03,2025-02-10,2025-02-10,9,9,9.75,87.75
PO0049614,SUP08,DS03,SKU0252,2025-06-23,2025-06-30,2025-06-30,9,9,9.75,87.75
PO0049750,SUP04,DS03,SKU0089,2025-01-15,2025-01-16,2025-01-16,10,10,12.75,127.5
PO0049757,SUP04,DS03,SKU0089,2025-03-03,2025-03-04,2025-03-04,10,10,12.75,127.5
PO0049795,SUP04,DS03,SKU0089,2025-11-24,2025-11-25,2025-11-25,10,10,12.75,127.5
PO0049866,SUP03,DS03,SKU0067,2025-10-06,2025-10-09,2025-10-10,7,7,38.13,266.91
PO0049871,SUP03,DS03,SKU0067,2025-11-10,2025-11-13,2025-11-13,7,7,38.13,266.91
PO0049924,SUP02,DS03,SKU0041,2025-09-22,2025-09-24,2025-09-24,16,16,4.33,69.28
PO0050054,SUP01,DS03,SKU0025,2026-02-23,2026-02-25,2026-02-25,6,6,14.48,86.88
PO0050070,SUP01,DS03,SKU0025,2026-05-04,2026-05-06,2026-05-10,6,6,14.48,86.88
PO0050115,SUP05,DS03,SKU0111,2025-01-29,2025-02-02,2025-02-02,12,12,3.26,39.12
PO0050208,SUP02,DS03,SKU0062,2026-05-13,2026-05-15,2026-05-15,14,14,24.92,348.88
PO0050230,SUP06,DS03,SKU0160,2025-06-23,2025-06-29,2025-06-29,11,11,31.65,348.15
PO0050249,SUP06,DS03,SKU0160,2026-01-26,2026-02-01,2026-02-01,11,11,31.65,348.15
PO0050252,SUP06,DS03,SKU0160,2026-02-25,2026-03-03,2026-03-03,11,11,31.65,348.15
PO0050292,SUP08,DS03,SKU0241,2025-08-13,2025-08-20,2025-08-20,9,9,34.0,306.0
PO0050412,SUP04,DS03,SKU0083,2025-08-20,2025-08-21,2025-08-21,6,6,9.98,59.88
PO0050587,SUP08,DS03,SKU0258,2025-05-19,2025-05-26,2025-05-26,8,8,52.13,417.04
PO0050594,SUP08,DS03,SKU0258,2025-07-14,2025-07-21,2025-07-21,8,8,52.13,417.04
PO0050596,SUP08,DS03,SKU0258,2025-08-06,2025-08-13,2025-08-13,8,8,52.13,417.04
PO0050626,SUP08,DS03,SKU0258,2026-04-20,2026-04-27,2026-04-27,8,8,52.13,417.04
PO0050630,SUP08,DS03,SKU0258,2026-05-13,2026-05-20,2026-05-20,8,8,52.13,417.04
PO0050660,SUP03,DS03,SKU0074,2025-05-14,2025-05-17,2025-05-17,4,4,40.02,160.08
PO0050677,SUP03,DS03,SKU0074,2025-08-04,2025-08-07,2025-08-07,4,4,40.02,160.08
PO0050751,SUP06,DS03,SKU0173,2025-05-28,2025-06-03,2025-06-03,8,8,40.72,325.76
PO0050830,SUP08,DS03,SKU0224,2025-09-03,2025-09-10,2025-09-12,7,7,8.95,62.65
PO0050954,SUP04,DS03,SKU0206,2025-05-07,2025-05-08,2025-05-08,7,7,15.1,105.7
PO0050989,SUP04,DS03,SKU0206,2025-12-01,2025-12-02,2025-12-02,7,7,15.1,105.7
PO0051022,SUP04,DS03,SKU0206,2026-06-17,2026-06-18,2026-06-18,7,7,15.1,105.7
PO0051088,SUP01,DS03,SKU0020,2025-09-01,2025-09-03,2025-09-03,6,6,6.67,40.02
PO0051095,SUP01,DS03,SKU0020,2025-10-13,2025-10-15,2025-10-15,6,6,6.67,40.02
PO0051099,SUP01,DS03,SKU0020,2025-11-17,2025-11-19,2025-11-19,6,6,6.67,40.02
PO0051108,SUP01,DS03,SKU0020,2026-01-19,2026-01-21,2026-01-21,6,6,6.67,40.02
PO0051214,SUP08,DS03,SKU0220,2026-02-18,2026-02-25,2026-02-25,6,6,31.32,187.92
PO0051237,SUP02,DS03,SKU0056,2025-01-13,2025-01-15,2025-01-15,10,10,4.96,49.6
PO0051259,SUP02,DS03,SKU0056,2025-10-06,2025-10-08,2025-10-08,10,10,4.96,49.6
PO0051260,SUP02,DS03,SKU0056,2025-10-13,2025-10-15,2025-10-15,10,10,4.96,49.6
PO0051272,SUP02,DS03,SKU0056,2026-03-02,2026-03-04,2026-03-04,10,10,4.96,49.6
PO0051383,SUP06,DS03,SKU0170,2025-08-18,2025-08-24,2025-08-24,10,10,4.7,47.0
PO0051396,SUP06,DS03,SKU0170,2026-02-23,2026-03-01,2026-03-01,10,10,4.7,47.0
PO0051409,SUP06,DS03,SKU0170,2026-06-22,2026-06-28,2026-06-28,10,10,4.7,47.0
PO0051481,SUP08,DS03,SKU0233,2025-06-16,2025-06-23,2025-06-23,8,8,28.2,225.6
PO0051563,SUP05,DS03,SKU0119,2025-03-10,2025-03-14,2025-03-14,20,20,22.09,441.8
PO0051623,SUP04,DS03,SKU0098,2025-09-29,2025-09-30,2025-09-30,7,7,9.64,67.48
PO0051625,SUP04,DS03,SKU0098,2025-10-13,2025-10-14,2025-10-14,7,7,9.64,67.48
PO0051657,SUP04,DS03,SKU0098,2026-05-18,2026-05-19,2026-05-19,7,7,9.64,67.48
PO0051674,SUP07,DS03,SKU0201,2025-03-31,2025-04-05,2025-04-05,7,7,7.44,52.08
PO0051749,SUP08,DS03,SKU0265,2025-09-29,2025-10-06,2025-10-06,8,8,11.07,88.56
PO0051911,SUP08,DS03,SKU0234,2025-04-14,2025-04-21,2025-04-21,9,7,28.46,256.14
PO0051917,SUP08,DS03,SKU0234,2025-06-16,2025-06-23,2025-06-23,9,9,28.46,256.14
PO0051919,SUP08,DS03,SKU0234,2025-06-30,2025-07-07,2025-07-07,9,9,28.46,256.14
PO0051956,SUP06,DS03,SKU0178,2025-04-14,2025-04-20,2025-04-20,10,10,10.58,105.8
PO0052068,SUP06,DS03,SKU0177,2025-02-03,2025-02-09,2025-02-09,7,7,40.65,284.55
PO0052095,SUP06,DS03,SKU0177,2025-10-20,2025-10-26,2025-10-26,7,7,40.65,284.55
PO0052126,SUP08,DS03,SKU0249,2025-01-15,2025-01-22,2025-01-22,7,7,20.72,145.04
PO0052160,SUP08,DS03,SKU0249,2026-01-12,2026-01-19,2026-01-19,7,7,20.72,145.04
PO0052173,SUP08,DS03,SKU0249,2026-05-06,2026-05-13,2026-05-13,7,7,20.72,145.04
PO0052272,SUP01,DS03,SKU0033,2025-04-30,2025-05-02,2025-05-02,9,9,16.48,148.32
PO0052331,SUP02,DS03,SKU0057,2025-06-04,2025-06-06,2025-06-06,10,10,12.33,123.3
PO0052386,SUP04,DS03,SKU0097,2025-05-21,2025-05-22,2025-05-22,6,6,4.15,24.9
PO0052406,SUP04,DS03,SKU0097,2025-09-29,2025-09-30,2025-09-30,6,6,4.15,24.9
PO0052461,SUP01,DS03,SKU0019,2025-04-30,2025-05-02,2025-05-02,11,11,19.26,211.86
PO0052492,SUP01,DS03,SKU0019,2026-03-04,2026-03-06,2026-03-08,11,11,19.26,211.86
PO0052503,SUP01,DS03,SKU0019,2026-06-17,2026-06-19,2026-06-19,11,11,19.26,211.86
PO0052674,SUP06,DS03,SKU0163,2026-04-20,2026-04-26,2026-04-26,11,11,9.2,101.2
PO0052841,SUP03,DS03,SKU0078,2025-08-18,2025-08-21,2025-08-21,6,6,20.63,123.78
PO0052843,SUP03,DS03,SKU0078,2025-09-01,2025-09-04,2025-09-04,6,6,20.63,123.78
PO0052846,SUP03,DS03,SKU0078,2025-09-29,2025-10-02,2025-10-02,6,6,20.63,123.78
PO0052982,SUP08,DS04,SKU0261,2026-01-14,2026-01-21,2026-01-21,21,21,9.59,201.39
PO0052988,SUP08,DS04,SKU0261,2026-02-04,2026-02-11,2026-02-11,21,20,9.59,201.39
PO0052993,SUP08,DS04,SKU0261,2026-02-23,2026-03-02,2026-03-02,70,70,9.59,671.3
PO0052994,SUP08,DS04,SKU0261,2026-02-25,2026-03-04,2026-03-04,35,35,9.59,335.65
PO0053024,SUP08,DS04,SKU0261,2026-06-10,2026-06-17,2026-06-17,28,28,9.59,268.52
PO0053039,SUP06,DS04,SKU0176,2025-02-05,2025-02-11,2025-02-11,12,12,18.93,227.16
PO0053245,SUP06,DS04,SKU0161,2025-08-13,2025-08-19,2025-08-19,27,27,6.97,188.19
PO0053248,SUP06,DS04,SKU0161,2025-08-25,2025-08-31,2025-08-31,54,42,6.97,376.38
PO0053250,SUP06,DS04,SKU0161,2025-09-01,2025-09-07,2025-09-07,54,54,6.97,376.38
PO0053321,SUP06,DS04,SKU0161,2026-05-13,2026-05-19,2026-05-19,27,27,6.97,188.19
PO0053384,SUP08,DS04,SKU0266,2025-06-30,2025-07-07,2025-07-07,54,54,55.53,2998.62
PO0053407,SUP08,DS04,SKU0266,2025-09-17,2025-09-24,2025-09-24,24,24,55.53,1332.72
PO0053471,SUP08,DS04,SKU0266,2026-04-29,2026-05-06,2026-05-06,24,24,55.53,1332.72
PO0053522,SUP05,DS04,SKU0117,2025-05-14,2025-05-18,2025-05-18,22,22,6.63,145.86
PO0053580,SUP05,DS04,SKU0117,2025-12-22,2025-12-26,2025-12-26,44,44,6.63,291.72
PO0053632,SUP05,DS04,SKU0117,2026-06-29,2026-07-03,2026-07-03,66,66,6.63,437.58
PO0053635,SUP05,DS04,SKU0122,2025-01-08,2025-01-12,2025-01-12,18,18,14.64,263.52
PO0053837,SUP06,DS04,SKU0172,2025-07-21,2025-07-27,2025-07-27,49,49,42.5,2082.5
PO0053924,SUP06,DS04,SKU0172,2026-05-25,2026-05-31,2026-05-31,63,63,42.5,2677.5
PO0054014,SUP04,DS04,SKU0095,2025-10-08,2025-10-09,2025-10-09,18,18,14.05,252.9
PO0054139,SUP04,DS04,SKU0094,2025-06-23,2025-06-24,2025-06-24,24,24,13.38,321.12
PO0054166,SUP04,DS04,SKU0094,2025-09-29,2025-09-30,2025-09-30,24,24,13.38,321.12
PO0054259,SUP03,DS04,SKU0076,2025-03-24,2025-03-27,2025-03-27,32,32,10.47,335.04
PO0054280,SUP03,DS04,SKU0076,2025-07-14,2025-07-17,2025-07-17,32,32,10.47,335.04
PO0054287,SUP03,DS04,SKU0076,2025-08-20,2025-08-23,2025-08-23,8,8,10.47,83.76
PO0054343,SUP05,DS04,SKU0127,2025-01-13,2025-01-17,2025-01-17,22,22,18.35,403.7
PO0054382,SUP05,DS04,SKU0127,2025-07-02,2025-07-06,2025-07-06,22,22,18.35,403.7
PO0054391,SUP05,DS04,SKU0127,2025-08-11,2025-08-15,2025-08-15,44,44,18.35,807.4
PO0054574,SUP05,DS04,SKU0106,2026-04-06,2026-04-10,2026-04-10,24,24,13.19,316.56
PO0054701,SUP08,DS04,SKU0219,2026-01-12,2026-01-19,2026-01-19,32,32,25.73,823.36
PO0054770,SUP06,DS04,SKU0143,2025-03-19,2025-03-25,2025-03-25,14,14,9.59,134.26
PO0054782,SUP06,DS04,SKU0143,2025-05-07,2025-05-13,2025-05-13,14,14,9.59,134.26
PO0054802,SUP06,DS04,SKU0143,2025-07-23,2025-07-29,2025-07-29,14,14,9.59,134.26
PO0054807,SUP06,DS04,SKU0143,2025-08-11,2025-08-17,2025-08-17,28,28,9.59,268.52
PO0054842,SUP06,DS04,SKU0143,2026-01-07,2026-01-13,2026-01-13,14,14,9.59,134.26
PO0054862,SUP06,DS04,SKU0143,2026-03-25,2026-03-31,2026-03-31,14,14,9.59,134.26
PO0054894,SUP01,DS04,SKU0018,2025-01-22,2025-01-24,2025-01-24,7,7,9.93,69.51
PO0054933,SUP01,DS04,SKU0018,2025-06-18,2025-06-20,2025-06-20,14,14,9.93,139.02
PO0054938,SUP01,DS04,SKU0018,2025-07-07,2025-07-09,2025-07-09,35,35,9.93,347.55
PO0054955,SUP01,DS04,SKU0018,2025-09-10,2025-09-12,2025-09-12,7,7,9.93,69.51
PO0054965,SUP01,DS04,SKU0018,2025-10-27,2025-10-29,2025-10-31,21,21,9.93,208.53
PO0054981,SUP01,DS04,SKU0018,2025-12-22,2025-12-24,2025-12-24,28,28,9.93,278.04
PO0054985,SUP01,DS04,SKU0018,2026-01-05,2026-01-07,2026-01-07,21,21,9.93,208.53
PO0054991,SUP01,DS04,SKU0018,2026-01-26,2026-01-28,2026-01-28,28,28,9.93,278.04
PO0055206,SUP02,DS04,SKU0061,2025-04-30,2025-05-02,2025-05-04,12,12,7.29,87.48
PO0055238,SUP02,DS04,SKU0061,2025-09-01,2025-09-03,2025-09-03,12,10,7.29,87.48
PO0055305,SUP02,DS04,SKU0061,2026-05-18,2026-05-20,2026-05-20,12,12,7.29,87.48
PO0055492,SUP01,DS04,SKU0023,2025-03-26,2025-03-28,2025-03-28,10,10,7.18,71.8
PO0055548,SUP01,DS04,SKU0023,2026-03-18,2026-03-20,2026-03-23,10,10,7.18,71.8
PO0055557,SUP01,DS04,SKU0023,2026-05-04,2026-05-06,2026-05-08,20,20,7.18,143.6
PO0055769,SUP08,DS04,SKU0256,2025-10-01,2025-10-08,2025-10-08,8,8,19.95,159.6
PO0055785,SUP08,DS04,SKU0256,2025-11-26,2025-12-03,2025-12-03,8,8,19.95,159.6
PO0055922,SUP04,DS04,SKU0085,2025-10-08,2025-10-09,2025-10-09,6,6,11.53,69.18
PO0055985,SUP04,DS04,SKU0085,2026-06-01,2026-06-02,2026-06-02,18,18,11.53,207.54
PO0056011,SUP01,DS04,SKU0013,2025-03-05,2025-03-07,2025-03-07,7,6,6.28,43.96
PO0056054,SUP01,DS04,SKU0013,2025-09-15,2025-09-17,2025-09-17,21,21,6.28,131.88
PO0056166,SUP06,DS04,SKU0169,2025-06-25,2025-07-01,2025-07-01,7,7,5.78,40.46
PO0056181,SUP06,DS04,SKU0169,2025-08-20,2025-08-26,2025-08-26,7,7,5.78,40.46
PO0056190,SUP06,DS04,SKU0169,2025-09-24,2025-09-30,2025-09-30,7,7,5.78,40.46
PO0056252,SUP06,DS04,SKU0169,2026-05-20,2026-05-26,2026-05-26,7,7,5.78,40.46
PO0056392,SUP08,DS04,SKU0218,2025-04-21,2025-04-28,2025-04-28,16,16,27.82,445.12
PO0056581,SUP02,DS04,SKU0043,2026-01-12,2026-01-14,2026-01-14,15,15,23.87,358.05
PO0056740,SUP03,DS04,SKU0066,2026-04-08,2026-04-11,2026-04-11,7,7,24.41,170.87
PO0056745,SUP03,DS04,SKU0066,2026-04-27,2026-04-30,2026-04-30,14,14,24.41,341.74
PO0056820,SUP05,DS04,SKU0113,2025-12-10,2025-12-14,2025-12-14,17,17,24.71,420.07
PO0057040,SUP06,DS04,SKU0134,2026-05-06,2026-05-12,2026-05-12,23,23,3.22,74.06
PO0057056,SUP08,DS04,SKU0259,2025-02-10,2025-02-17,2025-02-17,20,20,28.05,561.0
PO0057062,SUP08,DS04,SKU0259,2025-03-10,2025-03-17,2025-03-17,20,20,28.05,561.0
PO0057092,SUP08,DS04,SKU0259,2025-08-04,2025-08-11,2025-08-11,10,10,28.05,280.5
PO0057152,SUP08,DS04,SKU0259,2026-05-04,2026-05-11,2026-05-11,20,20,28.05,561.0
PO0057224,SUP04,DS04,SKU0209,2025-07-21,2025-07-22,2025-07-22,12,12,11.93,143.16
PO0057279,SUP04,DS04,SKU0209,2026-02-09,2026-02-10,2026-02-10,12,12,11.93,143.16
PO0057391,SUP02,DS04,SKU0050,2026-01-05,2026-01-07,2026-01-07,12,12,14.51,174.12
PO0057417,SUP02,DS04,SKU0050,2026-05-11,2026-05-13,2026-05-13,24,24,14.51,348.24
PO0057429,SUP06,DS04,SKU0181,2025-01-01,2025-01-07,2025-01-07,36,36,9.21,331.56
PO0057494,SUP06,DS04,SKU0181,2025-10-08,2025-10-14,2025-10-14,18,18,9.21,165.78
PO0057515,SUP06,DS04,SKU0181,2026-01-05,2026-01-11,2026-01-11,9,9,9.21,82.89
PO0057554,SUP06,DS04,SKU0181,2026-06-15,2026-06-21,2026-06-21,18,18,9.21,165.78
PO0057585,SUP06,DS04,SKU0135,2025-06-09,2025-06-15,2025-06-15,16,13,13.81,220.96
PO0057602,SUP06,DS04,SKU0135,2025-09-15,2025-09-21,2025-09-21,32,32,13.81,441.92
PO0057650,SUP06,DS04,SKU0135,2026-06-01,2026-06-07,2026-06-08,16,16,13.81,220.96
PO0057675,SUP01,DS04,SKU0016,2025-03-24,2025-03-26,2025-03-26,24,24,20.09,482.16
PO0057725,SUP01,DS04,SKU0016,2025-09-29,2025-10-01,2025-10-01,16,16,20.09,321.44
PO0057730,SUP01,DS04,SKU0016,2025-10-20,2025-10-22,2025-10-22,16,16,20.09,321.44
PO0057776,SUP01,DS04,SKU0016,2026-05-04,2026-05-06,2026-05-06,16,16,20.09,321.44
PO0057783,SUP01,DS04,SKU0016,2026-06-03,2026-06-05,2026-06-05,8,8,20.09,160.72
PO0057830,SUP03,DS04,SKU0081,2025-07-21,2025-07-24,2025-07-24,12,12,56.35,676.2
PO0057833,SUP03,DS04,SKU0081,2025-08-04,2025-08-07,2025-08-07,16,16,56.35,901.6
PO0057851,SUP03,DS04,SKU0081,2025-11-03,2025-11-06,2025-11-08,16,16,56.35,901.6
PO0057979,SUP08,DS04,SKU0257,2025-11-19,2025-11-26,2025-11-26,11,9,30.99,340.89
PO0057993,SUP08,DS04,SKU0257,2026-01-19,2026-01-26,2026-01-26,11,11,30.99,340.89
PO0057998,SUP08,DS04,SKU0257,2026-02-04,2026-02-11,2026-02-11,11,11,30.99,340.89
PO0058049,SUP07,DS04,SKU0195,2025-03-24,2025-03-29,2025-03-29,18,18,10.67,192.06
PO0058058,SUP07,DS04,SKU0195,2025-04-28,2025-05-03,2025-05-03,18,18,10.67,192.06
PO0058205,SUP02,DS04,SKU0049,2025-09-08,2025-09-10,2025-09-10,15,15,4.82,72.3
PO0058458,SUP08,DS04,SKU0236,2025-11-10,2025-11-17,2025-11-17,12,12,7.43,89.16
PO0058486,SUP08,DS04,SKU0236,2026-02-25,2026-03-04,2026-03-04,12,12,7.43,89.16
PO0058608,SUP08,DS04,SKU0242,2025-11-24,2025-12-01,2025-12-01,12,12,11.11,133.32
PO0058693,SUP08,DS04,SKU0251,2025-05-05,2025-05-12,2025-05-12,18,18,9.4,169.2
PO0058716,SUP08,DS04,SKU0251,2025-07-30,2025-08-06,2025-08-06,12,12,9.4,112.8
PO0058996,SUP08,DS04,SKU0230,2026-01-26,2026-02-02,2026-02-02,11,11,25.78,283.58
PO0059044,SUP07,DS04,SKU0200,2025-03-31,2025-04-05,2025-04-05,11,11,37.61,413.71
PO0059194,SUP08,DS04,SKU0225,2025-09-08,2025-09-15,2025-09-17,16,16,15.57,249.12
PO0059231,SUP08,DS04,SKU0225,2026-03-02,2026-03-09,2026-03-11,16,16,15.57,249.12
PO0059257,SUP08,DS04,SKU0225,2026-06-15,2026-06-22,2026-06-22,16,13,15.57,249.12
PO0059287,SUP02,DS04,SKU0046,2025-06-04,2025-06-06,2025-06-06,11,11,5.49,60.39
PO0059461,SUP04,DS04,SKU0092,2026-03-23,2026-03-24,2026-03-24,8,8,13.24,105.92
PO0059688,SUP08,DS04,SKU0260,2026-02-02,2026-02-09,2026-02-09,10,10,37.49,374.9
PO0059758,SUP08,DS04,SKU0264,2025-09-08,2025-09-15,2025-09-15,12,12,37.12,445.44
PO0059858,SUP08,DS04,SKU0226,2025-10-22,2025-10-29,2025-10-29,12,12,19.38,232.56
PO0059893,SUP08,DS04,SKU0226,2026-05-04,2026-05-11,2026-05-11,12,12,19.38,232.56
PO0059942,SUP06,DS04,SKU0156,2026-02-23,2026-03-01,2026-03-01,24,24,6.97,167.28
PO0060004,SUP04,DS04,SKU0086,2025-07-30,2025-07-31,2025-07-31,7,7,12.37,86.59
PO0060058,SUP04,DS04,SKU0086,2026-03-11,2026-03-12,2026-03-12,7,7,12.37,86.59
PO0060111,SUP01,DS04,SKU0022,2025-04-09,2025-04-11,2025-04-11,9,9,11.52,103.68
PO0060134,SUP01,DS04,SKU0022,2025-07-28,2025-07-30,2025-07-30,9,9,11.52,103.68
PO0060235,SUP07,DS04,SKU0198,2025-06-30,2025-07-05,2025-07-05,11,11,16.38,180.18
PO0060285,SUP07,DS04,SKU0198,2026-04-08,2026-04-13,2026-04-13,11,11,16.38,180.18
PO0060286,SUP07,DS04,SKU0198,2026-04-13,2026-04-18,2026-04-18,11,11,16.38,180.18
PO0060330,SUP06,DS04,SKU0138,2025-08-13,2025-08-19,2025-08-19,16,16,14.33,229.28
PO0060377,SUP07,DS04,SKU0194,2025-02-17,2025-02-22,2025-02-22,7,7,33.9,237.3
PO0060480,SUP07,DS04,SKU0194,2026-05-11,2026-05-16,2026-05-16,14,14,33.9,474.6
PO0060657,SUP05,DS04,SKU0128,2026-04-01,2026-04-05,2026-04-05,16,16,19.75,316.0
PO0060670,SUP04,DS04,SKU0087,2025-01-01,2025-01-02,2025-01-02,6,6,3.56,21.36
PO0060671,SUP04,DS04,SKU0087,2025-01-06,2025-01-07,2025-01-07,6,6,3.56,21.36
PO0060705,SUP04,DS04,SKU0087,2025-06-09,2025-06-10,2025-06-10,6,6,3.56,21.36
PO0060718,SUP04,DS04,SKU0087,2025-07-28,2025-07-29,2025-07-29,6,6,3.56,21.36
PO0060754,SUP04,DS04,SKU0087,2025-12-10,2025-12-11,2025-12-11,6,6,3.56,21.36
PO0060823,SUP02,DS04,SKU0035,2025-03-24,2025-03-26,2025-03-26,11,11,16.75,184.25
PO0060937,SUP02,DS04,SKU0059,2025-07-23,2025-07-25,2025-07-25,10,10,22.04,220.4
PO0061029,SUP03,DS04,SKU0079,2025-07-14,2025-07-17,2025-07-17,16,16,33.15,530.4
PO0061039,SUP03,DS04,SKU0079,2025-09-03,2025-09-06,2025-09-06,8,8,33.15,265.2
PO0061062,SUP03,DS04,SKU0079,2026-02-09,2026-02-12,2026-02-12,8,8,33.15,265.2
PO0061086,SUP03,DS04,SKU0079,2026-06-22,2026-06-25,2026-06-25,16,16,33.15,530.4
PO0061111,SUP01,DS04,SKU0011,2025-05-12,2025-05-14,2025-05-14,10,10,16.51,165.1
PO0061128,SUP01,DS04,SKU0011,2025-08-20,2025-08-22,2025-08-22,10,10,16.51,165.1
PO0061145,SUP01,DS04,SKU0011,2025-11-17,2025-11-19,2025-11-19,10,10,16.51,165.1
PO0061150,SUP01,DS04,SKU0011,2025-12-15,2025-12-17,2025-12-17,10,10,16.51,165.1
PO0061198,SUP02,DS04,SKU0037,2025-03-31,2025-04-02,2025-04-02,17,17,17.45,296.65
PO0061221,SUP02,DS04,SKU0037,2025-10-27,2025-10-29,2025-10-29,17,17,17.45,296.65
PO0061247,SUP02,DS04,SKU0037,2026-05-25,2026-05-27,2026-05-27,17,17,17.45,296.65
PO0061259,SUP06,DS04,SKU0179,2025-02-17,2025-02-23,2025-02-23,7,7,19.74,138.18
PO0061316,SUP06,DS04,SKU0179,2025-11-17,2025-11-23,2025-11-24,14,14,19.74,276.36
PO0061479,SUP03,DS04,SKU0063,2025-01-13,2025-01-16,2025-01-16,5,5,41.59,207.95
PO0061581,SUP03,DS04,SKU0063,2026-06-08,2026-06-11,2026-06-11,10,10,41.59,415.9
PO0061605,SUP01,DS04,SKU0002,2025-05-12,2025-05-14,2025-05-14,12,12,11.62,139.44
PO0061610,SUP01,DS04,SKU0002,2025-06-16,2025-06-18,2025-06-18,12,12,11.62,139.44
PO0061676,SUP04,DS04,SKU0096,2025-01-27,2025-01-28,2025-01-28,9,9,7.28,65.52
PO0061764,SUP04,DS04,SKU0096,2026-04-13,2026-04-14,2026-04-14,9,9,7.28,65.52
PO0061776,SUP04,DS04,SKU0096,2026-06-08,2026-06-09,2026-06-09,9,9,7.28,65.52
PO0061860,SUP04,DS04,SKU0207,2025-12-22,2025-12-23,2025-12-23,6,6,14.97,89.82
PO0061933,SUP04,DS04,SKU0091,2025-06-16,2025-06-17,2025-06-17,9,9,11.99,107.91
PO0061970,SUP04,DS04,SKU0091,2026-02-16,2026-02-17,2026-02-17,9,9,11.99,107.91
PO0062020,SUP04,DS04,SKU0213,2025-04-21,2025-04-22,2025-04-22,6,6,12.99,77.94
PO0062081,SUP04,DS04,SKU0213,2026-01-14,2026-01-15,2026-01-15,6,6,12.99,77.94
PO0062213,SUP03,DS04,SKU0068,2025-04-16,2025-04-19,2025-04-19,8,8,50.9,407.2
PO0062392,SUP06,DS04,SKU0167,2025-10-20,2025-10-26,2025-10-26,10,10,24.32,243.2
PO0062400,SUP06,DS04,SKU0167,2025-12-22,2025-12-28,2025-12-29,10,8,24.32,243.2
PO0062445,SUP04,DS04,SKU0215,2025-03-03,2025-03-04,2025-03-04,7,7,23.43,164.01
PO0062468,SUP04,DS04,SKU0215,2025-06-11,2025-06-12,2025-06-12,7,7,23.43,164.01
PO0062489,SUP04,DS04,SKU0215,2025-09-08,2025-09-09,2025-09-09,7,7,23.43,164.01
PO0062544,SUP04,DS04,SKU0215,2026-04-13,2026-04-14,2026-04-14,7,7,23.43,164.01
PO0062649,SUP07,DS04,SKU0191,2025-05-07,2025-05-12,2025-05-12,10,10,28.89,288.9
PO0062670,SUP07,DS04,SKU0191,2025-10-06,2025-10-11,2025-10-11,10,10,28.89,288.9
PO0062704,SUP07,DS04,SKU0191,2026-05-20,2026-05-25,2026-05-25,10,10,28.89,288.9
PO0062765,SUP08,DS04,SKU0238,2025-11-03,2025-11-10,2025-11-10,7,7,29.64,207.48
PO0062936,SUP05,DS04,SKU0114,2026-06-10,2026-06-14,2026-06-15,20,20,23.03,460.6
PO0062971,SUP06,DS04,SKU0131,2026-05-18,2026-05-24,2026-05-24,19,19,17.2,326.8
PO0063013,SUP05,DS04,SKU0115,2026-03-02,2026-03-06,2026-03-06,16,16,2.42,38.72
PO0063019,SUP05,DS04,SKU0115,2026-05-06,2026-05-10,2026-05-10,16,16,2.42,38.72
PO0063084,SUP07,DS04,SKU0190,2026-04-13,2026-04-18,2026-04-18,9,9,24.75,222.75
PO0063094,SUP07,DS04,SKU0190,2026-06-10,2026-06-15,2026-06-15,9,9,24.75,222.75
PO0063114,SUP03,DS04,SKU0073,2025-03-19,2025-03-22,2025-03-22,4,4,13.21,52.84
PO0063137,SUP03,DS04,SKU0073,2025-07-07,2025-07-10,2025-07-10,4,4,13.21,52.84
PO0063144,SUP03,DS04,SKU0073,2025-08-18,2025-08-21,2025-08-21,8,8,13.21,105.68
PO0063152,SUP03,DS04,SKU0073,2025-09-29,2025-10-02,2025-10-02,8,8,13.21,105.68
PO0063382,SUP03,DS04,SKU0069,2026-05-18,2026-05-21,2026-05-21,8,8,47.96,383.68
PO0063459,SUP01,DS04,SKU0028,2026-01-19,2026-01-21,2026-01-21,8,8,5.7,45.6
PO0063495,SUP07,DS04,SKU0184,2025-04-07,2025-04-12,2025-04-12,12,12,25.34,304.08
PO0063718,SUP01,DS04,SKU0029,2025-08-11,2025-08-13,2025-08-13,8,8,21.46,171.68
PO0063788,SUP01,DS04,SKU0006,2025-05-05,2025-05-07,2025-05-07,10,10,15.7,157.0
PO0063809,SUP01,DS04,SKU0006,2025-09-29,2025-10-01,2025-10-01,10,10,15.7,157.0
PO0063907,SUP06,DS04,SKU0174,2025-03-12,2025-03-18,2025-03-18,7,7,37.74,264.18
PO0064042,SUP03,DS04,SKU0082,2026-04-20,2026-04-23,2026-04-23,7,7,26.06,182.42
PO0064141,SUP01,DS04,SKU0021,2025-02-19,2025-02-21,2025-02-21,7,7,18.1,126.7
PO0064149,SUP01,DS04,SKU0021,2025-04-07,2025-04-09,2025-04-09,7,7,18.1,126.7
PO0064163,SUP01,DS04,SKU0021,2025-07-14,2025-07-16,2025-07-16,7,7,18.1,126.7
PO0064236,SUP06,DS04,SKU0144,2025-09-22,2025-09-28,2025-09-28,14,14,13.18,184.52
PO0064315,SUP06,DS04,SKU0149,2025-10-27,2025-11-02,2025-11-02,24,20,3.75,90.0
PO0064435,SUP01,DS04,SKU0008,2025-12-03,2025-12-05,2025-12-05,12,12,4.5,54.0
PO0064467,SUP08,DS04,SKU0232,2025-03-24,2025-03-31,2025-03-31,10,10,28.23,282.3
PO0064483,SUP08,DS04,SKU0232,2025-08-20,2025-08-27,2025-08-27,10,10,28.23,282.3
PO0064497,SUP08,DS04,SKU0232,2026-01-19,2026-01-26,2026-01-26,10,10,28.23,282.3
PO0064510,SUP08,DS04,SKU0232,2026-05-13,2026-05-20,2026-05-20,10,10,28.23,282.3
PO0064564,SUP01,DS04,SKU0003,2025-11-24,2025-11-26,2025-11-26,7,7,10.36,72.52
PO0064643,SUP01,DS04,SKU0001,2025-10-22,2025-10-24,2025-10-24,6,6,4.07,24.42
PO0064658,SUP01,DS04,SKU0001,2026-01-26,2026-01-28,2026-01-28,6,6,4.07,24.42
PO0064687,SUP06,DS04,SKU0162,2025-03-03,2025-03-09,2025-03-10,11,11,12.83,141.13
PO0064765,SUP01,DS04,SKU0004,2025-09-15,2025-09-17,2025-09-17,9,9,8.6,77.4
PO0064913,SUP06,DS04,SKU0142,2026-04-27,2026-05-03,2026-05-03,13,10,14.45,187.85
PO0065144,SUP01,DS04,SKU0034,2026-02-02,2026-02-04,2026-02-05,10,7,9.2,92.0
PO0065149,SUP01,DS04,SKU0034,2026-03-11,2026-03-13,2026-03-13,10,10,9.2,92.0
PO0065158,SUP01,DS04,SKU0034,2026-05-18,2026-05-20,2026-05-20,10,10,9.2,92.0
PO0065186,SUP02,DS04,SKU0042,2025-12-22,2025-12-24,2025-12-24,17,17,20.8,353.6
PO0065221,SUP02,DS04,SKU0053,2025-12-22,2025-12-24,2025-12-24,15,15,18.78,281.7
PO0065297,SUP08,DS04,SKU0250,2025-06-30,2025-07-07,2025-07-07,7,7,6.1,42.7
PO0065346,SUP08,DS04,SKU0254,2025-04-16,2025-04-23,2025-04-23,11,11,6.75,74.25
PO0065450,SUP06,DS04,SKU0159,2026-01-05,2026-01-11,2026-01-11,9,9,36.68,330.12
PO0065509,SUP04,DS04,SKU0093,2025-05-05,2025-05-06,2025-05-06,10,10,3.65,36.5
PO0065553,SUP04,DS04,SKU0093,2026-03-09,2026-03-10,2026-03-10,10,10,3.65,36.5
PO0065554,SUP04,DS04,SKU0093,2026-03-16,2026-03-17,2026-03-17,10,10,3.65,36.5
PO0065565,SUP04,DS04,SKU0093,2026-06-01,2026-06-02,2026-06-02,10,10,3.65,36.5
PO0065620,SUP04,DS04,SKU0100,2025-04-21,2025-04-22,2025-04-22,10,10,4.5,45.0
PO0065631,SUP04,DS04,SKU0100,2025-07-07,2025-07-08,2025-07-08,10,10,4.5,45.0
PO0065770,SUP04,DS04,SKU0090,2025-12-15,2025-12-16,2025-12-16,10,10,8.38,83.8
PO0065858,SUP03,DS04,SKU0070,2026-02-23,2026-02-26,2026-02-26,5,5,16.1,80.5
PO0065872,SUP03,DS04,SKU0070,2026-05-13,2026-05-16,2026-05-16,5,5,16.1,80.5
PO0065896,SUP04,DS04,SKU0204,2025-04-28,2025-04-29,2025-04-29,7,7,17.64,123.48
PO0065911,SUP04,DS04,SKU0204,2025-08-11,2025-08-12,2025-08-12,7,7,17.64,123.48
PO0065929,SUP04,DS04,SKU0204,2025-12-08,2025-12-09,2025-12-09,7,7,17.64,123.48
PO0065950,SUP04,DS04,SKU0204,2026-04-27,2026-04-28,2026-04-28,7,7,17.64,123.48
PO0065960,SUP04,DS04,SKU0204,2026-06-29,2026-06-30,2026-06-30,7,7,17.64,123.48
PO0066081,SUP08,DS04,SKU0231,2026-06-29,2026-07-06,2026-07-06,6,6,11.92,71.52
PO0066084,SUP06,DS04,SKU0168,2025-01-29,2025-02-04,2025-02-04,11,11,31.15,342.65
PO0066243,SUP06,DS04,SKU0158,2026-04-27,2026-05-03,2026-05-03,6,6,4.87,29.22
PO0066297,SUP03,DS04,SKU0077,2026-02-02,2026-02-05,2026-02-05,6,6,13.69,82.14
PO0066341,SUP08,DS04,SKU0252,2025-10-29,2025-11-05,2025-11-05,9,9,9.75,87.75
PO0066372,SUP01,DS04,SKU0031,2025-02-24,2025-02-26,2025-02-26,7,7,16.56,115.92
PO0066374,SUP01,DS04,SKU0031,2025-03-10,2025-03-12,2025-03-12,7,7,16.56,115.92
PO0066450,SUP03,DS04,SKU0067,2025-03-26,2025-03-29,2025-03-29,7,7,38.13,266.91
PO0066465,SUP03,DS04,SKU0067,2025-08-06,2025-08-09,2025-08-09,7,7,38.13,266.91
PO0066518,SUP02,DS04,SKU0041,2025-09-22,2025-09-24,2025-09-24,16,16,4.33,69.28
PO0066657,SUP02,DS04,SKU0062,2026-06-29,2026-07-01,2026-07-01,14,14,24.92,348.88
PO0066780,SUP04,DS04,SKU0083,2025-06-11,2025-06-12,2025-06-12,6,6,9.98,59.88
PO0066809,SUP04,DS04,SKU0083,2025-12-24,2025-12-25,2025-12-25,6,6,9.98,59.88
PO0066885,SUP04,DS04,SKU0216,2025-09-24,2025-09-25,2025-09-25,4,4,20.81,83.24
PO0066982,SUP03,DS04,SKU0071,2026-05-18,2026-05-21,2026-05-21,8,8,22.16,177.28
PO0067007,SUP07,DS04,SKU0187,2025-09-03,2025-09-08,2025-09-08,8,8,11.03,88.24
PO0067161,SUP03,DS04,SKU0074,2026-05-25,2026-05-28,2026-05-28,4,4,40.02,160.08
PO0067236,SUP08,DS04,SKU0224,2025-12-10,2025-12-17,2025-12-17,7,7,8.95,62.65
PO0067247,SUP08,DS04,SKU0224,2026-05-18,2026-05-25,2026-05-25,7,7,8.95,62.65
PO0067375,SUP04,DS04,SKU0206,2026-05-11,2026-05-12,2026-05-12,7,7,15.1,105.7
PO0067482,SUP04,DS04,SKU0203,2025-05-05,2025-05-06,2025-05-06,5,5,17.48,87.4
PO0067502,SUP04,DS04,SKU0203,2025-09-15,2025-09-16,2025-09-16,5,5,17.48,87.4
PO0067503,SUP04,DS04,SKU0203,2025-09-22,2025-09-23,2025-09-25,5,5,17.48,87.4
PO0067638,SUP08,DS04,SKU0235,2025-02-03,2025-02-10,2025-02-10,8,8,25.33,202.64
PO0067649,SUP08,DS04,SKU0235,2025-08-11,2025-08-18,2025-08-18,8,8,25.33,202.64
PO0067655,SUP08,DS04,SKU0235,2025-11-10,2025-11-17,2025-11-17,8,8,25.33,202.64
PO0067666,SUP08,DS04,SKU0235,2026-04-22,2026-04-29,2026-04-29,8,8,25.33,202.64
PO0067677,SUP05,DS04,SKU0102,2025-07-28,2025-08-01,2025-08-01,21,21,4.38,91.98
PO0067683,SUP05,DS04,SKU0102,2026-04-20,2026-04-24,2026-04-24,21,21,4.38,91.98
PO0067749,SUP08,DS05,SKU0261,2025-05-07,2025-05-14,2025-05-16,21,21,9.59,201.39
PO0067782,SUP08,DS05,SKU0261,2025-09-01,2025-09-08,2025-09-08,56,56,9.59,537.04
PO0067804,SUP08,DS05,SKU0261,2025-11-17,2025-11-24,2025-11-24,42,42,9.59,402.78
PO0067831,SUP08,DS05,SKU0261,2026-02-18,2026-02-25,2026-02-25,35,35,9.59,335.65
PO0067836,SUP08,DS05,SKU0261,2026-03-09,2026-03-16,2026-03-16,49,49,9.59,469.91
PO0067858,SUP08,DS05,SKU0261,2026-05-25,2026-06-01,2026-06-01,56,47,9.59,537.04
PO0067992,SUP06,DS05,SKU0176,2026-03-11,2026-03-17,2026-03-17,24,24,18.93,454.32
PO0068012,SUP06,DS05,SKU0176,2026-05-25,2026-05-31,2026-05-31,60,60,18.93,1135.8
PO0068013,SUP06,DS05,SKU0176,2026-05-27,2026-06-02,2026-06-02,24,20,18.93,454.32
PO0068321,SUP08,DS05,SKU0266,2026-06-01,2026-06-08,2026-06-08,42,42,55.53,2332.26
PO0068357,SUP05,DS05,SKU0117,2025-04-23,2025-04-27,2025-04-27,22,22,6.63,145.86
PO0068423,SUP05,DS05,SKU0117,2026-02-09,2026-02-13,2026-02-13,44,44,6.63,291.72
PO0068612,SUP06,DS05,SKU0172,2025-02-26,2025-03-04,2025-03-04,28,28,42.5,1190.0
PO0068618,SUP06,DS05,SKU0172,2025-03-19,2025-03-25,2025-03-25,21,21,42.5,892.5
PO0068685,SUP06,DS05,SKU0172,2025-11-12,2025-11-18,2025-11-18,21,21,42.5,892.5
PO0068704,SUP06,DS05,SKU0172,2026-01-19,2026-01-25,2026-01-27,35,35,42.5,1487.5
PO0068711,SUP06,DS05,SKU0172,2026-02-11,2026-02-17,2026-02-17,21,21,42.5,892.5
PO0068722,SUP06,DS05,SKU0172,2026-03-25,2026-03-31,2026-03-31,21,21,42.5,892.5
PO0068773,SUP04,DS05,SKU0095,2025-04-09,2025-04-10,2025-04-10,9,9,14.05,126.45
PO0068779,SUP04,DS05,SKU0095,2025-04-30,2025-05-01,2025-05-01,18,18,14.05,252.9
PO0068802,SUP04,DS05,SKU0095,2025-07-23,2025-07-24,2025-07-24,9,9,14.05,126.45
PO0068852,SUP04,DS05,SKU0095,2026-01-14,2026-01-15,2026-01-15,9,9,14.05,126.45
PO0068857,SUP04,DS05,SKU0095,2026-02-02,2026-02-03,2026-02-03,18,18,14.05,252.9
PO0068870,SUP04,DS05,SKU0095,2026-03-18,2026-03-19,2026-03-19,18,18,14.05,252.9
PO0068908,SUP04,DS05,SKU0094,2025-01-29,2025-01-30,2025-01-30,16,16,13.38,214.08
PO0069018,SUP04,DS05,SKU0094,2026-02-23,2026-02-24,2026-02-24,32,32,13.38,428.16
PO0069042,SUP04,DS05,SKU0094,2026-05-18,2026-05-19,2026-05-19,24,24,13.38,321.12
PO0069145,SUP03,DS05,SKU0076,2026-05-25,2026-05-28,2026-05-28,24,24,10.47,251.28
PO0069164,SUP05,DS05,SKU0127,2025-02-24,2025-02-28,2025-02-28,22,22,18.35,403.7
PO0069169,SUP05,DS05,SKU0127,2025-03-24,2025-03-28,2025-03-28,44,44,18.35,807.4
PO0069183,SUP05,DS05,SKU0127,2025-06-04,2025-06-08,2025-06-08,22,22,18.35,403.7
PO0069194,SUP05,DS05,SKU0127,2025-07-23,2025-07-27,2025-07-27,22,22,18.35,403.7
PO0069204,SUP05,DS05,SKU0127,2025-09-03,2025-09-07,2025-09-07,22,22,18.35,403.7
PO0069313,SUP05,DS05,SKU0106,2025-08-11,2025-08-15,2025-08-15,48,48,13.19,633.12
PO0069409,SUP08,DS05,SKU0219,2025-04-30,2025-05-07,2025-05-07,8,8,25.73,205.84
PO0069410,SUP08,DS05,SKU0219,2025-05-05,2025-05-12,2025-05-12,24,24,25.73,617.52
PO0069463,SUP08,DS05,SKU0219,2025-11-10,2025-11-17,2025-11-17,24,24,25.73,617.52
PO0069548,SUP06,DS05,SKU0143,2025-04-07,2025-04-13,2025-04-13,14,14,9.59,134.26
PO0069561,SUP06,DS05,SKU0143,2025-05-26,2025-06-01,2025-06-01,28,28,9.59,268.52
PO0069658,SUP06,DS05,SKU0143,2026-06-22,2026-06-28,2026-06-28,28,28,9.59,268.52
PO0069665,SUP01,DS05,SKU0018,2025-01-15,2025-01-17,2025-01-17,7,7,9.93,69.51
PO0069681,SUP01,DS05,SKU0018,2025-03-17,2025-03-19,2025-03-19,28,28,9.93,278.04
PO0069712,SUP01,DS05,SKU0018,2025-07-23,2025-07-25,2025-07-25,7,7,9.93,69.51
PO0069812,SUP01,DS05,SKU0032,2025-02-12,2025-02-14,2025-02-14,9,9,20.07,180.63
PO0069956,SUP02,DS05,SKU0061,2025-05-14,2025-05-16,2025-05-16,12,12,7.29,87.48
PO0070063,SUP04,DS05,SKU0212,2025-04-07,2025-04-08,2025-04-08,12,12,14.16,169.92
PO0070130,SUP04,DS05,SKU0212,2025-12-03,2025-12-04,2025-12-04,4,4,14.16,56.64
PO0070171,SUP04,DS05,SKU0212,2026-05-11,2026-05-12,2026-05-12,12,12,14.16,169.92
PO0070256,SUP01,DS05,SKU0023,2025-10-06,2025-10-08,2025-10-08,10,10,7.18,71.8
PO0070298,SUP01,DS05,SKU0023,2026-04-06,2026-04-08,2026-04-11,10,10,7.18,71.8
PO0070310,SUP01,DS05,SKU0023,2026-05-27,2026-05-29,2026-05-29,10,10,7.18,71.8
PO0070344,SUP01,DS05,SKU0012,2025-05-05,2025-05-07,2025-05-07,18,18,13.34,240.12
PO0070382,SUP01,DS05,SKU0012,2025-12-01,2025-12-03,2025-12-03,18,18,13.34,240.12
PO0070403,SUP01,DS05,SKU0012,2026-03-02,2026-03-04,2026-03-08,9,9,13.34,120.06
PO0070703,SUP04,DS05,SKU0085,2026-05-11,2026-05-12,2026-05-12,18,18,11.53,207.54
PO0070750,SUP01,DS05,SKU0013,2025-06-16,2025-06-18,2025-06-18,14,14,6.28,87.92
PO0070867,SUP06,DS05,SKU0169,2025-06-11,2025-06-17,2025-06-17,7,7,5.78,40.46
PO0070922,SUP06,DS05,SKU0169,2025-12-31,2026-01-06,2026-01-06,7,7,5.78,40.46
PO0071033,SUP06,DS05,SKU0132,2026-02-18,2026-02-24,2026-02-24,17,17,2.19,37.23
PO0071035,SUP06,DS05,SKU0132,2026-02-25,2026-03-03,2026-03-03,17,14,2.19,37.23
PO0071094,SUP08,DS05,SKU0218,2025-06-04,2025-06-11,2025-06-11,8,8,27.82,222.56
PO0071187,SUP08,DS05,SKU0218,2026-06-08,2026-06-15,2026-06-15,16,16,27.82,445.12
PO0071212,SUP02,DS05,SKU0043,2025-05-26,2025-05-28,2025-05-29,15,15,23.87,358.05
PO0071224,SUP02,DS05,SKU0043,2025-08-25,2025-08-27,2025-08-27,15,15,23.87,358.05
PO0071256,SUP02,DS05,SKU0043,2026-04-13,2026-04-15,2026-04-15,15,15,23.87,358.05
PO0071284,SUP03,DS05,SKU0066,2025-03-19,2025-03-22,2025-03-22,7,7,24.41,170.87
PO0071289,SUP03,DS05,SKU0066,2025-04-09,2025-04-12,2025-04-12,7,7,24.41,170.87
PO0071308,SUP03,DS05,SKU0066,2025-06-23,2025-06-26,2025-06-26,21,21,24.41,512.61
PO0071322,SUP03,DS05,SKU0066,2025-09-01,2025-09-04,2025-09-04,21,21,24.41,512.61
PO0071334,SUP03,DS05,SKU0066,2025-10-20,2025-10-23,2025-10-23,14,14,24.41,341.74
PO0071408,SUP05,DS05,SKU0113,2025-03-17,2025-03-21,2025-03-21,17,17,24.71,420.07
PO0071421,SUP05,DS05,SKU0113,2025-06-11,2025-06-15,2025-06-15,17,17,24.71,420.07
PO0072008,SUP06,DS05,SKU0181,2025-01-01,2025-01-07,2025-01-07,27,27,9.21,248.67
PO0072030,SUP06,DS05,SKU0181,2025-04-21,2025-04-27,2025-04-27,9,9,9.21,82.89
PO0072128,SUP06,DS05,SKU0135,2025-01-01,2025-01-07,2025-01-07,32,32,13.81,441.92
PO0072135,SUP06,DS05,SKU0135,2025-03-03,2025-03-09,2025-03-09,16,16,13.81,220.96
PO0072145,SUP06,DS05,SKU0135,2025-04-28,2025-05-04,2025-05-04,16,16,13.81,220.96
PO0072147,SUP06,DS05,SKU0135,2025-05-12,2025-05-18,2025-05-18,16,16,13.81,220.96
PO0072176,SUP06,DS05,SKU0135,2025-11-17,2025-11-23,2025-11-23,16,16,13.81,220.96
PO0072238,SUP01,DS05,SKU0016,2025-05-05,2025-05-07,2025-05-07,8,8,20.09,160.72
PO0072255,SUP01,DS05,SKU0016,2025-07-28,2025-07-30,2025-07-30,16,16,20.09,321.44
PO0072272,SUP01,DS05,SKU0016,2025-10-20,2025-10-22,2025-10-22,16,16,20.09,321.44
PO0072285,SUP01,DS05,SKU0016,2025-12-31,2026-01-02,2026-01-02,8,8,20.09,160.72
PO0072439,SUP08,DS05,SKU0257,2025-03-05,2025-03-12,2025-03-12,11,11,30.99,340.89
PO0072445,SUP08,DS05,SKU0257,2025-03-31,2025-04-07,2025-04-07,11,11,30.99,340.89
PO0072572,SUP07,DS05,SKU0195,2025-06-25,2025-06-30,2025-06-30,9,9,10.67,96.03
PO0072668,SUP02,DS05,SKU0049,2025-03-17,2025-03-19,2025-03-19,15,15,4.82,72.3
PO0072672,SUP02,DS05,SKU0049,2025-04-14,2025-04-16,2025-04-17,15,15,4.82,72.3
PO0072679,SUP02,DS05,SKU0049,2025-06-09,2025-06-11,2025-06-11,15,15,4.82,72.3
PO0072706,SUP02,DS05,SKU0049,2026-01-19,2026-01-21,2026-01-21,15,15,4.82,72.3
PO0072719,SUP02,DS05,SKU0049,2026-05-04,2026-05-06,2026-05-06,15,15,4.82,72.3
PO0072774,SUP01,DS05,SKU0030,2025-09-01,2025-09-03,2025-09-03,16,16,2.77,44.32
PO0072795,SUP01,DS05,SKU0030,2025-12-24,2025-12-26,2025-12-26,8,8,2.77,22.16
PO0072822,SUP01,DS05,SKU0030,2026-05-06,2026-05-08,2026-05-08,8,8,2.77,22.16
PO0072832,SUP01,DS05,SKU0030,2026-06-17,2026-06-19,2026-06-23,8,5,2.77,22.16
PO0072887,SUP08,DS05,SKU0236,2025-08-04,2025-08-11,2025-08-11,12,12,7.43,89.16
PO0072896,SUP08,DS05,SKU0236,2025-09-08,2025-09-15,2025-09-15,12,12,7.43,89.16
PO0072908,SUP08,DS05,SKU0236,2025-10-22,2025-10-29,2025-10-29,6,6,7.43,44.58
PO0072923,SUP08,DS05,SKU0236,2025-12-22,2025-12-29,2025-12-29,18,18,7.43,133.74
PO0072930,SUP08,DS05,SKU0236,2026-01-14,2026-01-21,2026-01-21,6,6,7.43,44.58
PO0072937,SUP08,DS05,SKU0236,2026-02-11,2026-02-18,2026-02-18,6,6,7.43,44.58
PO0072942,SUP08,DS05,SKU0236,2026-03-04,2026-03-11,2026-03-11,6,6,7.43,44.58
PO0072974,SUP08,DS05,SKU0242,2025-01-01,2025-01-08,2025-01-08,30,30,11.11,333.3
PO0073043,SUP08,DS05,SKU0242,2025-10-20,2025-10-27,2025-10-27,18,18,11.11,199.98
PO0073056,SUP08,DS05,SKU0242,2025-12-15,2025-12-22,2025-12-22,12,12,11.11,133.32
PO0073061,SUP08,DS05,SKU0242,2026-01-07,2026-01-14,2026-01-14,6,6,11.11,66.66
PO0073062,SUP08,DS05,SKU0242,2026-01-12,2026-01-19,2026-01-19,12,12,11.11,133.32
PO0073091,SUP08,DS05,SKU0242,2026-05-11,2026-05-18,2026-05-18,12,12,11.11,133.32
PO0073153,SUP08,DS05,SKU0251,2025-08-04,2025-08-11,2025-08-11,12,12,9.4,112.8
PO0073233,SUP08,DS05,SKU0251,2026-06-29,2026-07-06,2026-07-06,18,18,9.4,169.2
PO0073409,SUP08,DS05,SKU0230,2026-05-04,2026-05-11,2026-05-11,22,22,25.78,567.16
PO0073471,SUP07,DS05,SKU0200,2025-10-27,2025-11-01,2025-11-01,11,11,37.61,413.71
PO0073480,SUP07,DS05,SKU0200,2025-12-22,2025-12-27,2025-12-27,11,11,37.61,413.71
PO0073522,SUP08,DS05,SKU0225,2025-02-12,2025-02-19,2025-02-19,8,8,15.57,124.56
PO0073529,SUP08,DS05,SKU0225,2025-03-19,2025-03-26,2025-03-26,8,8,15.57,124.56
PO0073567,SUP08,DS05,SKU0225,2025-09-15,2025-09-22,2025-09-22,8,8,15.57,124.56
PO0073582,SUP08,DS05,SKU0225,2025-11-19,2025-11-26,2025-11-26,8,8,15.57,124.56
PO0073663,SUP02,DS05,SKU0046,2025-07-16,2025-07-18,2025-07-18,11,11,5.49,60.39
PO0073673,SUP02,DS05,SKU0046,2025-09-29,2025-10-01,2025-10-01,11,10,5.49,60.39
PO0073882,SUP08,DS05,SKU0240,2025-12-17,2025-12-24,2025-12-24,6,6,6.79,40.74
PO0073907,SUP08,DS05,SKU0240,2026-04-01,2026-04-08,2026-04-08,6,6,6.79,40.74
PO0073943,SUP08,DS05,SKU0260,2025-04-14,2025-04-21,2025-04-21,10,10,37.49,374.9
PO0074140,SUP08,DS05,SKU0226,2025-11-03,2025-11-10,2025-11-10,12,12,19.38,232.56
PO0074201,SUP06,DS05,SKU0156,2025-12-01,2025-12-07,2025-12-07,24,24,6.97,167.28
PO0074282,SUP04,DS05,SKU0086,2025-11-19,2025-11-20,2025-11-20,7,7,12.37,86.59
PO0074396,SUP01,DS05,SKU0022,2026-01-05,2026-01-07,2026-01-07,9,9,11.52,103.68
PO0074442,SUP07,DS05,SKU0198,2025-03-17,2025-03-22,2025-03-22,11,11,16.38,180.18
PO0074467,SUP07,DS05,SKU0198,2025-09-08,2025-09-13,2025-09-13,11,11,16.38,180.18
PO0074505,SUP07,DS05,SKU0198,2026-06-01,2026-06-06,2026-06-08,11,11,16.38,180.18
PO0074535,SUP06,DS05,SKU0138,2025-09-08,2025-09-14,2025-09-14,16,16,14.33,229.28
PO0074638,SUP07,DS05,SKU0194,2026-01-26,2026-01-31,2026-01-31,7,7,33.9,237.3
PO0074735,SUP05,DS05,SKU0128,2025-03-03,2025-03-07,2025-03-07,16,16,19.75,316.0
PO0074757,SUP05,DS05,SKU0128,2025-09-22,2025-09-26,2025-09-26,16,16,19.75,316.0
PO0074782,SUP05,DS05,SKU0128,2026-05-18,2026-05-22,2026-05-22,16,16,19.75,316.0
PO0074827,SUP04,DS05,SKU0087,2025-06-18,2025-06-19,2025-06-19,6,6,3.56,21.36
PO0074954,SUP02,DS05,SKU0035,2025-12-22,2025-12-24,2025-12-24,11,11,16.75,184.25
PO0075052,SUP03,DS05,SKU0079,2026-05-13,2026-05-16,2026-05-16,8,8,33.15,265.2
PO0075154,SUP02,DS05,SKU0037,2025-03-31,2025-04-02,2025-04-02,17,17,17.45,296.65
PO0075296,SUP04,DS05,SKU0210,2025-02-03,2025-02-04,2025-02-04,6,6,24.59,147.54
PO0075417,SUP03,DS05,SKU0063,2025-08-06,2025-08-09,2025-08-09,10,10,41.59,415.9
PO0075446,SUP03,DS05,SKU0063,2025-12-24,2025-12-27,2025-12-27,5,5,41.59,207.95
PO0075458,SUP03,DS05,SKU0063,2026-02-23,2026-02-26,2026-02-26,10,10,41.59,415.9
PO0075470,SUP03,DS05,SKU0063,2026-04-27,2026-04-30,2026-04-30,5,5,41.59,207.95
PO0075482,SUP03,DS05,SKU0063,2026-06-24,2026-06-27,2026-06-27,5,5,41.59,207.95
PO0075484,SUP01,DS05,SKU0002,2025-01-01,2025-01-03,2025-01-03,12,12,11.62,139.44
PO0075655,SUP04,DS05,SKU0207,2025-02-03,2025-02-04,2025-02-04,6,6,14.97,89.82
PO0075757,SUP04,DS05,SKU0091,2025-04-28,2025-04-29,2025-04-29,9,9,11.99,107.91
PO0075859,SUP04,DS05,SKU0213,2025-08-11,2025-08-12,2025-08-12,6,6,12.99,77.94
PO0075937,SUP02,DS05,SKU0047,2025-08-25,2025-08-27,2025-08-27,12,12,15.74,188.88
PO0075994,SUP03,DS05,SKU0068,2025-08-04,2025-08-07,2025-08-07,8,8,50.9,407.2
PO0076044,SUP08,DS05,SKU0253,2025-02-26,2025-03-05,2025-03-05,11,11,11.72,128.92
PO0076125,SUP04,DS05,SKU0215,2025-04-28,2025-04-29,2025-04-29,7,7,23.43,164.01
PO0076175,SUP04,DS05,SKU0215,2026-02-23,2026-02-24,2026-02-24,7,7,23.43,164.01
PO0076277,SUP07,DS05,SKU0191,2025-04-23,2025-04-28,2025-04-28,10,10,28.89,288.9
PO0076292,SUP07,DS05,SKU0191,2025-09-01,2025-09-06,2025-09-06,10,10,28.89,288.9
PO0076296,SUP07,DS05,SKU0191,2025-10-01,2025-10-06,2025-10-06,10,10,28.89,288.9
PO0076488,SUP08,DS05,SKU0222,2026-05-04,2026-05-11,2026-05-11,8,8,29.64,237.12
PO0076517,SUP02,DS05,SKU0051,2025-11-24,2025-11-26,2025-11-26,17,17,19.57,332.69
PO0076542,SUP04,DS05,SKU0205,2025-03-12,2025-03-13,2025-03-13,5,5,23.96,119.8
PO0076580,SUP04,DS05,SKU0205,2025-09-10,2025-09-11,2025-09-11,5,5,23.96,119.8
PO0076644,SUP04,DS05,SKU0205,2026-06-29,2026-06-30,2026-06-30,5,5,23.96,119.8
PO0076679,SUP06,DS05,SKU0131,2025-01-01,2025-01-07,2025-01-07,19,19,17.2,326.8
PO0076836,SUP03,DS05,SKU0073,2025-05-12,2025-05-15,2025-05-15,4,4,13.21,52.84
PO0076886,SUP03,DS05,SKU0073,2026-01-26,2026-01-29,2026-01-29,4,4,13.21,52.84
PO0077001,SUP03,DS05,SKU0069,2025-03-31,2025-04-03,2025-04-03,8,8,47.96,383.68
PO0077008,SUP03,DS05,SKU0069,2025-05-05,2025-05-08,2025-05-08,8,8,47.96,383.68
PO0077016,SUP03,DS05,SKU0069,2025-06-11,2025-06-14,2025-06-14,4,4,47.96,191.84
PO0077026,SUP03,DS05,SKU0069,2025-08-06,2025-08-09,2025-08-09,4,4,47.96,191.84
PO0077078,SUP03,DS05,SKU0069,2026-04-15,2026-04-18,2026-04-18,4,4,47.96,191.84
PO0077313,SUP08,DS05,SKU0239,2026-05-18,2026-05-25,2026-05-25,8,8,37.3,298.4
PO0077345,SUP01,DS05,SKU0029,2025-07-21,2025-07-23,2025-07-23,8,8,21.46,171.68
PO0077430,SUP01,DS05,SKU0006,2025-10-06,2025-10-08,2025-10-08,10,10,15.7,157.0
PO0077454,SUP01,DS05,SKU0006,2026-03-25,2026-03-27,2026-03-27,10,8,15.7,157.0
PO0077508,SUP06,DS05,SKU0174,2025-03-03,2025-03-09,2025-03-09,14,14,37.74,528.36
PO0077557,SUP06,DS05,SKU0174,2026-03-30,2026-04-05,2026-04-05,7,7,37.74,264.18
PO0077598,SUP03,DS05,SKU0082,2025-08-11,2025-08-14,2025-08-14,7,7,26.06,182.42
PO0077669,SUP01,DS05,SKU0026,2025-07-21,2025-07-23,2025-07-23,8,8,4.22,33.76
PO0077674,SUP01,DS05,SKU0026,2025-08-25,2025-08-27,2025-08-27,8,8,4.22,33.76
PO0077742,SUP01,DS05,SKU0021,2025-06-16,2025-06-18,2025-06-18,7,7,18.1,126.7
PO0077782,SUP01,DS05,SKU0021,2026-03-23,2026-03-25,2026-03-25,7,7,18.1,126.7
PO0077862,SUP05,DS05,SKU0129,2026-06-01,2026-06-05,2026-06-05,14,14,20.63,288.82
PO0077875,SUP07,DS05,SKU0188,2025-04-16,2025-04-21,2025-04-21,8,8,38.92,311.36
PO0077883,SUP07,DS05,SKU0188,2025-07-02,2025-07-07,2025-07-07,8,8,38.92,311.36
PO0077918,SUP07,DS05,SKU0188,2026-06-01,2026-06-06,2026-06-06,8,8,38.92,311.36
PO0077972,SUP04,DS05,SKU0099,2025-07-21,2025-07-22,2025-07-22,10,10,10.45,104.5
PO0077995,SUP04,DS05,SKU0099,2025-12-29,2025-12-30,2025-12-30,10,10,10.45,104.5
PO0078055,SUP06,DS05,SKU0180,2026-01-05,2026-01-11,2026-01-11,9,9,40.74,366.66
PO0078099,SUP01,DS05,SKU0008,2025-06-25,2025-06-27,2025-06-27,12,12,4.5,54.0
PO0078141,SUP01,DS05,SKU0008,2026-04-27,2026-04-29,2026-04-29,12,12,4.5,54.0
PO0078173,SUP08,DS05,SKU0232,2025-11-17,2025-11-24,2025-11-24,10,10,28.23,282.3
PO0078209,SUP01,DS05,SKU0003,2025-04-14,2025-04-16,2025-04-16,7,7,10.36,72.52
PO0078404,SUP01,DS05,SKU0004,2025-05-19,2025-05-21,2025-05-21,9,9,8.6,77.4
PO0078407,SUP01,DS05,SKU0004,2025-06-18,2025-06-20,2025-06-20,9,9,8.6,77.4
PO0078512,SUP03,DS05,SKU0072,2025-07-14,2025-07-17,2025-07-17,6,6,47.33,283.98
PO0078528,SUP03,DS05,SKU0072,2025-11-17,2025-11-20,2025-11-20,6,6,47.33,283.98
PO0078578,SUP06,DS05,SKU0142,2025-11-03,2025-11-09,2025-11-09,13,13,14.45,187.85
PO0078596,SUP05,DS05,SKU0116,2025-03-05,2025-03-09,2025-03-09,23,23,3.14,72.22
PO0078601,SUP05,DS05,SKU0116,2025-08-11,2025-08-15,2025-08-15,23,23,3.14,72.22
PO0078659,SUP01,DS05,SKU0015,2026-04-06,2026-04-08,2026-04-08,11,11,18.01,198.11
PO0078698,SUP01,DS05,SKU0005,2025-10-22,2025-10-24,2025-10-24,9,9,5.4,48.6
PO0078789,SUP01,DS05,SKU0034,2026-03-30,2026-04-01,2026-04-01,10,6,9.2,92.0
PO0078960,SUP01,DS05,SKU0009,2026-04-06,2026-04-08,2026-04-09,8,8,4.73,37.84
PO0078970,SUP01,DS05,SKU0009,2026-06-22,2026-06-24,2026-06-24,8,6,4.73,37.84
PO0079108,SUP06,DS05,SKU0159,2025-12-15,2025-12-21,2025-12-21,9,9,36.68,330.12
PO0079131,SUP06,DS05,SKU0154,2025-09-15,2025-09-21,2025-09-21,21,21,5.87,123.27
PO0079143,SUP04,DS05,SKU0093,2025-01-01,2025-01-02,2025-01-02,10,10,3.65,36.5
PO0079446,SUP03,DS05,SKU0070,2025-02-17,2025-02-20,2025-02-20,5,5,16.1,80.5
PO0079447,SUP03,DS05,SKU0070,2025-03-03,2025-03-06,2025-03-06,10,10,16.1,161.0
PO0079476,SUP03,DS05,SKU0070,2025-09-24,2025-09-27,2025-09-27,5,5,16.1,80.5
PO0079554,SUP04,DS05,SKU0204,2025-09-22,2025-09-23,2025-09-23,7,7,17.64,123.48
PO0079632,SUP07,DS05,SKU0183,2026-03-02,2026-03-07,2026-03-07,7,7,12.43,87.01
PO0079754,SUP07,DS05,SKU0186,2025-09-01,2025-09-06,2025-09-06,7,7,36.09,252.63
PO0079822,SUP03,DS05,SKU0077,2025-12-10,2025-12-13,2025-12-14,6,6,13.69,82.14
PO0079912,SUP01,DS05,SKU0031,2025-08-04,2025-08-06,2025-08-06,7,7,16.56,115.92
PO0080043,SUP03,DS05,SKU0067,2025-03-12,2025-03-15,2025-03-15,7,7,38.13,266.91
PO0080267,SUP06,DS05,SKU0160,2025-12-22,2025-12-28,2025-12-28,11,11,31.65,348.15
PO0080368,SUP04,DS05,SKU0083,2025-09-08,2025-09-09,2025-09-09,6,6,9.98,59.88
PO0080401,SUP04,DS05,SKU0083,2026-04-27,2026-04-28,2026-04-28,6,6,9.98,59.88
PO0080458,SUP04,DS05,SKU0216,2025-11-17,2025-11-18,2025-11-18,4,4,20.81,83.24
PO0080670,SUP03,DS05,SKU0074,2026-02-02,2026-02-05,2026-02-05,4,4,40.02,160.08
PO0080718,SUP06,DS05,SKU0173,2026-06-15,2026-06-21,2026-06-21,8,8,40.72,325.76
PO0080720,SUP08,DS05,SKU0224,2025-01-20,2025-01-27,2025-01-27,7,7,8.95,62.65
PO0080782,SUP01,DS05,SKU0027,2025-08-11,2025-08-13,2025-08-13,10,10,3.36,33.6
PO0080826,SUP04,DS05,SKU0206,2025-03-31,2025-04-01,2025-04-01,7,7,15.1,105.7
PO0080862,SUP04,DS05,SKU0206,2025-12-08,2025-12-09,2025-12-09,7,7,15.1,105.7
PO0080902,SUP06,DS05,SKU0155,2026-04-08,2026-04-14,2026-04-14,21,21,18.19,381.99
PO0080908,SUP01,DS05,SKU0020,2025-02-10,2025-02-12,2025-02-12,6,6,6.67,40.02
PO0080943,SUP01,DS05,SKU0020,2026-01-28,2026-01-30,2026-01-30,6,6,6.67,40.02
PO0080948,SUP01,DS05,SKU0020,2026-03-18,2026-03-20,2026-03-20,6,5,6.67,40.02
PO0080955,SUP01,DS05,SKU0020,2026-05-27,2026-05-29,2026-05-29,6,6,6.67,40.02
PO0080984,SUP04,DS05,SKU0203,2025-06-30,2025-07-01,2025-07-01,5,5,17.48,87.4
PO0081015,SUP04,DS05,SKU0203,2026-02-02,2026-02-03,2026-02-03,5,5,17.48,87.4
PO0081021,SUP04,DS05,SKU0203,2026-03-16,2026-03-17,2026-03-17,5,5,17.48,87.4
PO0081063,SUP08,DS06,SKU0261,2025-04-09,2025-04-16,2025-04-16,14,12,9.59,134.26
PO0081142,SUP08,DS06,SKU0261,2026-01-12,2026-01-19,2026-01-19,28,28,9.59,268.52
PO0081180,SUP08,DS06,SKU0261,2026-05-25,2026-06-01,2026-06-01,35,35,9.59,335.65
PO0081184,SUP08,DS06,SKU0261,2026-06-08,2026-06-15,2026-06-15,35,35,9.59,335.65
PO0081203,SUP06,DS06,SKU0176,2025-02-17,2025-02-23,2025-02-23,24,24,18.93,454.32
PO0081295,SUP06,DS06,SKU0176,2026-01-12,2026-01-18,2026-01-18,36,36,18.93,681.48
PO0081334,SUP06,DS06,SKU0176,2026-05-27,2026-06-02,2026-06-02,12,12,18.93,227.16
PO0081359,SUP06,DS06,SKU0161,2025-02-26,2025-03-04,2025-03-04,9,9,6.97,62.73
PO0081479,SUP06,DS06,SKU0161,2026-05-04,2026-05-10,2026-05-10,36,36,6.97,250.92
PO0081493,SUP06,DS06,SKU0161,2026-06-22,2026-06-28,2026-06-28,36,36,6.97,250.92
PO0081515,SUP08,DS06,SKU0266,2025-03-17,2025-03-24,2025-03-24,24,24,55.53,1332.72
PO0081517,SUP08,DS06,SKU0266,2025-03-24,2025-03-31,2025-03-31,30,30,55.53,1665.9
PO0081591,SUP08,DS06,SKU0266,2025-12-10,2025-12-17,2025-12-17,12,12,55.53,666.36
PO0081608,SUP08,DS06,SKU0266,2026-02-09,2026-02-16,2026-02-16,36,36,55.53,1999.08
PO0081654,SUP05,DS06,SKU0117,2025-01-27,2025-01-31,2025-01-31,22,22,6.63,145.86
PO0081655,SUP05,DS06,SKU0117,2025-02-03,2025-02-07,2025-02-07,22,22,6.63,145.86
PO0081669,SUP05,DS06,SKU0117,2025-04-14,2025-04-18,2025-04-18,22,18,6.63,145.86
PO0081700,SUP05,DS06,SKU0117,2025-08-20,2025-08-24,2025-08-24,22,22,6.63,145.86
PO0081714,SUP05,DS06,SKU0117,2025-10-20,2025-10-24,2025-10-24,22,22,6.63,145.86
PO0081744,SUP05,DS06,SKU0117,2026-03-04,2026-03-08,2026-03-08,22,22,6.63,145.86
PO0081758,SUP05,DS06,SKU0117,2026-04-29,2026-05-03,2026-05-03,22,22,6.63,145.86
PO0081824,SUP05,DS06,SKU0122,2025-08-06,2025-08-10,2025-08-10,18,18,14.64,263.52
PO0081837,SUP05,DS06,SKU0122,2025-10-01,2025-10-05,2025-10-05,18,18,14.64,263.52
PO0082004,SUP06,DS06,SKU0172,2025-12-29,2026-01-04,2026-01-04,28,28,42.5,1190.0
PO0082017,SUP06,DS06,SKU0172,2026-02-11,2026-02-17,2026-02-17,14,14,42.5,595.0
PO0082033,SUP06,DS06,SKU0172,2026-04-13,2026-04-19,2026-04-19,28,25,42.5,1190.0
PO0082035,SUP06,DS06,SKU0172,2026-04-20,2026-04-26,2026-04-26,35,35,42.5,1487.5
PO0082598,SUP05,DS06,SKU0106,2025-12-15,2025-12-19,2025-12-19,24,24,13.19,316.56
PO0082660,SUP08,DS06,SKU0219,2025-04-07,2025-04-14,2025-04-14,8,8,25.73,205.84
PO0082675,SUP08,DS06,SKU0219,2025-05-28,2025-06-04,2025-06-04,8,8,25.73,205.84
PO0082838,SUP06,DS06,SKU0143,2025-09-03,2025-09-09,2025-09-09,14,14,9.59,134.26
PO0082860,SUP06,DS06,SKU0143,2025-12-15,2025-12-21,2025-12-21,14,14,9.59,134.26
PO0082964,SUP01,DS06,SKU0018,2025-08-18,2025-08-20,2025-08-20,21,21,9.93,208.53
PO0083056,SUP01,DS06,SKU0032,2025-03-12,2025-03-14,2025-03-14,9,9,20.07,180.63
PO0083157,SUP01,DS06,SKU0032,2026-05-06,2026-05-08,2026-05-08,9,8,20.07,180.63
PO0083163,SUP01,DS06,SKU0032,2026-06-01,2026-06-03,2026-06-07,18,18,20.07,361.26
PO0083176,SUP02,DS06,SKU0061,2025-02-03,2025-02-05,2025-02-05,12,12,7.29,87.48
PO0083209,SUP02,DS06,SKU0061,2025-08-04,2025-08-06,2025-08-06,12,12,7.29,87.48
PO0083247,SUP02,DS06,SKU0061,2026-03-16,2026-03-18,2026-03-18,24,24,7.29,174.96
PO0083359,SUP04,DS06,SKU0212,2025-12-08,2025-12-09,2025-12-09,8,8,14.16,113.28
PO0083452,SUP01,DS06,SKU0023,2025-08-11,2025-08-13,2025-08-13,10,10,7.18,71.8
PO0083512,SUP01,DS06,SKU0012,2025-01-08,2025-01-10,2025-01-10,9,9,13.34,120.06
PO0083588,SUP01,DS06,SKU0012,2026-01-19,2026-01-21,2026-01-21,18,18,13.34,240.12
PO0083723,SUP08,DS06,SKU0256,2026-03-25,2026-04-01,2026-04-01,8,7,19.95,159.6
PO0083735,SUP08,DS06,SKU0256,2026-05-13,2026-05-20,2026-05-20,8,8,19.95,159.6
PO0083741,SUP08,DS06,SKU0256,2026-06-08,2026-06-15,2026-06-15,24,24,19.95,478.8
PO0083799,SUP04,DS06,SKU0085,2025-07-21,2025-07-22,2025-07-22,12,12,11.53,138.36
PO0083808,SUP04,DS06,SKU0085,2025-08-25,2025-08-26,2025-08-26,6,6,11.53,69.18
PO0083828,SUP04,DS06,SKU0085,2025-11-17,2025-11-18,2025-11-18,12,12,11.53,138.36
PO0083830,SUP04,DS06,SKU0085,2025-11-24,2025-11-25,2025-11-25,12,12,11.53,138.36
PO0083881,SUP04,DS06,SKU0085,2026-06-08,2026-06-09,2026-06-11,12,12,11.53,138.36
PO0083910,SUP01,DS06,SKU0013,2025-04-16,2025-04-18,2025-04-18,7,7,6.28,43.96
PO0083962,SUP01,DS06,SKU0013,2026-01-21,2026-01-23,2026-01-23,7,7,6.28,43.96
PO0084066,SUP06,DS06,SKU0169,2025-11-12,2025-11-18,2025-11-18,7,7,5.78,40.46
PO0084102,SUP06,DS06,SKU0169,2026-04-20,2026-04-26,2026-04-26,7,7,5.78,40.46
PO0084129,SUP06,DS06,SKU0132,2025-03-03,2025-03-09,2025-03-09,17,17,2.19,37.23
PO0084132,SUP06,DS06,SKU0132,2025-03-24,2025-03-30,2025-03-30,17,17,2.19,37.23
PO0084229,SUP08,DS06,SKU0218,2025-06-18,2025-06-25,2025-06-25,8,8,27.82,222.56
PO0084244,SUP08,DS06,SKU0218,2025-08-27,2025-09-03,2025-09-03,8,8,27.82,222.56
PO0084258,SUP08,DS06,SKU0218,2025-10-29,2025-11-05,2025-11-05,8,8,27.82,222.56
PO0084287,SUP08,DS06,SKU0218,2026-03-09,2026-03-16,2026-03-16,16,16,27.82,445.12
PO0084365,SUP02,DS06,SKU0043,2026-06-01,2026-06-03,2026-06-03,15,15,23.87,358.05
PO0084432,SUP03,DS06,SKU0066,2025-10-08,2025-10-11,2025-10-11,7,7,24.41,170.87
PO0084535,SUP05,DS06,SKU0113,2026-02-02,2026-02-06,2026-02-06,17,17,24.71,420.07
PO0084592,SUP05,DS06,SKU0103,2025-07-21,2025-07-25,2025-07-25,12,12,13.83,165.96
PO0084648,SUP05,DS06,SKU0103,2026-06-03,2026-06-07,2026-06-07,12,12,13.83,165.96
PO0084681,SUP06,DS06,SKU0134,2025-12-15,2025-12-21,2025-12-21,23,23,3.22,74.06
PO0084743,SUP08,DS06,SKU0259,2025-08-18,2025-08-25,2025-08-25,10,10,28.05,280.5
PO0084823,SUP04,DS06,SKU0209,2025-02-26,2025-02-27,2025-02-27,4,4,11.93,47.72
PO0084868,SUP04,DS06,SKU0209,2025-09-15,2025-09-16,2025-09-16,8,8,11.93,95.44
PO0084895,SUP04,DS06,SKU0209,2026-01-12,2026-01-13,2026-01-13,8,8,11.93,95.44
PO0084960,SUP02,DS06,SKU0050,2025-08-11,2025-08-13,2025-08-13,12,12,14.51,174.12
PO0084978,SUP02,DS06,SKU0050,2025-12-22,2025-12-24,2025-12-24,12,12,14.51,174.12
PO0084988,SUP02,DS06,SKU0050,2026-03-02,2026-03-04,2026-03-04,12,12,14.51,174.12
PO0085065,SUP06,DS06,SKU0181,2025-11-17,2025-11-23,2025-11-23,9,9,9.21,82.89
PO0085178,SUP06,DS06,SKU0135,2026-05-25,2026-05-31,2026-05-31,16,16,13.81,220.96
PO0085319,SUP03,DS06,SKU0081,2025-05-05,2025-05-08,2025-05-08,8,8,56.35,450.8
PO0085354,SUP03,DS06,SKU0081,2025-10-01,2025-10-04,2025-10-04,4,4,56.35,225.4
PO0085384,SUP03,DS06,SKU0081,2026-02-02,2026-02-05,2026-02-05,4,4,56.35,225.4
PO0085606,SUP07,DS06,SKU0195,2026-06-29,2026-07-04,2026-07-04,9,9,10.67,96.03
PO0085613,SUP02,DS06,SKU0049,2025-03-03,2025-03-05,2025-03-05,15,15,4.82,72.3
PO0085664,SUP01,DS06,SKU0030,2025-01-13,2025-01-15,2025-01-15,8,8,2.77,22.16
PO0085677,SUP01,DS06,SKU0030,2025-03-24,2025-03-26,2025-03-26,8,8,2.77,22.16
PO0085685,SUP01,DS06,SKU0030,2025-04-28,2025-04-30,2025-04-30,8,8,2.77,22.16
PO0085728,SUP01,DS06,SKU0030,2025-11-26,2025-11-28,2025-11-28,8,8,2.77,22.16
PO0085737,SUP01,DS06,SKU0030,2026-01-19,2026-01-21,2026-01-21,8,8,2.77,22.16
PO0085738,SUP01,DS06,SKU0030,2026-01-26,2026-01-28,2026-01-28,8,8,2.77,22.16
PO0085765,SUP01,DS06,SKU0030,2026-06-01,2026-06-03,2026-06-03,8,8,2.77,22.16
PO0085806,SUP08,DS06,SKU0236,2025-07-07,2025-07-14,2025-07-14,6,6,7.43,44.58
PO0085836,SUP08,DS06,SKU0236,2025-12-08,2025-12-15,2025-12-15,12,12,7.43,89.16
PO0085964,SUP08,DS06,SKU0242,2026-02-04,2026-02-11,2026-02-11,6,6,11.11,66.66
PO0085996,SUP08,DS06,SKU0242,2026-06-10,2026-06-17,2026-06-17,6,6,11.11,66.66
PO0086044,SUP08,DS06,SKU0251,2025-08-06,2025-08-13,2025-08-15,6,6,9.4,56.4
PO0086106,SUP08,DS06,SKU0251,2026-04-22,2026-04-29,2026-04-29,6,6,9.4,56.4
PO0086109,SUP08,DS06,SKU0251,2026-05-04,2026-05-11,2026-05-11,12,12,9.4,112.8
PO0086119,SUP08,DS06,SKU0251,2026-06-15,2026-06-22,2026-06-22,12,12,9.4,112.8
PO0086128,SUP06,DS06,SKU0147,2025-02-17,2025-02-23,2025-02-23,12,12,7.48,89.76
PO0086192,SUP06,DS06,SKU0147,2026-06-01,2026-06-07,2026-06-07,12,12,7.48,89.76
PO0086256,SUP08,DS06,SKU0230,2026-03-09,2026-03-16,2026-03-16,11,10,25.78,283.58
PO0086318,SUP07,DS06,SKU0200,2025-11-05,2025-11-10,2025-11-10,11,11,37.61,413.71
PO0086488,SUP02,DS06,SKU0046,2025-12-29,2025-12-31,2025-12-31,11,11,5.49,60.39
PO0086703,SUP08,DS06,SKU0260,2025-01-13,2025-01-20,2025-01-20,10,10,37.49,374.9
PO0086759,SUP08,DS06,SKU0260,2026-03-11,2026-03-18,2026-03-18,10,10,37.49,374.9
PO0086819,SUP08,DS06,SKU0264,2026-01-28,2026-02-04,2026-02-04,12,12,37.12,445.44
PO0086834,SUP08,DS06,SKU0264,2026-06-08,2026-06-15,2026-06-15,12,12,37.12,445.44
PO0086939,SUP04,DS06,SKU0086,2025-02-24,2025-02-25,2025-02-25,7,7,12.37,86.59
PO0086969,SUP04,DS06,SKU0086,2025-08-25,2025-08-26,2025-08-26,7,7,12.37,86.59
PO0087057,SUP01,DS06,SKU0022,2025-07-28,2025-07-30,2025-07-30,9,9,11.52,103.68
PO0087097,SUP01,DS06,SKU0022,2026-05-04,2026-05-06,2026-05-06,9,9,11.52,103.68
PO0087168,SUP07,DS06,SKU0198,2026-06-22,2026-06-27,2026-06-27,11,11,16.38,180.18
PO0087317,SUP05,DS06,SKU0121,2025-06-25,2025-06-29,2025-06-29,23,23,18.9,434.7
PO0087348,SUP05,DS06,SKU0128,2025-04-09,2025-04-13,2025-04-13,16,16,19.75,316.0
PO0087375,SUP05,DS06,SKU0128,2026-03-16,2026-03-20,2026-03-20,16,16,19.75,316.0
PO0087407,SUP04,DS06,SKU0087,2025-05-26,2025-05-27,2025-05-27,6,6,3.56,21.36
PO0087586,SUP03,DS06,SKU0079,2025-02-03,2025-02-06,2025-02-06,8,8,33.15,265.2
PO0087612,SUP03,DS06,SKU0079,2025-08-11,2025-08-14,2025-08-14,8,8,33.15,265.2
PO0087613,SUP03,DS06,SKU0079,2025-08-18,2025-08-21,2025-08-21,8,8,33.15,265.2
PO0087942,SUP01,DS06,SKU0002,2025-03-10,2025-03-12,2025-03-12,12,12,11.62,139.44
PO0088021,SUP04,DS06,SKU0096,2025-07-14,2025-07-15,2025-07-15,9,9,7.28,65.52
PO0088038,SUP04,DS06,SKU0096,2025-11-10,2025-11-11,2025-11-11,9,9,7.28,65.52
PO0088097,SUP04,DS06,SKU0091,2025-06-16,2025-06-17,2025-06-18,9,9,11.99,107.91
PO0088124,SUP04,DS06,SKU0091,2025-12-22,2025-12-23,2025-12-23,9,9,11.99,107.91
PO0088129,SUP04,DS06,SKU0091,2026-01-26,2026-01-27,2026-01-27,9,9,11.99,107.91
PO0088341,SUP08,DS06,SKU0253,2026-04-08,2026-04-15,2026-04-15,11,11,11.72,128.92
PO0088400,SUP06,DS06,SKU0167,2026-03-23,2026-03-29,2026-03-31,10,10,24.32,243.2
PO0088452,SUP04,DS06,SKU0215,2025-09-08,2025-09-09,2025-09-10,7,7,23.43,164.01
PO0088502,SUP07,DS06,SKU0197,2025-02-10,2025-02-15,2025-02-15,12,12,22.89,274.68
PO0088537,SUP07,DS06,SKU0197,2026-04-01,2026-04-06,2026-04-06,12,12,22.89,274.68
PO0088720,SUP08,DS06,SKU0222,2026-02-23,2026-03-02,2026-03-02,8,8,29.64,237.12
PO0088771,SUP04,DS06,SKU0205,2025-02-17,2025-02-18,2025-02-18,5,5,23.96,119.8
PO0088832,SUP04,DS06,SKU0205,2026-02-04,2026-02-05,2026-02-05,5,5,23.96,119.8
PO0088884,SUP06,DS06,SKU0131,2025-01-01,2025-01-07,2025-01-07,19,19,17.2,326.8
PO0088911,SUP05,DS06,SKU0115,2025-01-01,2025-01-05,2025-01-06,16,16,2.42,38.72
PO0088950,SUP07,DS06,SKU0190,2025-04-16,2025-04-21,2025-04-21,9,9,24.75,222.75
PO0088955,SUP07,DS06,SKU0190,2025-06-11,2025-06-16,2025-06-17,9,9,24.75,222.75
PO0089004,SUP03,DS06,SKU0073,2025-04-21,2025-04-24,2025-04-24,4,4,13.21,52.84
PO0089024,SUP03,DS06,SKU0073,2025-08-06,2025-08-09,2025-08-11,4,4,13.21,52.84
PO0089106,SUP01,DS06,SKU0010,2025-07-14,2025-07-16,2025-07-16,10,10,9.44,94.4
PO0089127,SUP01,DS06,SKU0010,2026-02-02,2026-02-04,2026-02-07,10,8,9.44,94.4
PO0089248,SUP01,DS06,SKU0028,2025-06-09,2025-06-11,2025-06-11,8,8,5.7,45.6
PO0089290,SUP07,DS06,SKU0184,2025-01-13,2025-01-18,2025-01-18,12,12,25.34,304.08
PO0089330,SUP08,DS06,SKU0239,2025-03-19,2025-03-26,2025-03-26,8,8,37.3,298.4
PO0089403,SUP07,DS06,SKU0193,2025-12-01,2025-12-06,2025-12-06,8,8,27.14,217.12
PO0089436,SUP01,DS06,SKU0006,2025-04-14,2025-04-16,2025-04-16,10,10,15.7,157.0
PO0089663,SUP01,DS06,SKU0026,2025-07-30,2025-08-01,2025-08-01,8,8,4.22,33.76
PO0089762,SUP05,DS06,SKU0129,2026-04-15,2026-04-19,2026-04-19,14,14,20.63,288.82
PO0089798,SUP07,DS06,SKU0188,2026-02-09,2026-02-14,2026-02-14,8,8,38.92,311.36
PO0089814,SUP06,DS06,SKU0149,2025-01-01,2025-01-07,2025-01-07,24,24,3.75,90.0
PO0089819,SUP06,DS06,SKU0149,2025-07-07,2025-07-13,2025-07-13,24,24,3.75,90.0
PO0089840,SUP04,DS06,SKU0099,2025-03-05,2025-03-06,2025-03-06,10,10,10.45,104.5
PO0089845,SUP04,DS06,SKU0099,2025-04-09,2025-04-10,2025-04-10,10,10,10.45,104.5
PO0090031,SUP08,DS06,SKU0232,2025-03-12,2025-03-19,2025-03-19,10,10,28.23,282.3
PO0090160,SUP01,DS06,SKU0003,2026-06-17,2026-06-19,2026-06-20,7,7,10.36,72.52
PO0090253,SUP06,DS06,SKU0162,2025-10-08,2025-10-14,2025-10-14,11,11,12.83,141.13
PO0090434,SUP06,DS06,SKU0142,2025-12-29,2026-01-04,2026-01-04,13,13,14.45,187.85
PO0090538,SUP01,DS06,SKU0005,2025-10-08,2025-10-10,2025-10-10,9,9,5.4,48.6
PO0090644,SUP02,DS06,SKU0042,2026-04-06,2026-04-08,2026-04-08,17,17,20.8,353.6
PO0090650,SUP02,DS06,SKU0053,2025-01-27,2025-01-29,2025-01-29,15,15,18.78,281.7
PO0090654,SUP02,DS06,SKU0053,2025-04-23,2025-04-25,2025-04-25,15,15,18.78,281.7
PO0090767,SUP01,DS06,SKU0009,2025-10-27,2025-10-29,2025-10-29,8,8,4.73,37.84
PO0090928,SUP06,DS06,SKU0154,2025-07-09,2025-07-15,2025-07-15,21,21,5.87,123.27
PO0091199,SUP03,DS06,SKU0070,2026-06-10,2026-06-13,2026-06-13,5,5,16.1,80.5
PO0091245,SUP04,DS06,SKU0204,2025-10-29,2025-10-30,2025-10-30,7,7,17.64,123.48
PO0091315,SUP07,DS06,SKU0183,2026-05-25,2026-05-30,2026-05-30,7,7,12.43,87.01
PO0091415,SUP07,DS06,SKU0186,2025-10-15,2025-10-20,2025-10-20,7,7,36.09,252.63
PO0091440,SUP06,DS06,SKU0158,2025-03-03,2025-03-09,2025-03-09,6,6,4.87,29.22
PO0091507,SUP03,DS06,SKU0077,2025-11-03,2025-11-06,2025-11-06,6,6,13.69,82.14
PO0091529,SUP03,DS06,SKU0077,2026-06-15,2026-06-18,2026-06-18,6,6,13.69,82.14
PO0091532,SUP08,DS06,SKU0252,2025-01-29,2025-02-05,2025-02-05,9,9,9.75,87.75
PO0091739,SUP03,DS06,SKU0067,2025-08-11,2025-08-14,2025-08-14,7,7,38.13,266.91
PO0091781,SUP02,DS06,SKU0041,2025-08-18,2025-08-20,2025-08-20,16,16,4.33,69.28
PO0091808,SUP05,DS06,SKU0110,2026-06-29,2026-07-03,2026-07-03,24,24,1.94,46.56
PO0091814,SUP01,DS06,SKU0025,2025-02-19,2025-02-21,2025-02-21,6,6,14.48,86.88
PO0091838,SUP01,DS06,SKU0025,2025-10-27,2025-10-29,2025-10-29,6,6,14.48,86.88
PO0091855,SUP01,DS06,SKU0025,2026-04-13,2026-04-15,2026-04-15,6,4,14.48,86.88
PO0091897,SUP08,DS07,SKU0261,2025-02-03,2025-02-10,2025-02-10,49,49,9.59,469.91
PO0091966,SUP08,DS07,SKU0261,2025-10-06,2025-10-13,2025-10-13,70,70,9.59,671.3
PO0091987,SUP08,DS07,SKU0261,2025-12-17,2025-12-24,2025-12-24,28,28,9.59,268.52
PO0092110,SUP06,DS07,SKU0176,2025-09-03,2025-09-09,2025-09-09,36,36,18.93,681.48
PO0092137,SUP06,DS07,SKU0176,2025-12-08,2025-12-14,2025-12-14,60,60,18.93,1135.8
PO0092146,SUP06,DS07,SKU0176,2026-01-07,2026-01-13,2026-01-13,24,24,18.93,454.32
PO0092259,SUP06,DS07,SKU0161,2025-08-25,2025-08-31,2025-08-31,63,63,6.97,439.11
PO0092357,SUP08,DS07,SKU0266,2025-02-05,2025-02-12,2025-02-13,24,24,55.53,1332.72
PO0092409,SUP08,DS07,SKU0266,2025-08-11,2025-08-18,2025-08-18,48,48,55.53,2665.44
PO0092520,SUP05,DS07,SKU0117,2025-03-10,2025-03-14,2025-03-14,66,66,6.63,437.58
PO0092610,SUP05,DS07,SKU0117,2026-01-21,2026-01-25,2026-01-25,44,44,6.63,291.72
PO0092663,SUP05,DS07,SKU0122,2025-02-03,2025-02-07,2025-02-08,36,36,14.64,527.04
PO0092685,SUP05,DS07,SKU0122,2025-04-23,2025-04-27,2025-04-27,18,18,14.64,263.52
PO0092698,SUP05,DS07,SKU0122,2025-06-09,2025-06-13,2025-06-13,54,54,14.64,790.56
PO0092711,SUP05,DS07,SKU0122,2025-07-23,2025-07-27,2025-07-27,18,18,14.64,263.52
PO0092736,SUP05,DS07,SKU0122,2025-10-20,2025-10-24,2025-10-24,36,36,14.64,527.04
PO0092793,SUP05,DS07,SKU0122,2026-05-11,2026-05-15,2026-05-15,72,72,14.64,1054.08
PO0092909,SUP06,DS07,SKU0172,2025-12-29,2026-01-04,2026-01-04,49,49,42.5,2082.5
PO0092934,SUP06,DS07,SKU0172,2026-03-30,2026-04-05,2026-04-05,56,56,42.5,2380.0
PO0092968,SUP04,DS07,SKU0095,2025-01-27,2025-01-28,2025-01-28,18,18,14.05,252.9
PO0092982,SUP04,DS07,SKU0095,2025-03-17,2025-03-18,2025-03-18,27,27,14.05,379.35
PO0093255,SUP04,DS07,SKU0094,2026-05-04,2026-05-05,2026-05-05,40,40,13.38,535.2
PO0093268,SUP04,DS07,SKU0094,2026-06-17,2026-06-18,2026-06-18,16,16,13.38,214.08
PO0093320,SUP03,DS07,SKU0076,2025-09-15,2025-09-18,2025-09-18,32,32,10.47,335.04
PO0093407,SUP05,DS07,SKU0127,2025-05-21,2025-05-25,2025-05-25,22,22,18.35,403.7
PO0093435,SUP05,DS07,SKU0127,2025-09-10,2025-09-14,2025-09-15,22,22,18.35,403.7
PO0093528,SUP05,DS07,SKU0106,2025-03-31,2025-04-04,2025-04-04,24,24,13.19,316.56
PO0093698,SUP08,DS07,SKU0219,2025-08-13,2025-08-20,2025-08-20,32,32,25.73,823.36
PO0093766,SUP08,DS07,SKU0219,2026-04-08,2026-04-15,2026-04-15,24,24,25.73,617.52
PO0094156,SUP01,DS07,SKU0032,2025-09-15,2025-09-17,2025-09-17,27,27,20.07,541.89
PO0094169,SUP01,DS07,SKU0032,2025-11-10,2025-11-12,2025-11-12,27,27,20.07,541.89
PO0094221,SUP01,DS07,SKU0032,2026-05-27,2026-05-29,2026-05-30,9,7,20.07,180.63
PO0094239,SUP02,DS07,SKU0061,2025-02-03,2025-02-05,2025-02-05,36,36,7.29,262.44
PO0094334,SUP02,DS07,SKU0061,2026-02-02,2026-02-04,2026-02-04,36,36,7.29,262.44
PO0094406,SUP04,DS07,SKU0212,2025-04-28,2025-04-29,2025-04-29,16,16,14.16,226.56
PO0094436,SUP04,DS07,SKU0212,2025-08-11,2025-08-12,2025-08-12,16,16,14.16,226.56
PO0094448,SUP04,DS07,SKU0212,2025-09-22,2025-09-23,2025-09-23,16,16,14.16,226.56
PO0094475,SUP04,DS07,SKU0212,2025-12-24,2025-12-25,2025-12-25,8,8,14.16,113.28
PO0094486,SUP04,DS07,SKU0212,2026-02-02,2026-02-03,2026-02-03,16,16,14.16,226.56
PO0094589,SUP01,DS07,SKU0023,2025-11-17,2025-11-19,2025-11-19,20,20,7.18,143.6
PO0094744,SUP01,DS07,SKU0012,2026-05-20,2026-05-22,2026-05-25,9,9,13.34,120.06
PO0094771,SUP08,DS07,SKU0256,2025-02-26,2025-03-05,2025-03-05,8,8,19.95,159.6
PO0094801,SUP08,DS07,SKU0256,2025-06-23,2025-06-30,2025-06-30,24,24,19.95,478.8
PO0094807,SUP08,DS07,SKU0256,2025-07-16,2025-07-23,2025-07-23,8,7,19.95,159.6
PO0094831,SUP08,DS07,SKU0256,2025-10-13,2025-10-20,2025-10-20,24,24,19.95,478.8
PO0094893,SUP08,DS07,SKU0256,2026-05-18,2026-05-25,2026-05-25,32,32,19.95,638.4
PO0094903,SUP08,DS07,SKU0256,2026-06-22,2026-06-29,2026-06-29,32,32,19.95,638.4
PO0094963,SUP04,DS07,SKU0085,2025-08-11,2025-08-12,2025-08-12,24,24,11.53,276.72
PO0094987,SUP04,DS07,SKU0085,2025-11-05,2025-11-06,2025-11-06,6,6,11.53,69.18
PO0095005,SUP04,DS07,SKU0085,2026-01-07,2026-01-08,2026-01-08,6,6,11.53,69.18
PO0095016,SUP04,DS07,SKU0085,2026-02-16,2026-02-17,2026-02-18,18,18,11.53,207.54
PO0095106,SUP01,DS07,SKU0013,2025-08-04,2025-08-06,2025-08-06,21,21,6.28,131.88
PO0095144,SUP01,DS07,SKU0013,2026-02-09,2026-02-11,2026-02-12,21,17,6.28,131.88
PO0095530,SUP08,DS07,SKU0218,2025-11-12,2025-11-19,2025-11-19,8,8,27.82,222.56
PO0095585,SUP08,DS07,SKU0218,2026-05-27,2026-06-03,2026-06-03,16,16,27.82,445.12
PO0095593,SUP08,DS07,SKU0218,2026-06-24,2026-07-01,2026-07-01,8,8,27.82,222.56
PO0095670,SUP02,DS07,SKU0043,2026-01-28,2026-01-30,2026-01-30,15,15,23.87,358.05
PO0095713,SUP03,DS07,SKU0066,2025-01-22,2025-01-25,2025-01-25,7,7,24.41,170.87
PO0095739,SUP03,DS07,SKU0066,2025-04-28,2025-05-01,2025-05-01,21,21,24.41,512.61
PO0095744,SUP03,DS07,SKU0066,2025-05-14,2025-05-17,2025-05-17,7,7,24.41,170.87
PO0095862,SUP05,DS07,SKU0113,2025-02-05,2025-02-09,2025-02-09,17,17,24.71,420.07
PO0095966,SUP05,DS07,SKU0113,2026-06-15,2026-06-19,2026-06-19,34,34,24.71,840.14
PO0096017,SUP05,DS07,SKU0103,2025-07-23,2025-07-27,2025-07-27,12,12,13.83,165.96
PO0096028,SUP05,DS07,SKU0103,2025-09-03,2025-09-07,2025-09-07,12,12,13.83,165.96
PO0096059,SUP05,DS07,SKU0103,2026-01-14,2026-01-18,2026-01-18,12,12,13.83,165.96
PO0096073,SUP05,DS07,SKU0103,2026-03-11,2026-03-15,2026-03-16,12,12,13.83,165.96
PO0096148,SUP06,DS07,SKU0134,2025-09-22,2025-09-28,2025-09-28,23,23,3.22,74.06
PO0096238,SUP08,DS07,SKU0259,2025-06-16,2025-06-23,2025-06-23,20,20,28.05,561.0
PO0096266,SUP08,DS07,SKU0259,2025-10-01,2025-10-08,2025-10-08,10,10,28.05,280.5
PO0096267,SUP08,DS07,SKU0259,2025-10-06,2025-10-13,2025-10-13,10,10,28.05,280.5
PO0096386,SUP04,DS07,SKU0209,2025-06-30,2025-07-01,2025-07-01,12,12,11.93,143.16
PO0096409,SUP04,DS07,SKU0209,2025-09-24,2025-09-25,2025-09-25,12,12,11.93,143.16
PO0096544,SUP02,DS07,SKU0050,2025-08-25,2025-08-27,2025-08-27,24,24,14.51,348.24
PO0096772,SUP06,DS07,SKU0135,2025-04-21,2025-04-27,2025-04-27,16,16,13.81,220.96
PO0096850,SUP06,DS07,SKU0135,2026-03-30,2026-04-05,2026-04-05,16,16,13.81,220.96
PO0096857,SUP06,DS07,SKU0135,2026-05-11,2026-05-17,2026-05-18,16,16,13.81,220.96
PO0096875,SUP01,DS07,SKU0016,2025-01-27,2025-01-29,2025-01-29,16,16,20.09,321.44
PO0096903,SUP01,DS07,SKU0016,2025-05-19,2025-05-21,2025-05-21,16,16,20.09,321.44
PO0096935,SUP01,DS07,SKU0016,2025-10-06,2025-10-08,2025-10-08,16,16,20.09,321.44
PO0096960,SUP01,DS07,SKU0016,2026-01-05,2026-01-07,2026-01-07,16,16,20.09,321.44
PO0097019,SUP03,DS07,SKU0081,2025-02-17,2025-02-20,2025-02-20,12,12,56.35,676.2
PO0097022,SUP03,DS07,SKU0081,2025-03-03,2025-03-06,2025-03-06,20,20,56.35,1127.0
PO0097074,SUP03,DS07,SKU0081,2025-10-08,2025-10-11,2025-10-11,4,4,56.35,225.4
PO0097214,SUP08,DS07,SKU0257,2026-01-07,2026-01-14,2026-01-14,11,11,30.99,340.89
PO0097220,SUP08,DS07,SKU0257,2026-01-28,2026-02-04,2026-02-05,11,11,30.99,340.89
PO0097364,SUP07,DS07,SKU0195,2026-03-16,2026-03-21,2026-03-21,36,36,10.67,384.12
PO0097404,SUP02,DS07,SKU0049,2025-02-24,2025-02-26,2025-02-26,15,15,4.82,72.3
PO0097588,SUP01,DS07,SKU0030,2025-12-15,2025-12-17,2025-12-17,16,16,2.77,44.32
PO0097638,SUP08,DS07,SKU0236,2025-01-22,2025-01-29,2025-01-29,6,6,7.43,44.58
PO0097678,SUP08,DS07,SKU0236,2025-06-18,2025-06-25,2025-06-25,6,6,7.43,44.58
PO0097854,SUP08,DS07,SKU0242,2025-09-22,2025-09-29,2025-09-29,18,18,11.11,199.98
PO0098005,SUP08,DS07,SKU0251,2025-10-01,2025-10-08,2025-10-08,6,6,9.4,56.4
PO0098026,SUP08,DS07,SKU0251,2025-12-17,2025-12-24,2025-12-24,6,6,9.4,56.4
PO0098042,SUP08,DS07,SKU0251,2026-02-11,2026-02-18,2026-02-18,6,5,9.4,56.4
PO0098154,SUP06,DS07,SKU0147,2025-11-24,2025-11-30,2025-11-30,24,24,7.48,179.52
PO0098492,SUP08,DS07,SKU0225,2025-08-13,2025-08-20,2025-08-20,8,8,15.57,124.56
PO0098497,SUP08,DS07,SKU0225,2025-09-01,2025-09-08,2025-09-08,16,16,15.57,249.12
PO0098651,SUP02,DS07,SKU0046,2025-12-22,2025-12-24,2025-12-24,11,11,5.49,60.39
PO0098677,SUP02,DS07,SKU0046,2026-04-13,2026-04-15,2026-04-15,11,11,5.49,60.39
PO0098706,SUP04,DS07,SKU0092,2025-02-05,2025-02-06,2025-02-06,8,8,13.24,105.92
PO0098759,SUP04,DS07,SKU0092,2025-09-15,2025-09-16,2025-09-16,8,8,13.24,105.92
PO0098830,SUP04,DS07,SKU0092,2026-06-17,2026-06-18,2026-06-18,8,8,13.24,105.92
PO0098833,SUP04,DS07,SKU0092,2026-06-29,2026-06-30,2026-06-30,8,8,13.24,105.92
PO0098860,SUP08,DS07,SKU0240,2025-04-23,2025-04-30,2025-04-30,6,6,6.79,40.74
PO0098870,SUP08,DS07,SKU0240,2025-05-28,2025-06-04,2025-06-04,12,12,6.79,81.48
PO0098871,SUP08,DS07,SKU0240,2025-06-02,2025-06-09,2025-06-09,12,12,6.79,81.48
PO0098931,SUP08,DS07,SKU0240,2026-01-14,2026-01-21,2026-01-21,6,6,6.79,40.74
PO0099006,SUP08,DS07,SKU0260,2025-06-09,2025-06-16,2025-06-16,10,10,37.49,374.9
PO0099054,SUP08,DS07,SKU0260,2025-12-24,2025-12-31,2025-12-31,10,10,37.49,374.9
PO0099134,SUP08,DS07,SKU0264,2025-06-16,2025-06-23,2025-06-23,24,24,37.12,890.88
PO0099261,SUP08,DS07,SKU0226,2025-10-06,2025-10-13,2025-10-13,12,12,19.38,232.56
PO0099301,SUP08,DS07,SKU0226,2026-04-20,2026-04-27,2026-04-27,12,12,19.38,232.56
PO0099316,SUP08,DS07,SKU0226,2026-06-29,2026-07-06,2026-07-06,24,24,19.38,465.12
PO0099344,SUP06,DS07,SKU0156,2025-09-08,2025-09-14,2025-09-14,24,19,6.97,167.28
PO0099369,SUP06,DS07,SKU0156,2026-04-13,2026-04-19,2026-04-20,24,24,6.97,167.28
PO0099399,SUP04,DS07,SKU0086,2025-03-17,2025-03-18,2025-03-18,7,7,12.37,86.59
PO0099415,SUP04,DS07,SKU0086,2025-05-19,2025-05-20,2025-05-20,7,7,12.37,86.59
PO0099483,SUP04,DS07,SKU0086,2026-01-12,2026-01-13,2026-01-13,7,7,12.37,86.59
PO0099545,SUP01,DS07,SKU0022,2025-04-09,2025-04-11,2025-04-11,9,9,11.52,103.68
PO0099630,SUP01,DS07,SKU0022,2026-04-22,2026-04-24,2026-04-25,9,9,11.52,103.68
PO0099635,SUP01,DS07,SKU0022,2026-05-18,2026-05-20,2026-05-20,9,9,11.52,103.68
PO0099680,SUP07,DS07,SKU0198,2025-07-02,2025-07-07,2025-07-07,11,11,16.38,180.18
PO0099686,SUP07,DS07,SKU0198,2025-08-04,2025-08-09,2025-08-09,11,11,16.38,180.18
PO0099790,SUP06,DS07,SKU0138,2025-09-15,2025-09-21,2025-09-21,16,16,14.33,229.28
PO0099802,SUP06,DS07,SKU0138,2025-12-15,2025-12-21,2025-12-21,16,16,14.33,229.28
PO0099806,SUP06,DS07,SKU0138,2026-01-12,2026-01-18,2026-01-18,16,16,14.33,229.28
PO0099832,SUP06,DS07,SKU0138,2026-06-08,2026-06-14,2026-06-14,16,16,14.33,229.28
PO0099924,SUP07,DS07,SKU0194,2026-01-12,2026-01-17,2026-01-17,14,14,33.9,474.6
PO0100252,SUP04,DS07,SKU0087,2025-09-03,2025-09-04,2025-09-04,12,12,3.56,42.72
PO0100385,SUP02,DS07,SKU0035,2025-11-17,2025-11-19,2025-11-19,11,11,16.75,184.25
PO0100421,SUP02,DS07,SKU0035,2026-05-18,2026-05-20,2026-05-20,11,11,16.75,184.25
PO0100441,SUP02,DS07,SKU0059,2025-03-17,2025-03-19,2025-03-19,10,10,22.04,220.4
PO0100550,SUP03,DS07,SKU0079,2025-03-19,2025-03-22,2025-03-22,8,8,33.15,265.2
PO0100553,SUP03,DS07,SKU0079,2025-04-07,2025-04-10,2025-04-10,8,8,33.15,265.2
PO0100588,SUP03,DS07,SKU0079,2025-09-29,2025-10-02,2025-10-02,8,8,33.15,265.2
PO0100605,SUP03,DS07,SKU0079,2025-12-15,2025-12-18,2025-12-18,8,8,33.15,265.2
PO0100656,SUP06,DS07,SKU0179,2025-03-17,2025-03-23,2025-03-23,14,14,19.74,276.36
PO0100785,SUP04,DS07,SKU0210,2025-04-28,2025-04-29,2025-04-29,6,6,24.59,147.54
PO0100876,SUP04,DS07,SKU0210,2026-06-08,2026-06-09,2026-06-09,6,6,24.59,147.54
PO0100917,SUP01,DS07,SKU0002,2025-07-28,2025-07-30,2025-07-30,12,12,11.62,139.44
PO0101195,SUP04,DS07,SKU0207,2026-02-16,2026-02-17,2026-02-17,6,6,14.97,89.82
PO0101299,SUP04,DS07,SKU0091,2026-02-02,2026-02-03,2026-02-03,9,9,11.99,107.91
PO0101303,SUP04,DS07,SKU0091,2026-02-25,2026-02-26,2026-02-26,9,9,11.99,107.91
PO0101307,SUP04,DS07,SKU0091,2026-03-16,2026-03-17,2026-03-17,9,9,11.99,107.91
PO0101327,SUP04,DS07,SKU0091,2026-06-29,2026-06-30,2026-06-30,9,9,11.99,107.91
PO0101469,SUP02,DS07,SKU0047,2025-02-12,2025-02-14,2025-02-14,12,12,15.74,188.88
PO0101474,SUP02,DS07,SKU0047,2025-03-17,2025-03-19,2025-03-19,12,12,15.74,188.88
PO0101497,SUP02,DS07,SKU0047,2025-08-06,2025-08-08,2025-08-08,12,12,15.74,188.88
PO0101527,SUP02,DS07,SKU0047,2026-02-18,2026-02-20,2026-02-20,12,12,15.74,188.88
PO0101542,SUP02,DS07,SKU0047,2026-05-06,2026-05-08,2026-05-08,12,12,15.74,188.88
PO0101588,SUP03,DS07,SKU0068,2025-09-08,2025-09-11,2025-09-11,8,8,50.9,407.2
PO0101782,SUP06,DS07,SKU0167,2025-11-17,2025-11-23,2025-11-23,10,10,24.32,243.2
PO0101836,SUP04,DS07,SKU0215,2025-03-05,2025-03-06,2025-03-06,7,7,23.43,164.01
PO0101841,SUP04,DS07,SKU0215,2025-03-31,2025-04-01,2025-04-01,7,7,23.43,164.01
PO0101996,SUP07,DS07,SKU0191,2025-09-03,2025-09-08,2025-09-08,10,10,28.89,288.9
PO0102069,SUP08,DS07,SKU0238,2025-04-07,2025-04-14,2025-04-14,7,7,29.64,207.48
PO0102106,SUP08,DS07,SKU0238,2025-09-10,2025-09-17,2025-09-17,7,7,29.64,207.48
PO0102359,SUP04,DS07,SKU0205,2025-03-10,2025-03-11,2025-03-11,5,5,23.96,119.8
PO0102373,SUP04,DS07,SKU0205,2025-05-05,2025-05-06,2025-05-06,5,5,23.96,119.8
PO0102473,SUP05,DS07,SKU0114,2025-04-30,2025-05-04,2025-05-04,20,20,23.03,460.6
PO0102677,SUP03,DS07,SKU0073,2025-04-28,2025-05-01,2025-05-01,8,8,13.21,105.68
PO0102696,SUP03,DS07,SKU0073,2025-07-16,2025-07-19,2025-07-19,8,8,13.21,105.68
PO0102875,SUP03,DS07,SKU0069,2025-02-26,2025-03-01,2025-03-01,4,4,47.96,191.84
PO0102961,SUP03,DS07,SKU0069,2026-04-01,2026-04-04,2026-04-06,8,8,47.96,383.68
PO0102997,SUP02,DS07,SKU0052,2025-03-26,2025-03-28,2025-03-28,10,10,12.38,123.8
PO0103038,SUP02,DS07,SKU0052,2026-01-14,2026-01-16,2026-01-16,10,10,12.38,123.8
PO0103085,SUP01,DS07,SKU0028,2025-05-21,2025-05-23,2025-05-23,8,8,5.7,45.6
PO0103115,SUP01,DS07,SKU0028,2025-10-22,2025-10-24,2025-10-24,8,8,5.7,45.6
PO0103128,SUP01,DS07,SKU0028,2026-01-12,2026-01-14,2026-01-14,8,8,5.7,45.6
PO0103215,SUP07,DS07,SKU0184,2026-05-11,2026-05-16,2026-05-16,12,12,25.34,304.08
PO0103327,SUP07,DS07,SKU0193,2025-04-07,2025-04-12,2025-04-12,8,8,27.14,217.12
PO0103350,SUP07,DS07,SKU0193,2025-08-25,2025-08-30,2025-08-30,8,8,27.14,217.12
PO0103420,SUP01,DS07,SKU0029,2025-04-21,2025-04-23,2025-04-23,8,8,21.46,171.68
PO0103524,SUP01,DS07,SKU0006,2025-08-11,2025-08-13,2025-08-15,10,10,15.7,157.0
PO0103764,SUP03,DS07,SKU0082,2025-09-22,2025-09-25,2025-09-25,7,6,26.06,182.42
PO0104030,SUP07,DS07,SKU0188,2025-08-27,2025-09-01,2025-09-01,8,8,38.92,311.36
PO0104076,SUP07,DS07,SKU0188,2026-06-29,2026-07-04,2026-07-04,8,8,38.92,311.36
PO0104182,SUP04,DS07,SKU0099,2026-05-25,2026-05-26,2026-05-26,10,10,10.45,104.5
PO0104258,SUP06,DS07,SKU0180,2026-04-27,2026-05-03,2026-05-03,9,8,40.74,366.66
PO0104310,SUP01,DS07,SKU0008,2025-10-22,2025-10-24,2025-10-24,12,12,4.5,54.0
PO0104347,SUP08,DS07,SKU0232,2025-02-10,2025-02-17,2025-02-17,10,10,28.23,282.3
PO0104421,SUP02,DS07,SKU0045,2025-04-07,2025-04-09,2025-04-09,12,12,8.17,98.04
PO0104433,SUP02,DS07,SKU0045,2025-08-04,2025-08-06,2025-08-06,12,12,8.17,98.04
PO0104523,SUP01,DS07,SKU0003,2026-01-12,2026-01-14,2026-01-14,7,7,10.36,72.52
PO0104533,SUP01,DS07,SKU0003,2026-03-18,2026-03-20,2026-03-20,7,7,10.36,72.52
PO0104703,SUP01,DS07,SKU0004,2025-03-17,2025-03-19,2025-03-19,9,9,8.6,77.4
PO0104850,SUP03,DS07,SKU0072,2025-08-25,2025-08-28,2025-08-28,6,6,47.33,283.98
PO0104874,SUP03,DS07,SKU0072,2026-02-09,2026-02-12,2026-02-12,6,6,47.33,283.98
PO0104944,SUP06,DS07,SKU0142,2026-05-18,2026-05-24,2026-05-25,13,13,14.45,187.85
PO0105048,SUP01,DS07,SKU0005,2025-01-20,2025-01-22,2025-01-22,9,9,5.4,48.6
PO0105090,SUP01,DS07,SKU0005,2025-12-08,2025-12-10,2025-12-10,9,9,5.4,48.6
PO0105239,SUP02,DS07,SKU0042,2026-01-26,2026-01-28,2026-01-28,17,17,20.8,353.6
PO0105324,SUP07,DS07,SKU0185,2025-11-24,2025-11-29,2025-11-29,11,11,9.44,103.84
PO0105439,SUP01,DS07,SKU0009,2025-05-05,2025-05-07,2025-05-08,8,8,4.73,37.84
PO0105543,SUP01,DS07,SKU0017,2025-10-20,2025-10-22,2025-10-22,9,9,15.78,142.02
PO0105548,SUP01,DS07,SKU0017,2025-11-24,2025-11-26,2025-11-26,9,9,15.78,142.02
PO0105748,SUP06,DS07,SKU0154,2025-09-24,2025-09-30,2025-09-30,21,21,5.87,123.27
PO0105770,SUP04,DS07,SKU0093,2025-02-17,2025-02-18,2025-02-18,10,10,3.65,36.5
PO0105901,SUP04,DS07,SKU0100,2025-04-21,2025-04-22,2025-04-22,10,10,4.5,45.0
PO0106065,SUP04,DS07,SKU0090,2025-12-29,2025-12-30,2025-12-30,10,10,8.38,83.8
PO0106088,SUP04,DS07,SKU0090,2026-06-08,2026-06-09,2026-06-09,10,10,8.38,83.8
PO0106101,SUP03,DS07,SKU0070,2025-03-10,2025-03-13,2025-03-13,5,5,16.1,80.5
PO0106116,SUP03,DS07,SKU0070,2025-06-16,2025-06-19,2025-06-19,10,10,16.1,161.0
PO0106239,SUP04,DS07,SKU0204,2026-01-05,2026-01-06,2026-01-06,7,7,17.64,123.48
PO0106301,SUP07,DS07,SKU0183,2025-09-22,2025-09-27,2025-09-27,7,7,12.43,87.01
PO0106390,SUP08,DS07,SKU0231,2025-11-24,2025-12-01,2025-12-01,6,6,11.92,71.52
PO0106484,SUP07,DS07,SKU0186,2025-01-22,2025-01-27,2025-01-27,7,7,36.09,252.63
PO0106505,SUP07,DS07,SKU0186,2025-07-07,2025-07-12,2025-07-12,7,7,36.09,252.63
PO0106602,SUP06,DS07,SKU0158,2025-12-22,2025-12-28,2025-12-28,6,6,4.87,29.22
PO0106621,SUP06,DS07,SKU0158,2026-04-29,2026-05-05,2026-05-05,6,6,4.87,29.22
PO0106688,SUP08,DS07,SKU0252,2026-06-01,2026-06-08,2026-06-08,9,9,9.75,87.75
PO0106702,SUP01,DS07,SKU0031,2025-03-03,2025-03-05,2025-03-05,7,7,16.56,115.92
PO0106745,SUP01,DS07,SKU0031,2025-12-29,2025-12-31,2025-12-31,7,7,16.56,115.92
PO0106817,SUP04,DS07,SKU0089,2025-12-01,2025-12-02,2025-12-03,10,10,12.75,127.5
PO0106849,SUP03,DS07,SKU0067,2025-01-13,2025-01-16,2025-01-16,7,7,38.13,266.91
PO0106850,SUP03,DS07,SKU0067,2025-01-22,2025-01-25,2025-01-25,7,7,38.13,266.91
PO0106875,SUP03,DS07,SKU0067,2025-08-04,2025-08-07,2025-08-07,7,7,38.13,266.91
PO0107004,SUP05,DS07,SKU0105,2025-07-02,2025-07-06,2025-07-06,22,22,18.44,405.68
PO0107055,SUP02,DS07,SKU0062,2026-05-04,2026-05-06,2026-05-06,14,14,24.92,348.88
PO0107082,SUP06,DS07,SKU0160,2025-10-06,2025-10-12,2025-10-12,11,11,31.65,348.15
PO0107119,SUP08,DS07,SKU0241,2025-07-14,2025-07-21,2025-07-21,9,9,34.0,306.0
PO0107154,SUP04,DS07,SKU0083,2025-01-13,2025-01-14,2025-01-14,6,6,9.98,59.88
PO0107181,SUP04,DS07,SKU0083,2025-07-14,2025-07-15,2025-07-15,6,6,9.98,59.88
PO0107202,SUP04,DS07,SKU0083,2025-12-01,2025-12-02,2025-12-02,6,6,9.98,59.88
PO0107234,SUP04,DS07,SKU0083,2026-06-15,2026-06-16,2026-06-16,6,6,9.98,59.88
PO0107294,SUP08,DS08,SKU0261,2025-07-28,2025-08-04,2025-08-04,56,56,9.59,537.04
PO0107454,SUP06,DS08,SKU0176,2025-08-18,2025-08-24,2025-08-24,36,36,18.93,681.48
PO0107547,SUP06,DS08,SKU0161,2025-01-15,2025-01-21,2025-01-21,9,9,6.97,62.73
PO0107645,SUP06,DS08,SKU0161,2025-12-29,2026-01-04,2026-01-04,36,36,6.97,250.92
PO0107660,SUP06,DS08,SKU0161,2026-02-18,2026-02-24,2026-02-24,90,90,6.97,627.3
PO0107701,SUP08,DS08,SKU0266,2025-01-20,2025-01-27,2025-01-27,30,30,55.53,1665.9
PO0107719,SUP08,DS08,SKU0266,2025-03-24,2025-03-31,2025-03-31,42,42,55.53,2332.26
PO0107740,SUP08,DS08,SKU0266,2025-06-09,2025-06-16,2025-06-16,36,36,55.53,1999.08
PO0107831,SUP08,DS08,SKU0266,2026-04-22,2026-04-29,2026-04-29,18,18,55.53,999.54
PO0107884,SUP05,DS08,SKU0117,2025-05-14,2025-05-18,2025-05-18,22,22,6.63,145.86
PO0107912,SUP05,DS08,SKU0117,2025-09-03,2025-09-07,2025-09-07,22,22,6.63,145.86
PO0107952,SUP05,DS08,SKU0117,2026-02-11,2026-02-15,2026-02-15,22,22,6.63,145.86
PO0108024,SUP05,DS08,SKU0122,2025-05-26,2025-05-30,2025-05-30,36,36,14.64,527.04
PO0108067,SUP05,DS08,SKU0122,2025-11-05,2025-11-09,2025-11-09,18,18,14.64,263.52
PO0108097,SUP05,DS08,SKU0122,2026-02-23,2026-02-27,2026-02-27,36,30,14.64,527.04
PO0108134,SUP06,DS08,SKU0172,2025-01-15,2025-01-21,2025-01-21,14,14,42.5,595.0
PO0108171,SUP06,DS08,SKU0172,2025-05-28,2025-06-03,2025-06-03,14,14,42.5,595.0
PO0108416,SUP04,DS08,SKU0095,2026-04-13,2026-04-14,2026-04-14,18,18,14.05,252.9
PO0108633,SUP03,DS08,SKU0076,2025-08-04,2025-08-07,2025-08-07,24,19,10.47,251.28
PO0108669,SUP03,DS08,SKU0076,2026-02-18,2026-02-21,2026-02-21,8,8,10.47,83.76
PO0108764,SUP05,DS08,SKU0127,2026-01-05,2026-01-09,2026-01-09,22,22,18.35,403.7
PO0108787,SUP05,DS08,SKU0127,2026-04-13,2026-04-17,2026-04-17,44,44,18.35,807.4
PO0108864,SUP05,DS08,SKU0106,2025-11-03,2025-11-07,2025-11-07,24,24,13.19,316.56
PO0108924,SUP08,DS08,SKU0219,2025-02-10,2025-02-17,2025-02-17,24,24,25.73,617.52
PO0109064,SUP08,DS08,SKU0219,2026-06-17,2026-06-24,2026-06-24,16,16,25.73,411.68
PO0109068,SUP06,DS08,SKU0143,2025-01-01,2025-01-07,2025-01-07,56,55,9.59,537.04
PO0109124,SUP06,DS08,SKU0143,2025-08-27,2025-09-02,2025-09-02,14,14,9.59,134.26
PO0109166,SUP06,DS08,SKU0143,2026-03-02,2026-03-08,2026-03-08,42,42,9.59,402.78
PO0109172,SUP06,DS08,SKU0143,2026-03-30,2026-04-05,2026-04-05,28,28,9.59,268.52
PO0109360,SUP01,DS08,SKU0032,2025-04-02,2025-04-04,2025-04-04,9,9,20.07,180.63
PO0109443,SUP01,DS08,SKU0032,2026-03-16,2026-03-18,2026-03-18,18,16,20.07,361.26
PO0109448,SUP01,DS08,SKU0032,2026-04-01,2026-04-03,2026-04-06,9,6,20.07,180.63
PO0109653,SUP04,DS08,SKU0212,2025-07-09,2025-07-10,2025-07-10,8,8,14.16,113.28
PO0109696,SUP04,DS08,SKU0212,2025-12-10,2025-12-11,2025-12-11,8,8,14.16,113.28
PO0109702,SUP04,DS08,SKU0212,2026-01-12,2026-01-13,2026-01-13,12,12,14.16,169.92
PO0109747,SUP04,DS08,SKU0212,2026-06-29,2026-06-30,2026-06-30,12,12,14.16,169.92
PO0109781,SUP01,DS08,SKU0023,2025-05-28,2025-05-30,2025-05-30,10,10,7.18,71.8
PO0109888,SUP01,DS08,SKU0012,2025-02-10,2025-02-12,2025-02-12,18,18,13.34,240.12
PO0109905,SUP01,DS08,SKU0012,2025-05-12,2025-05-14,2025-05-14,9,9,13.34,120.06
PO0109906,SUP01,DS08,SKU0012,2025-05-14,2025-05-16,2025-05-16,9,9,13.34,120.06
PO0109965,SUP01,DS08,SKU0012,2026-03-30,2026-04-01,2026-04-02,18,14,13.34,240.12
PO0110110,SUP08,DS08,SKU0256,2026-04-27,2026-05-04,2026-05-04,16,16,19.95,319.2
PO0110178,SUP04,DS08,SKU0085,2025-07-16,2025-07-17,2025-07-17,6,6,11.53,69.18
PO0110253,SUP04,DS08,SKU0085,2026-05-04,2026-05-05,2026-05-05,18,18,11.53,207.54
PO0110364,SUP01,DS08,SKU0013,2026-03-09,2026-03-11,2026-03-11,14,13,6.28,87.92
PO0110392,SUP06,DS08,SKU0169,2025-01-13,2025-01-19,2025-01-19,7,7,5.78,40.46
PO0110478,SUP06,DS08,SKU0169,2025-12-03,2025-12-09,2025-12-09,7,7,5.78,40.46
PO0110507,SUP06,DS08,SKU0169,2026-03-18,2026-03-24,2026-03-24,7,7,5.78,40.46
PO0110574,SUP06,DS08,SKU0132,2025-09-08,2025-09-14,2025-09-14,17,17,2.19,37.23
PO0110703,SUP08,DS08,SKU0218,2025-11-24,2025-12-01,2025-12-02,8,8,27.82,222.56
PO0110782,SUP02,DS08,SKU0043,2025-06-04,2025-06-06,2025-06-06,15,15,23.87,358.05
PO0110953,SUP03,DS08,SKU0066,2026-03-04,2026-03-07,2026-03-07,7,7,24.41,170.87
PO0110962,SUP03,DS08,SKU0066,2026-04-06,2026-04-09,2026-04-10,14,14,24.41,341.74
PO0110971,SUP03,DS08,SKU0066,2026-05-06,2026-05-09,2026-05-09,7,7,24.41,170.87
PO0110997,SUP05,DS08,SKU0113,2025-03-24,2025-03-28,2025-03-28,17,17,24.71,420.07
PO0111082,SUP05,DS08,SKU0103,2025-02-24,2025-02-28,2025-03-01,12,12,13.83,165.96
PO0111106,SUP05,DS08,SKU0103,2025-06-23,2025-06-27,2025-06-27,12,12,13.83,165.96
PO0111145,SUP05,DS08,SKU0103,2025-12-22,2025-12-26,2025-12-26,12,10,13.83,165.96
PO0111274,SUP08,DS08,SKU0259,2025-04-23,2025-04-30,2025-04-30,10,10,28.05,280.5
PO0111343,SUP08,DS08,SKU0259,2026-03-04,2026-03-11,2026-03-11,10,10,28.05,280.5
PO0111379,SUP04,DS08,SKU0209,2025-01-27,2025-01-28,2025-01-28,8,8,11.93,95.44
PO0111406,SUP04,DS08,SKU0209,2025-05-07,2025-05-08,2025-05-08,4,4,11.93,47.72
PO0111434,SUP04,DS08,SKU0209,2025-08-13,2025-08-14,2025-08-14,8,8,11.93,95.44
PO0111448,SUP04,DS08,SKU0209,2025-10-01,2025-10-02,2025-10-02,4,4,11.93,47.72
PO0111495,SUP04,DS08,SKU0209,2026-03-23,2026-03-24,2026-03-24,8,8,11.93,95.44
PO0111659,SUP06,DS08,SKU0181,2025-05-19,2025-05-25,2025-05-25,9,9,9.21,82.89
PO0111691,SUP06,DS08,SKU0181,2025-10-06,2025-10-12,2025-10-12,9,9,9.21,82.89
PO0111732,SUP06,DS08,SKU0181,2026-04-06,2026-04-12,2026-04-14,9,9,9.21,82.89
PO0112074,SUP08,DS08,SKU0257,2025-04-21,2025-04-28,2025-04-28,11,11,30.99,340.89
PO0112508,SUP08,DS08,SKU0236,2025-04-23,2025-04-30,2025-04-30,6,6,7.43,44.58
PO0112532,SUP08,DS08,SKU0236,2025-07-28,2025-08-04,2025-08-04,12,12,7.43,89.16
PO0112603,SUP08,DS08,SKU0236,2026-04-13,2026-04-20,2026-04-20,6,6,7.43,44.58
PO0112695,SUP08,DS08,SKU0242,2025-10-13,2025-10-20,2025-10-20,12,12,11.11,133.32
PO0112709,SUP08,DS08,SKU0242,2025-12-03,2025-12-10,2025-12-10,12,12,11.11,133.32
PO0112715,SUP08,DS08,SKU0242,2025-12-24,2025-12-31,2026-01-02,6,6,11.11,66.66
PO0112759,SUP08,DS08,SKU0242,2026-06-17,2026-06-24,2026-06-24,12,12,11.11,133.32
PO0112797,SUP08,DS08,SKU0251,2025-06-09,2025-06-16,2025-06-16,6,6,9.4,56.4
PO0112880,SUP08,DS08,SKU0251,2026-04-13,2026-04-20,2026-04-20,18,18,9.4,169.2
PO0112937,SUP06,DS08,SKU0147,2025-08-06,2025-08-12,2025-08-12,12,12,7.48,89.76
PO0112943,SUP06,DS08,SKU0147,2025-09-15,2025-09-21,2025-09-21,12,10,7.48,89.76
PO0113028,SUP08,DS08,SKU0230,2025-07-14,2025-07-21,2025-07-21,11,11,25.78,283.58
PO0113044,SUP08,DS08,SKU0230,2025-10-08,2025-10-15,2025-10-15,11,11,25.78,283.58
PO0113103,SUP07,DS08,SKU0200,2025-03-03,2025-03-08,2025-03-08,11,11,37.61,413.71
PO0113264,SUP08,DS08,SKU0225,2025-11-17,2025-11-24,2025-11-24,8,8,15.57,124.56
PO0113277,SUP08,DS08,SKU0225,2026-01-19,2026-01-26,2026-01-26,8,8,15.57,124.56
PO0113320,SUP02,DS08,SKU0046,2025-02-10,2025-02-12,2025-02-12,11,11,5.49,60.39
PO0113454,SUP04,DS08,SKU0092,2025-09-01,2025-09-02,2025-09-02,8,8,13.24,105.92
PO0113514,SUP08,DS08,SKU0240,2025-01-22,2025-01-29,2025-01-29,6,6,6.79,40.74
PO0113653,SUP08,DS08,SKU0260,2025-04-28,2025-05-05,2025-05-05,10,10,37.49,374.9
PO0113685,SUP08,DS08,SKU0260,2025-10-06,2025-10-13,2025-10-13,10,10,37.49,374.9
PO0113712,SUP08,DS08,SKU0260,2026-03-11,2026-03-18,2026-03-18,10,10,37.49,374.9
PO0113744,SUP08,DS08,SKU0264,2025-03-31,2025-04-07,2025-04-07,12,12,37.12,445.44
PO0113755,SUP08,DS08,SKU0264,2025-06-11,2025-06-18,2025-06-18,12,12,37.12,445.44
PO0113839,SUP08,DS08,SKU0226,2025-07-07,2025-07-14,2025-07-14,12,12,19.38,232.56
PO0114010,SUP04,DS08,SKU0086,2025-12-08,2025-12-09,2025-12-09,7,7,12.37,86.59
PO0114013,SUP04,DS08,SKU0086,2025-12-17,2025-12-18,2025-12-18,7,7,12.37,86.59
PO0114039,SUP04,DS08,SKU0086,2026-04-13,2026-04-14,2026-04-14,7,7,12.37,86.59
PO0114129,SUP01,DS08,SKU0022,2026-02-18,2026-02-20,2026-02-20,9,6,11.52,103.68
PO0114214,SUP07,DS08,SKU0198,2026-02-02,2026-02-07,2026-02-07,11,11,16.38,180.18
PO0114223,SUP07,DS08,SKU0198,2026-03-30,2026-04-04,2026-04-04,22,22,16.38,360.36
PO0114253,SUP06,DS08,SKU0138,2025-06-02,2025-06-08,2025-06-08,16,16,14.33,229.28
PO0114258,SUP06,DS08,SKU0138,2025-07-16,2025-07-22,2025-07-22,16,16,14.33,229.28
PO0114283,SUP06,DS08,SKU0138,2026-02-25,2026-03-03,2026-03-03,16,16,14.33,229.28
PO0114307,SUP07,DS08,SKU0194,2025-02-17,2025-02-22,2025-02-22,7,7,33.9,237.3
PO0114383,SUP07,DS08,SKU0194,2026-03-11,2026-03-16,2026-03-16,7,7,33.9,237.3
PO0114387,SUP07,DS08,SKU0194,2026-03-30,2026-04-04,2026-04-04,7,7,33.9,237.3
PO0114560,SUP05,DS08,SKU0128,2026-06-22,2026-06-26,2026-06-26,16,16,19.75,316.0
PO0114563,SUP02,DS08,SKU0035,2025-01-06,2025-01-08,2025-01-08,11,11,16.75,184.25
PO0114662,SUP02,DS08,SKU0059,2025-05-05,2025-05-07,2025-05-07,10,10,22.04,220.4
PO0114747,SUP03,DS08,SKU0079,2025-03-31,2025-04-03,2025-04-03,8,8,33.15,265.2
PO0114909,SUP02,DS08,SKU0037,2025-02-12,2025-02-14,2025-02-14,17,17,17.45,296.65
PO0114923,SUP02,DS08,SKU0037,2025-07-02,2025-07-04,2025-07-04,17,17,17.45,296.65
PO0115003,SUP06,DS08,SKU0179,2025-09-08,2025-09-14,2025-09-14,7,7,19.74,138.18
PO0115031,SUP06,DS08,SKU0179,2026-03-02,2026-03-08,2026-03-08,7,7,19.74,138.18
PO0115040,SUP06,DS08,SKU0179,2026-04-08,2026-04-14,2026-04-14,7,7,19.74,138.18
PO0115053,SUP06,DS08,SKU0179,2026-06-08,2026-06-14,2026-06-14,14,14,19.74,276.36
PO0115075,SUP04,DS08,SKU0210,2025-04-14,2025-04-15,2025-04-15,6,6,24.59,147.54
PO0115077,SUP04,DS08,SKU0210,2025-04-28,2025-04-29,2025-04-29,6,6,24.59,147.54
PO0115116,SUP04,DS08,SKU0210,2025-12-24,2025-12-25,2025-12-25,6,6,24.59,147.54
PO0115197,SUP03,DS08,SKU0063,2025-09-15,2025-09-18,2025-09-18,5,5,41.59,207.95
PO0115240,SUP03,DS08,SKU0063,2026-04-08,2026-04-11,2026-04-11,5,5,41.59,207.95
PO0115282,SUP01,DS08,SKU0002,2025-07-21,2025-07-23,2025-07-23,12,12,11.62,139.44
PO0115318,SUP01,DS08,SKU0002,2026-04-27,2026-04-29,2026-05-02,12,12,11.62,139.44
PO0115323,SUP01,DS08,SKU0002,2026-06-08,2026-06-10,2026-06-11,12,12,11.62,139.44
PO0115462,SUP04,DS08,SKU0207,2025-09-03,2025-09-04,2025-09-04,6,6,14.97,89.82
PO0115515,SUP04,DS08,SKU0207,2026-06-29,2026-06-30,2026-06-30,6,6,14.97,89.82
PO0115575,SUP04,DS08,SKU0091,2026-02-16,2026-02-17,2026-02-17,9,9,11.99,107.91
PO0115631,SUP04,DS08,SKU0213,2025-08-13,2025-08-14,2025-08-14,6,6,12.99,77.94
PO0115768,SUP03,DS08,SKU0068,2025-04-09,2025-04-12,2025-04-12,8,8,50.9,407.2
PO0115929,SUP04,DS08,SKU0215,2025-04-16,2025-04-17,2025-04-17,7,7,23.43,164.01
PO0115956,SUP04,DS08,SKU0215,2025-09-15,2025-09-16,2025-09-16,7,6,23.43,164.01
PO0116094,SUP07,DS08,SKU0191,2025-09-08,2025-09-13,2025-09-13,10,10,28.89,288.9
PO0116117,SUP07,DS08,SKU0191,2026-02-23,2026-02-28,2026-02-28,10,10,28.89,288.9
PO0116118,SUP07,DS08,SKU0191,2026-03-02,2026-03-07,2026-03-07,10,10,28.89,288.9
PO0116131,SUP07,DS08,SKU0191,2026-06-01,2026-06-06,2026-06-06,10,10,28.89,288.9
PO0116209,SUP08,DS08,SKU0238,2026-03-23,2026-03-30,2026-03-30,7,7,29.64,207.48
PO0116286,SUP04,DS08,SKU0205,2025-03-31,2025-04-01,2025-04-01,5,5,23.96,119.8
PO0116385,SUP04,DS08,SKU0205,2026-06-17,2026-06-18,2026-06-18,5,5,23.96,119.8
PO0116432,SUP06,DS08,SKU0131,2025-06-30,2025-07-06,2025-07-06,19,19,17.2,326.8
PO0116456,SUP05,DS08,SKU0115,2025-01-01,2025-01-05,2025-01-05,16,16,2.42,38.72
PO0116481,SUP05,DS08,SKU0115,2025-12-17,2025-12-21,2025-12-21,16,16,2.42,38.72
PO0116565,SUP03,DS08,SKU0073,2025-01-27,2025-01-30,2025-01-30,4,4,13.21,52.84
PO0116753,SUP03,DS08,SKU0069,2025-01-29,2025-02-01,2025-02-01,4,4,47.96,191.84
PO0116801,SUP03,DS08,SKU0069,2025-09-22,2025-09-25,2025-09-25,4,4,47.96,191.84
PO0116879,SUP02,DS08,SKU0052,2025-08-27,2025-08-29,2025-08-29,10,10,12.38,123.8
PO0116947,SUP01,DS08,SKU0028,2025-09-24,2025-09-26,2025-09-26,8,8,5.7,45.6
PO0117075,SUP08,DS08,SKU0239,2025-12-15,2025-12-22,2025-12-22,8,8,37.3,298.4
PO0117111,SUP01,DS08,SKU0029,2025-03-17,2025-03-19,2025-03-19,8,7,21.46,171.68
PO0117160,SUP01,DS08,SKU0029,2026-04-20,2026-04-22,2026-04-22,8,8,21.46,171.68
PO0117183,SUP01,DS08,SKU0006,2025-04-02,2025-04-04,2025-04-04,10,10,15.7,157.0
PO0117187,SUP01,DS08,SKU0006,2025-05-05,2025-05-07,2025-05-07,10,10,15.7,157.0
PO0117194,SUP01,DS08,SKU0006,2025-06-23,2025-06-25,2025-06-25,10,10,15.7,157.0
PO0117221,SUP01,DS08,SKU0006,2025-12-29,2025-12-31,2025-12-31,10,10,15.7,157.0
PO0117297,SUP06,DS08,SKU0174,2025-04-07,2025-04-13,2025-04-13,7,7,37.74,264.18
PO0117366,SUP03,DS08,SKU0082,2025-04-21,2025-04-24,2025-04-24,7,7,26.06,182.42
PO0117420,SUP03,DS08,SKU0082,2026-06-08,2026-06-11,2026-06-11,7,7,26.06,182.42
PO0117509,SUP06,DS08,SKU0144,2025-04-30,2025-05-06,2025-05-06,14,14,13.18,184.52
PO0117577,SUP07,DS08,SKU0188,2025-01-27,2025-02-01,2025-02-01,8,8,38.92,311.36
PO0117651,SUP06,DS08,SKU0149,2026-01-05,2026-01-11,2026-01-11,24,24,3.75,90.0
PO0117721,SUP04,DS08,SKU0099,2026-03-16,2026-03-17,2026-03-17,10,10,10.45,104.5
PO0117906,SUP08,DS08,SKU0232,2026-05-06,2026-05-13,2026-05-13,10,10,28.23,282.3
PO0118056,SUP01,DS08,SKU0001,2025-07-14,2025-07-16,2025-07-16,6,6,4.07,24.42
PO0118183,SUP01,DS08,SKU0004,2025-11-03,2025-11-05,2025-11-05,9,9,8.6,77.4
PO0118235,SUP02,DS08,SKU0038,2025-12-22,2025-12-24,2025-12-24,16,16,18.51,296.16
PO0118313,SUP01,DS08,SKU0015,2025-03-31,2025-04-02,2025-04-02,11,11,18.01,198.11
PO0118342,SUP01,DS08,SKU0015,2026-01-21,2026-01-23,2026-01-23,11,11,18.01,198.11
PO0118639,SUP01,DS08,SKU0009,2025-02-19,2025-02-21,2025-02-21,8,8,4.73,37.84
PO0118659,SUP01,DS08,SKU0009,2025-09-15,2025-09-17,2025-09-17,8,8,4.73,37.84
PO0118774,SUP08,DS08,SKU0254,2025-04-16,2025-04-23,2025-04-23,11,11,6.75,74.25
PO0118825,SUP02,DS08,SKU0054,2026-04-01,2026-04-03,2026-04-03,15,15,15.44,231.6
PO0118858,SUP06,DS08,SKU0159,2025-12-08,2025-12-14,2025-12-14,9,9,36.68,330.12
PO0118910,SUP04,DS08,SKU0093,2025-04-14,2025-04-15,2025-04-15,10,10,3.65,36.5
PO0118957,SUP04,DS08,SKU0093,2026-03-09,2026-03-10,2026-03-10,10,10,3.65,36.5
PO0119014,SUP04,DS08,SKU0100,2025-03-24,2025-03-25,2025-03-25,10,10,4.5,45.0
PO0119122,SUP03,DS08,SKU0070,2025-03-05,2025-03-08,2025-03-08,5,5,16.1,80.5
PO0119200,SUP04,DS08,SKU0204,2025-03-26,2025-03-27,2025-03-27,7,7,17.64,123.48
PO0119316,SUP07,DS08,SKU0183,2026-05-20,2026-05-25,2026-05-25,7,7,12.43,87.01
PO0119349,SUP06,DS08,SKU0168,2026-02-23,2026-03-01,2026-03-01,11,11,31.15,342.65
